<?xml version="1.0" encoding="UTF-8"?>
<kml xmlns="http://www.opengis.net/kml/2.2">
  <Document>
    <name>Road Trip 2026</name>
    <description/>
    <Style id="icon-1521-FF5252-nodesc-normal">
      <IconStyle>
        <color>ff5252ff</color>
        <scale>1</scale>
        <Icon>
          <href>https://www.gstatic.com/mapspro/images/stock/503-wht-blank_maps.png</href>
        </Icon>
      </IconStyle>
      <LabelStyle>
        <scale>0</scale>
      </LabelStyle>
      <BalloonStyle>
        <text><![CDATA[<h3>$[name]</h3>]]></text>
      </BalloonStyle>
    </Style>
    <Style id="icon-1521-FF5252-nodesc-highlight">
      <IconStyle>
        <color>ff5252ff</color>
        <scale>1</scale>
        <Icon>
          <href>https://www.gstatic.com/mapspro/images/stock/503-wht-blank_maps.png</href>
        </Icon>
      </IconStyle>
      <LabelStyle>
        <scale>1</scale>
      </LabelStyle>
      <BalloonStyle>
        <text><![CDATA[<h3>$[name]</h3>]]></text>
      </BalloonStyle>
    </Style>
    <StyleMap id="icon-1521-FF5252-nodesc">
      <Pair>
        <key>normal</key>
        <styleUrl>#icon-1521-FF5252-nodesc-normal</styleUrl>
      </Pair>
      <Pair>
        <key>highlight</key>
        <styleUrl>#icon-1521-FF5252-nodesc-highlight</styleUrl>
      </Pair>
    </StyleMap>
    <Style id="icon-1535-817717-nodesc-normal">
      <IconStyle>
        <color>ff177781</color>
        <scale>1</scale>
        <Icon>
          <href>https://www.gstatic.com/mapspro/images/stock/503-wht-blank_maps.png</href>
        </Icon>
      </IconStyle>
      <LabelStyle>
        <scale>0</scale>
      </LabelStyle>
      <BalloonStyle>
        <text><![CDATA[<h3>$[name]</h3>]]></text>
      </BalloonStyle>
    </Style>
    <Style id="icon-1535-817717-nodesc-highlight">
      <IconStyle>
        <color>ff177781</color>
        <scale>1</scale>
        <Icon>
          <href>https://www.gstatic.com/mapspro/images/stock/503-wht-blank_maps.png</href>
        </Icon>
      </IconStyle>
      <LabelStyle>
        <scale>1</scale>
      </LabelStyle>
      <BalloonStyle>
        <text><![CDATA[<h3>$[name]</h3>]]></text>
      </BalloonStyle>
    </Style>
    <StyleMap id="icon-1535-817717-nodesc">
      <Pair>
        <key>normal</key>
        <styleUrl>#icon-1535-817717-nodesc-normal</styleUrl>
      </Pair>
      <Pair>
        <key>highlight</key>
        <styleUrl>#icon-1535-817717-nodesc-highlight</styleUrl>
      </Pair>
    </StyleMap>
    <Style id="icon-1535-FFD600-nodesc-normal">
      <IconStyle>
        <color>ff00d6ff</color>
        <scale>1</scale>
        <Icon>
          <href>https://www.gstatic.com/mapspro/images/stock/503-wht-blank_maps.png</href>
        </Icon>
      </IconStyle>
      <LabelStyle>
        <scale>0</scale>
      </LabelStyle>
      <BalloonStyle>
        <text><![CDATA[<h3>$[name]</h3>]]></text>
      </BalloonStyle>
    </Style>
    <Style id="icon-1535-FFD600-nodesc-highlight">
      <IconStyle>
        <color>ff00d6ff</color>
        <scale>1</scale>
        <Icon>
          <href>https://www.gstatic.com/mapspro/images/stock/503-wht-blank_maps.png</href>
        </Icon>
      </IconStyle>
      <LabelStyle>
        <scale>1</scale>
      </LabelStyle>
      <BalloonStyle>
        <text><![CDATA[<h3>$[name]</h3>]]></text>
      </BalloonStyle>
    </Style>
    <StyleMap id="icon-1535-FFD600-nodesc">
      <Pair>
        <key>normal</key>
        <styleUrl>#icon-1535-FFD600-nodesc-normal</styleUrl>
      </Pair>
      <Pair>
        <key>highlight</key>
        <styleUrl>#icon-1535-FFD600-nodesc-highlight</styleUrl>
      </Pair>
    </StyleMap>
    <Style id="icon-1535-FFEA00-nodesc-normal">
      <IconStyle>
        <color>ff00eaff</color>
        <scale>1</scale>
        <Icon>
          <href>https://www.gstatic.com/mapspro/images/stock/503-wht-blank_maps.png</href>
        </Icon>
      </IconStyle>
      <LabelStyle>
        <scale>0</scale>
      </LabelStyle>
      <BalloonStyle>
        <text><![CDATA[<h3>$[name]</h3>]]></text>
      </BalloonStyle>
    </Style>
    <Style id="icon-1535-FFEA00-nodesc-highlight">
      <IconStyle>
        <color>ff00eaff</color>
        <scale>1</scale>
        <Icon>
          <href>https://www.gstatic.com/mapspro/images/stock/503-wht-blank_maps.png</href>
        </Icon>
      </IconStyle>
      <LabelStyle>
        <scale>1</scale>
      </LabelStyle>
      <BalloonStyle>
        <text><![CDATA[<h3>$[name]</h3>]]></text>
      </BalloonStyle>
    </Style>
    <StyleMap id="icon-1535-FFEA00-nodesc">
      <Pair>
        <key>normal</key>
        <styleUrl>#icon-1535-FFEA00-nodesc-normal</styleUrl>
      </Pair>
      <Pair>
        <key>highlight</key>
        <styleUrl>#icon-1535-FFEA00-nodesc-highlight</styleUrl>
      </Pair>
    </StyleMap>
    <Style id="icon-1547-673AB7-nodesc-normal">
      <IconStyle>
        <color>ffb73a67</color>
        <scale>1</scale>
        <Icon>
          <href>https://www.gstatic.com/mapspro/images/stock/503-wht-blank_maps.png</href>
        </Icon>
      </IconStyle>
      <LabelStyle>
        <scale>0</scale>
      </LabelStyle>
      <BalloonStyle>
        <text><![CDATA[<h3>$[name]</h3>]]></text>
      </BalloonStyle>
    </Style>
    <Style id="icon-1547-673AB7-nodesc-highlight">
      <IconStyle>
        <color>ffb73a67</color>
        <scale>1</scale>
        <Icon>
          <href>https://www.gstatic.com/mapspro/images/stock/503-wht-blank_maps.png</href>
        </Icon>
      </IconStyle>
      <LabelStyle>
        <scale>1</scale>
      </LabelStyle>
      <BalloonStyle>
        <text><![CDATA[<h3>$[name]</h3>]]></text>
      </BalloonStyle>
    </Style>
    <StyleMap id="icon-1547-673AB7-nodesc">
      <Pair>
        <key>normal</key>
        <styleUrl>#icon-1547-673AB7-nodesc-normal</styleUrl>
      </Pair>
      <Pair>
        <key>highlight</key>
        <styleUrl>#icon-1547-673AB7-nodesc-highlight</styleUrl>
      </Pair>
    </StyleMap>
    <Style id="icon-1577-673AB7-nodesc-normal">
      <IconStyle>
        <color>ffb73a67</color>
        <scale>1</scale>
        <Icon>
          <href>https://www.gstatic.com/mapspro/images/stock/503-wht-blank_maps.png</href>
        </Icon>
      </IconStyle>
      <LabelStyle>
        <scale>0</scale>
      </LabelStyle>
      <BalloonStyle>
        <text><![CDATA[<h3>$[name]</h3>]]></text>
      </BalloonStyle>
    </Style>
    <Style id="icon-1577-673AB7-nodesc-highlight">
      <IconStyle>
        <color>ffb73a67</color>
        <scale>1</scale>
        <Icon>
          <href>https://www.gstatic.com/mapspro/images/stock/503-wht-blank_maps.png</href>
        </Icon>
      </IconStyle>
      <LabelStyle>
        <scale>1</scale>
      </LabelStyle>
      <BalloonStyle>
        <text><![CDATA[<h3>$[name]</h3>]]></text>
      </BalloonStyle>
    </Style>
    <StyleMap id="icon-1577-673AB7-nodesc">
      <Pair>
        <key>normal</key>
        <styleUrl>#icon-1577-673AB7-nodesc-normal</styleUrl>
      </Pair>
      <Pair>
        <key>highlight</key>
        <styleUrl>#icon-1577-673AB7-nodesc-highlight</styleUrl>
      </Pair>
    </StyleMap>
    <Style id="icon-1596-9C27B0-normal">
      <IconStyle>
        <color>ffb0279c</color>
        <scale>1</scale>
        <Icon>
          <href>https://www.gstatic.com/mapspro/images/stock/503-wht-blank_maps.png</href>
        </Icon>
      </IconStyle>
      <LabelStyle>
        <scale>0</scale>
      </LabelStyle>
    </Style>
    <Style id="icon-1596-9C27B0-highlight">
      <IconStyle>
        <color>ffb0279c</color>
        <scale>1</scale>
        <Icon>
          <href>https://www.gstatic.com/mapspro/images/stock/503-wht-blank_maps.png</href>
        </Icon>
      </IconStyle>
      <LabelStyle>
        <scale>1</scale>
      </LabelStyle>
    </Style>
    <StyleMap id="icon-1596-9C27B0">
      <Pair>
        <key>normal</key>
        <styleUrl>#icon-1596-9C27B0-normal</styleUrl>
      </Pair>
      <Pair>
        <key>highlight</key>
        <styleUrl>#icon-1596-9C27B0-highlight</styleUrl>
      </Pair>
    </StyleMap>
    <Style id="icon-1596-FF5252-nodesc-normal">
      <IconStyle>
        <color>ff5252ff</color>
        <scale>1</scale>
        <Icon>
          <href>https://www.gstatic.com/mapspro/images/stock/503-wht-blank_maps.png</href>
        </Icon>
      </IconStyle>
      <LabelStyle>
        <scale>0</scale>
      </LabelStyle>
      <BalloonStyle>
        <text><![CDATA[<h3>$[name]</h3>]]></text>
      </BalloonStyle>
    </Style>
    <Style id="icon-1596-FF5252-nodesc-highlight">
      <IconStyle>
        <color>ff5252ff</color>
        <scale>1</scale>
        <Icon>
          <href>https://www.gstatic.com/mapspro/images/stock/503-wht-blank_maps.png</href>
        </Icon>
      </IconStyle>
      <LabelStyle>
        <scale>1</scale>
      </LabelStyle>
      <BalloonStyle>
        <text><![CDATA[<h3>$[name]</h3>]]></text>
      </BalloonStyle>
    </Style>
    <StyleMap id="icon-1596-FF5252-nodesc">
      <Pair>
        <key>normal</key>
        <styleUrl>#icon-1596-FF5252-nodesc-normal</styleUrl>
      </Pair>
      <Pair>
        <key>highlight</key>
        <styleUrl>#icon-1596-FF5252-nodesc-highlight</styleUrl>
      </Pair>
    </StyleMap>
    <Style id="icon-1599-673AB7-nodesc-normal">
      <IconStyle>
        <color>ffb73a67</color>
        <scale>1</scale>
        <Icon>
          <href>https://www.gstatic.com/mapspro/images/stock/503-wht-blank_maps.png</href>
        </Icon>
      </IconStyle>
      <LabelStyle>
        <scale>0</scale>
      </LabelStyle>
      <BalloonStyle>
        <text><![CDATA[<h3>$[name]</h3>]]></text>
      </BalloonStyle>
    </Style>
    <Style id="icon-1599-673AB7-nodesc-highlight">
      <IconStyle>
        <color>ffb73a67</color>
        <scale>1</scale>
        <Icon>
          <href>https://www.gstatic.com/mapspro/images/stock/503-wht-blank_maps.png</href>
        </Icon>
      </IconStyle>
      <LabelStyle>
        <scale>1</scale>
      </LabelStyle>
      <BalloonStyle>
        <text><![CDATA[<h3>$[name]</h3>]]></text>
      </BalloonStyle>
    </Style>
    <StyleMap id="icon-1599-673AB7-nodesc">
      <Pair>
        <key>normal</key>
        <styleUrl>#icon-1599-673AB7-nodesc-normal</styleUrl>
      </Pair>
      <Pair>
        <key>highlight</key>
        <styleUrl>#icon-1599-673AB7-nodesc-highlight</styleUrl>
      </Pair>
    </StyleMap>
    <Style id="icon-1899-0097A7-nodesc-normal">
      <IconStyle>
        <color>ffa79700</color>
        <scale>1</scale>
        <Icon>
          <href>https://www.gstatic.com/mapspro/images/stock/503-wht-blank_maps.png</href>
        </Icon>
        <hotSpot x="32" xunits="pixels" y="64" yunits="insetPixels"/>
      </IconStyle>
      <LabelStyle>
        <scale>0</scale>
      </LabelStyle>
      <BalloonStyle>
        <text><![CDATA[<h3>$[name]</h3>]]></text>
      </BalloonStyle>
    </Style>
    <Style id="icon-1899-0097A7-nodesc-highlight">
      <IconStyle>
        <color>ffa79700</color>
        <scale>1</scale>
        <Icon>
          <href>https://www.gstatic.com/mapspro/images/stock/503-wht-blank_maps.png</href>
        </Icon>
        <hotSpot x="32" xunits="pixels" y="64" yunits="insetPixels"/>
      </IconStyle>
      <LabelStyle>
        <scale>1</scale>
      </LabelStyle>
      <BalloonStyle>
        <text><![CDATA[<h3>$[name]</h3>]]></text>
      </BalloonStyle>
    </Style>
    <StyleMap id="icon-1899-0097A7-nodesc">
      <Pair>
        <key>normal</key>
        <styleUrl>#icon-1899-0097A7-nodesc-normal</styleUrl>
      </Pair>
      <Pair>
        <key>highlight</key>
        <styleUrl>#icon-1899-0097A7-nodesc-highlight</styleUrl>
      </Pair>
    </StyleMap>
    <Style id="icon-1899-673AB7-nodesc-normal">
      <IconStyle>
        <color>ffb73a67</color>
        <scale>1</scale>
        <Icon>
          <href>https://www.gstatic.com/mapspro/images/stock/503-wht-blank_maps.png</href>
        </Icon>
        <hotSpot x="32" xunits="pixels" y="64" yunits="insetPixels"/>
      </IconStyle>
      <LabelStyle>
        <scale>0</scale>
      </LabelStyle>
      <BalloonStyle>
        <text><![CDATA[<h3>$[name]</h3>]]></text>
      </BalloonStyle>
    </Style>
    <Style id="icon-1899-673AB7-nodesc-highlight">
      <IconStyle>
        <color>ffb73a67</color>
        <scale>1</scale>
        <Icon>
          <href>https://www.gstatic.com/mapspro/images/stock/503-wht-blank_maps.png</href>
        </Icon>
        <hotSpot x="32" xunits="pixels" y="64" yunits="insetPixels"/>
      </IconStyle>
      <LabelStyle>
        <scale>1</scale>
      </LabelStyle>
      <BalloonStyle>
        <text><![CDATA[<h3>$[name]</h3>]]></text>
      </BalloonStyle>
    </Style>
    <StyleMap id="icon-1899-673AB7-nodesc">
      <Pair>
        <key>normal</key>
        <styleUrl>#icon-1899-673AB7-nodesc-normal</styleUrl>
      </Pair>
      <Pair>
        <key>highlight</key>
        <styleUrl>#icon-1899-673AB7-nodesc-highlight</styleUrl>
      </Pair>
    </StyleMap>
    <Style id="icon-1899-DB4436-nodesc-normal">
      <IconStyle>
        <color>ff3644db</color>
        <scale>1</scale>
        <Icon>
          <href>https://www.gstatic.com/mapspro/images/stock/503-wht-blank_maps.png</href>
        </Icon>
        <hotSpot x="32" xunits="pixels" y="64" yunits="insetPixels"/>
      </IconStyle>
      <LabelStyle>
        <scale>0</scale>
      </LabelStyle>
      <BalloonStyle>
        <text><![CDATA[<h3>$[name]</h3>]]></text>
      </BalloonStyle>
    </Style>
    <Style id="icon-1899-DB4436-nodesc-highlight">
      <IconStyle>
        <color>ff3644db</color>
        <scale>1</scale>
        <Icon>
          <href>https://www.gstatic.com/mapspro/images/stock/503-wht-blank_maps.png</href>
        </Icon>
        <hotSpot x="32" xunits="pixels" y="64" yunits="insetPixels"/>
      </IconStyle>
      <LabelStyle>
        <scale>1</scale>
      </LabelStyle>
      <BalloonStyle>
        <text><![CDATA[<h3>$[name]</h3>]]></text>
      </BalloonStyle>
    </Style>
    <StyleMap id="icon-1899-DB4436-nodesc">
      <Pair>
        <key>normal</key>
        <styleUrl>#icon-1899-DB4436-nodesc-normal</styleUrl>
      </Pair>
      <Pair>
        <key>highlight</key>
        <styleUrl>#icon-1899-DB4436-nodesc-highlight</styleUrl>
      </Pair>
    </StyleMap>
    <Style id="icon-1899-FF5252-nodesc-normal">
      <IconStyle>
        <color>ff5252ff</color>
        <scale>1</scale>
        <Icon>
          <href>https://www.gstatic.com/mapspro/images/stock/503-wht-blank_maps.png</href>
        </Icon>
        <hotSpot x="32" xunits="pixels" y="64" yunits="insetPixels"/>
      </IconStyle>
      <LabelStyle>
        <scale>0</scale>
      </LabelStyle>
      <BalloonStyle>
        <text><![CDATA[<h3>$[name]</h3>]]></text>
      </BalloonStyle>
    </Style>
    <Style id="icon-1899-FF5252-nodesc-highlight">
      <IconStyle>
        <color>ff5252ff</color>
        <scale>1</scale>
        <Icon>
          <href>https://www.gstatic.com/mapspro/images/stock/503-wht-blank_maps.png</href>
        </Icon>
        <hotSpot x="32" xunits="pixels" y="64" yunits="insetPixels"/>
      </IconStyle>
      <LabelStyle>
        <scale>1</scale>
      </LabelStyle>
      <BalloonStyle>
        <text><![CDATA[<h3>$[name]</h3>]]></text>
      </BalloonStyle>
    </Style>
    <StyleMap id="icon-1899-FF5252-nodesc">
      <Pair>
        <key>normal</key>
        <styleUrl>#icon-1899-FF5252-nodesc-normal</styleUrl>
      </Pair>
      <Pair>
        <key>highlight</key>
        <styleUrl>#icon-1899-FF5252-nodesc-highlight</styleUrl>
      </Pair>
    </StyleMap>
    <Style id="line-1267FF-5000-nodesc-normal">
      <LineStyle>
        <color>ffff6712</color>
        <width>5</width>
      </LineStyle>
      <BalloonStyle>
        <text><![CDATA[<h3>$[name]</h3>]]></text>
      </BalloonStyle>
    </Style>
    <Style id="line-1267FF-5000-nodesc-highlight">
      <LineStyle>
        <color>ffff6712</color>
        <width>7.5</width>
      </LineStyle>
      <BalloonStyle>
        <text><![CDATA[<h3>$[name]</h3>]]></text>
      </BalloonStyle>
    </Style>
    <StyleMap id="line-1267FF-5000-nodesc">
      <Pair>
        <key>normal</key>
        <styleUrl>#line-1267FF-5000-nodesc-normal</styleUrl>
      </Pair>
      <Pair>
        <key>highlight</key>
        <styleUrl>#line-1267FF-5000-nodesc-highlight</styleUrl>
      </Pair>
    </StyleMap>
    <Folder>
      <name>Directions from Gdańsk to Camping Il Boschetto di Piemma, Località S. Lucia, San Gimignano, Province of Siena, Italy</name>
      <Placemark>
        <name>Directions from Gdańsk to Camping Il Boschetto di Piemma, Località S. Lucia, San Gimignano, Province of Siena, Italy</name>
        <styleUrl>#line-1267FF-5000-nodesc</styleUrl>
        <LineString>
          <tessellate>1</tessellate>
          <coordinates>
            18.64663,54.35202,0
            18.64661,54.35207,0
            18.64621,54.35208,0
            18.64596,54.35205,0
            18.64598,54.35189,0
            18.64599,54.35188,0
            18.64606,54.3514,0
            18.64605,54.35106,0
            18.64542,54.34904,0
            18.64521,54.34854,0
            18.64512,54.34822,0
            18.64509,54.34793,0
            18.64504,54.34773,0
            18.64507,54.34741,0
            18.64508,54.34739,0
            18.64509,54.34728,0
            18.64514,54.34714,0
            18.64532,54.34615,0
            18.6453,54.34533,0
            18.64514,54.34446,0
            18.64514,54.34437,0
            18.64486,54.34385,0
            18.64465,54.34362,0
            18.64289,54.34223,0
            18.64218,54.34149,0
            18.63801,54.338,0
            18.63778,54.33775,0
            18.63616,54.33564,0
            18.63568,54.33485,0
            18.63505,54.33317,0
            18.63445,54.33229,0
            18.63427,54.33184,0
            18.63411,54.33042,0
            18.63413,54.32996,0
            18.6341,54.32937,0
            18.63391,54.32865,0
            18.63343,54.32732,0
            18.63291,54.3262,0
            18.63249,54.32544,0
            18.63168,54.32357,0
            18.6311,54.32279,0
            18.63086,54.32232,0
            18.63056,54.32109,0
            18.63058,54.32098,0
            18.63038,54.31989,0
            18.62935,54.31691,0
            18.62927,54.31621,0
            18.62922,54.31612,0
            18.62915,54.31538,0
            18.62915,54.31448,0
            18.62925,54.31311,0
            18.62986,54.31021,0
            18.62991,54.30979,0
            18.6299,54.3095,0
            18.62987,54.3094,0
            18.62987,54.30852,0
            18.62985,54.30847,0
            18.62984,54.30835,0
            18.63002,54.30648,0
            18.63121,54.30152,0
            18.63122,54.30151,0
            18.63145,54.30065,0
            18.63173,54.29998,0
            18.63208,54.29933,0
            18.63219,54.29936,0
            18.63234,54.29935,0
            18.63377,54.29956,0
            18.63403,54.29956,0
            18.63444,54.29944,0
            18.63447,54.29941,0
            18.63453,54.29938,0
            18.63461,54.29931,0
            18.63471,54.29911,0
            18.6347,54.29898,0
            18.63464,54.29886,0
            18.63453,54.29875,0
            18.63424,54.29856,0
            18.6342,54.29847,0
            18.6329,54.29779,0
            18.62864,54.2959,0
            18.62526,54.29469,0
            18.61846,54.29262,0
            18.61537,54.29181,0
            18.612,54.2911,0
            18.60703,54.29037,0
            18.60368,54.2901,0
            18.59937,54.28997,0
            18.59664,54.29,0
            18.59425,54.29022,0
            18.58868,54.29034,0
            18.58542,54.29023,0
            18.58495,54.29029,0
            18.58454,54.2905,0
            18.58449,54.29056,0
            18.58446,54.29065,0
            18.58446,54.29075,0
            18.5845,54.29086,0
            18.58457,54.29097,0
            18.58465,54.29104,0
            18.58484,54.29114,0
            18.58502,54.29119,0
            18.5854,54.29122,0
            18.5857,54.29116,0
            18.58614,54.29097,0
            18.58951,54.28485,0
            18.59067,54.28228,0
            18.59303,54.27579,0
            18.59365,54.27451,0
            18.59408,54.27333,0
            18.5946,54.27225,0
            18.59489,54.27185,0
            18.59504,54.27174,0
            18.59558,54.27107,0
            18.59593,54.27074,0
            18.59674,54.2701,0
            18.59761,54.26952,0
            18.59882,54.2689,0
            18.60448,54.26637,0
            18.60548,54.26586,0
            18.60724,54.26472,0
            18.60821,54.26389,0
            18.60939,54.26255,0
            18.61001,54.26152,0
            18.61032,54.26073,0
            18.61058,54.25975,0
            18.61066,54.25861,0
            18.61054,54.25715,0
            18.60832,54.23962,0
            18.60828,54.23787,0
            18.60846,54.23616,0
            18.60869,54.23505,0
            18.60907,54.23383,0
            18.60969,54.23234,0
            18.61097,54.22975,0
            18.61194,54.22756,0
            18.6123,54.22641,0
            18.61253,54.22506,0
            18.61381,54.21315,0
            18.61401,54.21217,0
            18.61432,54.21108,0
            18.61484,54.20982,0
            18.61573,54.20823,0
            18.61679,54.20679,0
            18.61834,54.2051,0
            18.6274,54.19662,0
            18.62962,54.19428,0
            18.63083,54.1928,0
            18.63259,54.19044,0
            18.63421,54.18848,0
            18.63422,54.18848,0
            18.6348,54.18785,0
            18.63744,54.18556,0
            18.63847,54.18478,0
            18.64538,54.18026,0
            18.64692,54.17914,0
            18.64827,54.178,0
            18.64921,54.17709,0
            18.6505,54.17558,0
            18.65097,54.17492,0
            18.65098,54.17492,0
            18.6521,54.17297,0
            18.65857,54.15709,0
            18.65917,54.15595,0
            18.65984,54.15489,0
            18.66056,54.15393,0
            18.66259,54.15177,0
            18.66989,54.14481,0
            18.67096,54.14369,0
            18.672,54.14247,0
            18.67358,54.14024,0
            18.67483,54.13795,0
            18.67866,54.12977,0
            18.67953,54.12809,0
            18.68098,54.12563,0
            18.68242,54.12363,0
            18.68831,54.11628,0
            18.68988,54.11399,0
            18.69068,54.11258,0
            18.69108,54.11175,0
            18.69148,54.11071,0
            18.69163,54.11041,0
            18.69185,54.10963,0
            18.69215,54.10814,0
            18.69225,54.1073,0
            18.69231,54.10585,0
            18.69134,54.08553,0
            18.69111,54.08353,0
            18.69093,54.08269,0
            18.69092,54.08268,0
            18.69067,54.08186,0
            18.69016,54.08073,0
            18.68963,54.07984,0
            18.6886,54.0785,0
            18.68789,54.07777,0
            18.68701,54.07698,0
            18.68578,54.07604,0
            18.68443,54.07517,0
            18.68231,54.074,0
            18.67918,54.07243,0
            18.67778,54.07164,0
            18.67619,54.07056,0
            18.67556,54.07006,0
            18.67424,54.06885,0
            18.67346,54.0679,0
            18.67268,54.06671,0
            18.6723,54.06599,0
            18.67197,54.06517,0
            18.67172,54.06435,0
            18.67151,54.06309,0
            18.67143,54.06167,0
            18.6713,54.03539,0
            18.67112,54.03357,0
            18.67068,54.03102,0
            18.66982,54.02808,0
            18.6689,54.02579,0
            18.65879,54.00645,0
            18.65786,54.00422,0
            18.65724,54.00241,0
            18.65666,54.00016,0
            18.65628,53.99775,0
            18.65617,53.99664,0
            18.65613,53.99473,0
            18.65626,53.99245,0
            18.65749,53.98564,0
            18.65797,53.9823,0
            18.65919,53.97637,0
            18.6595,53.97435,0
            18.65964,53.97292,0
            18.6596,53.97101,0
            18.65944,53.96967,0
            18.65909,53.96826,0
            18.6587,53.96721,0
            18.65863,53.96711,0
            18.65796,53.96562,0
            18.65746,53.9647,0
            18.65615,53.96276,0
            18.64822,53.95392,0
            18.64639,53.95143,0
            18.64582,53.95055,0
            18.64462,53.9484,0
            18.64393,53.94688,0
            18.64317,53.94475,0
            18.64282,53.94353,0
            18.64137,53.93615,0
            18.6407,53.93193,0
            18.6406,53.93036,0
            18.64064,53.92877,0
            18.64094,53.92613,0
            18.64182,53.92298,0
            18.64245,53.92132,0
            18.64268,53.92055,0
            18.6447,53.91575,0
            18.64496,53.91486,0
            18.64525,53.91348,0
            18.64531,53.91286,0
            18.64532,53.91099,0
            18.64518,53.91005,0
            18.64481,53.9084,0
            18.64389,53.9061,0
            18.64285,53.90441,0
            18.64078,53.90152,0
            18.64054,53.90111,0
            18.63988,53.9002,0
            18.63921,53.89945,0
            18.63774,53.89755,0
            18.63704,53.89653,0
            18.62982,53.88699,0
            18.62911,53.88592,0
            18.62867,53.88515,0
            18.62789,53.88352,0
            18.62787,53.8834,0
            18.62789,53.88332,0
            18.62787,53.8832,0
            18.62772,53.88288,0
            18.6273,53.88143,0
            18.62707,53.88033,0
            18.62691,53.87854,0
            18.62695,53.87717,0
            18.62728,53.87524,0
            18.62893,53.86949,0
            18.62894,53.86949,0
            18.63008,53.86551,0
            18.63055,53.86325,0
            18.63065,53.86219,0
            18.63063,53.86116,0
            18.63046,53.85978,0
            18.63022,53.85878,0
            18.62952,53.85689,0
            18.62771,53.85305,0
            18.62701,53.8513,0
            18.62656,53.84967,0
            18.62634,53.84819,0
            18.62627,53.84635,0
            18.62632,53.84558,0
            18.62659,53.8436,0
            18.62982,53.8249,0
            18.62989,53.82369,0
            18.62986,53.82211,0
            18.6297,53.82063,0
            18.6294,53.81921,0
            18.62892,53.81761,0
            18.62765,53.81446,0
            18.62723,53.81357,0
            18.62615,53.81078,0
            18.62542,53.80832,0
            18.62517,53.8072,0
            18.62475,53.80422,0
            18.62467,53.80245,0
            18.62473,53.80039,0
            18.62491,53.79858,0
            18.6252,53.79687,0
            18.62588,53.79411,0
            18.63458,53.76506,0
            18.63501,53.76327,0
            18.63521,53.76213,0
            18.63542,53.76002,0
            18.63544,53.75838,0
            18.63525,53.75612,0
            18.63499,53.75457,0
            18.63467,53.7532,0
            18.62959,53.73659,0
            18.62938,53.73607,0
            18.62851,53.73271,0
            18.62824,53.73043,0
            18.62821,53.72981,0
            18.6282,53.72978,0
            18.62818,53.72808,0
            18.62838,53.72553,0
            18.6295,53.71812,0
            18.62972,53.71595,0
            18.62975,53.71315,0
            18.62961,53.71153,0
            18.6294,53.7101,0
            18.62791,53.70369,0
            18.62764,53.70218,0
            18.62745,53.70045,0
            18.62741,53.69959,0
            18.62749,53.69732,0
            18.62764,53.69599,0
            18.6282,53.6933,0
            18.62821,53.69329,0
            18.62901,53.69088,0
            18.62997,53.68874,0
            18.63762,53.67384,0
            18.63846,53.67175,0
            18.63874,53.67082,0
            18.63896,53.66986,0
            18.63914,53.66864,0
            18.6392,53.66752,0
            18.63906,53.66541,0
            18.63826,53.6599,0
            18.63815,53.65784,0
            18.63826,53.65634,0
            18.63851,53.65506,0
            18.64072,53.64797,0
            18.64107,53.6471,0
            18.64191,53.64422,0
            18.64226,53.64127,0
            18.64229,53.63925,0
            18.64219,53.63825,0
            18.64174,53.63552,0
            18.64148,53.6344,0
            18.64111,53.63337,0
            18.64003,53.63087,0
            18.6399,53.63047,0
            18.63545,53.62051,0
            18.63473,53.61913,0
            18.63329,53.61684,0
            18.63189,53.61493,0
            18.63075,53.61355,0
            18.6289,53.61153,0
            18.62461,53.60727,0
            18.62096,53.60335,0
            18.61963,53.60176,0
            18.61854,53.60026,0
            18.61718,53.59811,0
            18.60627,53.57888,0
            18.60627,53.57887,0
            18.60599,53.57834,0
            18.60543,53.57652,0
            18.60531,53.57599,0
            18.60521,53.5748,0
            18.60521,53.57407,0
            18.60532,53.57291,0
            18.60547,53.57226,0
            18.61185,53.55663,0
            18.61271,53.55431,0
            18.61322,53.55237,0
            18.61332,53.55153,0
            18.61329,53.55049,0
            18.61317,53.54958,0
            18.61283,53.5483,0
            18.61253,53.54758,0
            18.61181,53.54625,0
            18.61115,53.54525,0
            18.60148,53.53251,0
            18.6007,53.53135,0
            18.60015,53.53029,0
            18.59973,53.52914,0
            18.59946,53.52746,0
            18.59944,53.52682,0
            18.59955,53.52542,0
            18.59966,53.52488,0
            18.59997,53.52381,0
            18.60046,53.52266,0
            18.60869,53.5075,0
            18.60877,53.50739,0
            18.61291,53.49963,0
            18.61381,53.49765,0
            18.61462,53.49543,0
            18.61511,53.49358,0
            18.61543,53.49195,0
            18.61634,53.48429,0
            18.61633,53.48419,0
            18.61741,53.47441,0
            18.61734,53.47434,0
            18.61732,53.47406,0
            18.6172,53.47365,0
            18.61694,53.47325,0
            18.61672,53.47302,0
            18.6159,53.47246,0
            18.61514,53.47215,0
            18.61503,53.47208,0
            18.61398,53.47179,0
            18.61368,53.47167,0
            18.61324,53.47139,0
            18.61309,53.47124,0
            18.61294,53.471,0
            18.61287,53.4708,0
            18.61286,53.47061,0
            18.6129,53.4704,0
            18.61304,53.47013,0
            18.61327,53.46984,0
            18.61412,53.4685,0
            18.61617,53.46588,0
            18.61619,53.46577,0
            18.61629,53.46563,0
            18.6165,53.46523,0
            18.61663,53.46489,0
            18.61666,53.46455,0
            18.61658,53.46413,0
            18.61639,53.46376,0
            18.61609,53.46341,0
            18.61577,53.46316,0
            18.61374,53.46193,0
            18.6126,53.46133,0
            18.60882,53.4591,0
            18.60588,53.45769,0
            18.60586,53.45767,0
            18.6034,53.45669,0
            18.60097,53.45587,0
            18.59627,53.45466,0
            18.5935,53.45413,0
            18.57943,53.45188,0
            18.57608,53.45121,0
            18.57253,53.45022,0
            18.56993,53.44926,0
            18.56783,53.44831,0
            18.56464,53.44669,0
            18.5426,53.437,0
            18.53368,53.43334,0
            18.53007,53.43169,0
            18.52348,53.42893,0
            18.52171,53.42831,0
            18.51939,53.42763,0
            18.51599,53.42688,0
            18.50152,53.42448,0
            18.49846,53.42372,0
            18.48982,53.42115,0
            18.48737,53.42051,0
            18.48556,53.42018,0
            18.48304,53.41994,0
            18.48085,53.41991,0
            18.46453,53.42048,0
            18.46369,53.42044,0
            18.45682,53.41947,0
            18.4543,53.4194,0
            18.45181,53.41954,0
            18.43957,53.42113,0
            18.43743,53.42121,0
            18.43646,53.42119,0
            18.43446,53.42096,0
            18.42632,53.41942,0
            18.40306,53.41642,0
            18.39896,53.4156,0
            18.39698,53.41499,0
            18.39593,53.41459,0
            18.39439,53.4139,0
            18.3942,53.41384,0
            18.39323,53.4134,0
            18.38378,53.40855,0
            18.38354,53.40839,0
            18.38133,53.40728,0
            18.38037,53.40688,0
            18.37821,53.40614,0
            18.37639,53.4057,0
            18.36118,53.40337,0
            18.35917,53.40289,0
            18.35742,53.40232,0
            18.35573,53.40161,0
            18.35395,53.40064,0
            18.35203,53.39922,0
            18.35135,53.3986,0
            18.35032,53.3974,0
            18.34999,53.39689,0
            18.34918,53.3952,0
            18.34908,53.39477,0
            18.34802,53.38514,0
            18.34805,53.38488,0
            18.34787,53.38339,0
            18.34766,53.38248,0
            18.34739,53.38175,0
            18.34708,53.38109,0
            18.34667,53.38039,0
            18.3462,53.37974,0
            18.34526,53.37868,0
            18.34413,53.37768,0
            18.34268,53.37666,0
            18.34064,53.37562,0
            18.33037,53.37129,0
            18.33014,53.37116,0
            18.32474,53.36876,0
            18.32323,53.36796,0
            18.32166,53.36702,0
            18.31541,53.36257,0
            18.31497,53.36231,0
            18.31323,53.36106,0
            18.31322,53.36106,0
            18.308,53.3571,0
            18.30625,53.35565,0
            18.30456,53.35406,0
            18.30331,53.3526,0
            18.29648,53.34255,0
            18.29236,53.33616,0
            18.29236,53.33615,0
            18.2887,53.33044,0
            18.28759,53.32897,0
            18.28675,53.32802,0
            18.28553,53.32685,0
            18.28387,53.3255,0
            18.28387,53.32549,0
            18.28386,53.32549,0
            18.26824,53.31363,0
            18.2667,53.31258,0
            18.26448,53.31132,0
            18.25297,53.30589,0
            18.23297,53.29725,0
            18.22447,53.29331,0
            18.22285,53.29247,0
            18.22134,53.29157,0
            18.2189,53.28973,0
            18.21423,53.28574,0
            18.21422,53.28574,0
            18.20898,53.28145,0
            18.20624,53.27968,0
            18.20623,53.27968,0
            18.20603,53.27955,0
            18.20602,53.27955,0
            18.20585,53.27944,0
            18.20584,53.27944,0
            18.20142,53.27682,0
            18.19925,53.27535,0
            18.19825,53.27457,0
            18.19643,53.2729,0
            18.19597,53.27241,0
            18.18823,53.26303,0
            18.18069,53.2554,0
            18.17903,53.25359,0
            18.17849,53.25289,0
            18.17772,53.25202,0
            18.17359,53.2479,0
            18.1613,53.23634,0
            18.15951,53.23482,0
            18.15778,53.23355,0
            18.15605,53.23243,0
            18.15341,53.23099,0
            18.1481,53.22865,0
            18.14485,53.22758,0
            18.14228,53.22689,0
            18.13428,53.22519,0
            18.13127,53.22426,0
            18.12832,53.22311,0
            18.12605,53.222,0
            18.1237,53.22061,0
            18.12142,53.21903,0
            18.12013,53.21826,0
            18.11877,53.21764,0
            18.11659,53.21688,0
            18.11526,53.21655,0
            18.11329,53.2162,0
            18.11206,53.21607,0
            18.10942,53.21603,0
            18.10743,53.21619,0
            18.10589,53.21643,0
            18.07254,53.2249,0
            18.06785,53.22583,0
            18.0633,53.2264,0
            18.05815,53.22673,0
            18.054,53.22673,0
            18.05076,53.22657,0
            18.04769,53.22629,0
            18.01141,53.22101,0
            17.99149,53.21713,0
            17.9895,53.21683,0
            17.98506,53.21643,0
            17.98079,53.21636,0
            17.97766,53.21648,0
            17.97412,53.21683,0
            17.96505,53.21829,0
            17.96037,53.21873,0
            17.95797,53.21878,0
            17.95408,53.21861,0
            17.95071,53.21823,0
            17.94735,53.21759,0
            17.94315,53.21641,0
            17.94015,53.21522,0
            17.93799,53.21416,0
            17.9279,53.20848,0
            17.92446,53.20695,0
            17.92236,53.20622,0
            17.91638,53.20444,0
            17.91403,53.20364,0
            17.8921,53.19472,0
            17.88807,53.19278,0
            17.88664,53.19195,0
            17.8839,53.19013,0
            17.88121,53.18776,0
            17.87952,53.18592,0
            17.87911,53.18537,0
            17.87911,53.18536,0
            17.87821,53.18403,0
            17.87693,53.18159,0
            17.87638,53.17998,0
            17.87609,53.17875,0
            17.87595,53.17772,0
            17.87585,53.1758,0
            17.87593,53.17448,0
            17.87605,53.17373,0
            17.87656,53.17178,0
            17.87737,53.16977,0
            17.87823,53.16822,0
            17.88389,53.16005,0
            17.88481,53.1586,0
            17.88522,53.15783,0
            17.88571,53.15654,0
            17.88592,53.15559,0
            17.886,53.15486,0
            17.88601,53.15422,0
            17.88595,53.15345,0
            17.88579,53.15259,0
            17.88565,53.15208,0
            17.88526,53.15109,0
            17.88451,53.14957,0
            17.88062,53.14286,0
            17.88009,53.14182,0
            17.87954,53.14042,0
            17.87929,53.13954,0
            17.87901,53.13762,0
            17.87904,53.1359,0
            17.87919,53.13484,0
            17.88368,53.11172,0
            17.88425,53.1095,0
            17.88486,53.10805,0
            17.88567,53.10662,0
            17.88653,53.10548,0
            17.88748,53.10436,0
            17.89266,53.09899,0
            17.89264,53.09891,0
            17.89351,53.09781,0
            17.89433,53.09698,0
            17.89433,53.09691,0
            17.89453,53.0966,0
            17.89457,53.09649,0
            17.89462,53.0962,0
            17.8946,53.09601,0
            17.89454,53.0958,0
            17.89422,53.09522,0
            17.8942,53.09511,0
            17.8942,53.09494,0
            17.89434,53.09458,0
            17.89441,53.09429,0
            17.89439,53.09414,0
            17.8943,53.09396,0
            17.89402,53.09367,0
            17.89322,53.09314,0
            17.89053,53.09092,0
            17.89053,53.09084,0
            17.88933,53.09007,0
            17.88839,53.08958,0
            17.88684,53.08894,0
            17.88599,53.08865,0
            17.87425,53.08531,0
            17.87169,53.08445,0
            17.86911,53.0834,0
            17.86872,53.08328,0
            17.86364,53.08113,0
            17.86109,53.08026,0
            17.81815,53.06904,0
            17.81674,53.06857,0
            17.81526,53.0679,0
            17.81372,53.06697,0
            17.81264,53.06612,0
            17.81196,53.06547,0
            17.81119,53.06453,0
            17.81076,53.06386,0
            17.81026,53.0627,0
            17.8101,53.06206,0
            17.80999,53.06102,0
            17.81001,53.06054,0
            17.8102,53.05898,0
            17.81022,53.05814,0
            17.81018,53.05753,0
            17.81002,53.05661,0
            17.80984,53.05595,0
            17.80959,53.05529,0
            17.80923,53.05452,0
            17.80614,53.04968,0
            17.80541,53.04878,0
            17.80375,53.04709,0
            17.80153,53.04537,0
            17.7876,53.03643,0
            17.78759,53.03643,0
            17.77322,53.02573,0
            17.77203,53.02476,0
            17.7715,53.02424,0
            17.77069,53.02326,0
            17.77004,53.02212,0
            17.76957,53.02085,0
            17.76832,53.01542,0
            17.7679,53.014,0
            17.76722,53.01116,0
            17.76687,53.01023,0
            17.76651,53.00951,0
            17.76554,53.00814,0
            17.76501,53.00756,0
            17.76433,53.00694,0
            17.76304,53.00599,0
            17.75321,52.99996,0
            17.7532,52.99996,0
            17.75048,52.99816,0
            17.74887,52.99688,0
            17.74777,52.99586,0
            17.74648,52.99442,0
            17.74554,52.99317,0
            17.74437,52.99073,0
            17.74373,52.98852,0
            17.74332,52.98472,0
            17.74311,52.98362,0
            17.74212,52.98047,0
            17.74174,52.97954,0
            17.74072,52.9779,0
            17.73862,52.97502,0
            17.73695,52.97318,0
            17.73561,52.97193,0
            17.73371,52.97037,0
            17.73114,52.96863,0
            17.72321,52.96409,0
            17.72133,52.96281,0
            17.72002,52.96176,0
            17.71863,52.96048,0
            17.69967,52.93991,0
            17.69852,52.9383,0
            17.69805,52.93744,0
            17.69734,52.93579,0
            17.6968,52.93403,0
            17.69661,52.93218,0
            17.69659,52.93125,0
            17.70053,52.90914,0
            17.70072,52.90769,0
            17.7007,52.90637,0
            17.70053,52.90538,0
            17.70025,52.90437,0
            17.69751,52.89635,0
            17.6972,52.89481,0
            17.69714,52.89402,0
            17.69716,52.89243,0
            17.69728,52.89148,0
            17.69758,52.89007,0
            17.70165,52.8772,0
            17.70183,52.87633,0
            17.70194,52.87451,0
            17.7019,52.87326,0
            17.70163,52.87184,0
            17.70135,52.87088,0
            17.70094,52.86982,0
            17.70006,52.86812,0
            17.69887,52.8665,0
            17.69759,52.86493,0
            17.69654,52.86349,0
            17.69567,52.86202,0
            17.69477,52.85956,0
            17.69287,52.85308,0
            17.69252,52.85081,0
            17.6917,52.84125,0
            17.69174,52.83925,0
            17.69209,52.83722,0
            17.69231,52.83637,0
            17.69315,52.83404,0
            17.69416,52.83205,0
            17.6972,52.82667,0
            17.69748,52.82603,0
            17.69794,52.82451,0
            17.69807,52.82338,0
            17.69808,52.82261,0
            17.69797,52.82133,0
            17.69752,52.81992,0
            17.69693,52.81859,0
            17.69652,52.81788,0
            17.69594,52.81707,0
            17.69482,52.81582,0
            17.69392,52.81497,0
            17.69241,52.81386,0
            17.69145,52.81325,0
            17.68662,52.81057,0
            17.68482,52.80936,0
            17.68385,52.80861,0
            17.68231,52.80724,0
            17.68104,52.80585,0
            17.68042,52.80507,0
            17.68021,52.80473,0
            17.68021,52.80472,0
            17.67956,52.80366,0
            17.67886,52.8023,0
            17.67844,52.80115,0
            17.67606,52.7877,0
            17.6758,52.78659,0
            17.67511,52.78444,0
            17.67433,52.78268,0
            17.67169,52.77754,0
            17.67167,52.77752,0
            17.67124,52.77655,0
            17.67013,52.77443,0
            17.66926,52.77213,0
            17.66875,52.76988,0
            17.6682,52.7648,0
            17.66802,52.76367,0
            17.66777,52.76259,0
            17.66739,52.76149,0
            17.66683,52.76031,0
            17.66624,52.75926,0
            17.66541,52.75808,0
            17.66214,52.75422,0
            17.66214,52.75421,0
            17.66096,52.75277,0
            17.66096,52.75276,0
            17.66016,52.75168,0
            17.65961,52.75076,0
            17.65878,52.74901,0
            17.65847,52.74791,0
            17.65823,52.74669,0
            17.65811,52.74513,0
            17.65811,52.74428,0
            17.65838,52.7426,0
            17.65839,52.74259,0
            17.65853,52.74197,0
            17.65921,52.73995,0
            17.65922,52.73994,0
            17.66178,52.73251,0
            17.66235,52.73062,0
            17.66252,52.72983,0
            17.66259,52.72929,0
            17.66267,52.72776,0
            17.66262,52.72682,0
            17.66244,52.72578,0
            17.66206,52.72444,0
            17.66044,52.72045,0
            17.66018,52.71958,0
            17.65992,52.71827,0
            17.65984,52.71746,0
            17.65984,52.71559,0
            17.65985,52.71557,0
            17.65993,52.71476,0
            17.66023,52.7136,0
            17.66059,52.71255,0
            17.66214,52.70889,0
            17.66214,52.70887,0
            17.66271,52.70749,0
            17.66307,52.7064,0
            17.66316,52.70573,0
            17.66326,52.70537,0
            17.66336,52.70464,0
            17.66341,52.70336,0
            17.6632,52.70167,0
            17.66292,52.7006,0
            17.66239,52.69904,0
            17.66225,52.69878,0
            17.66222,52.69868,0
            17.66171,52.69775,0
            17.65964,52.69474,0
            17.65925,52.69407,0
            17.65858,52.69262,0
            17.65807,52.69093,0
            17.65792,52.69018,0
            17.65782,52.68911,0
            17.65768,52.68829,0
            17.65721,52.68664,0
            17.64787,52.66778,0
            17.64695,52.66633,0
            17.64627,52.66544,0
            17.64559,52.66467,0
            17.64468,52.66377,0
            17.64468,52.66376,0
            17.64286,52.66221,0
            17.6352,52.65711,0
            17.63325,52.65608,0
            17.63096,52.65521,0
            17.62866,52.65464,0
            17.62531,52.65397,0
            17.62393,52.65362,0
            17.62238,52.6531,0
            17.6207,52.65236,0
            17.61888,52.65125,0
            17.61752,52.6501,0
            17.61716,52.6497,0
            17.61633,52.64855,0
            17.61595,52.64786,0
            17.6157,52.6472,0
            17.6153,52.64586,0
            17.61291,52.6357,0
            17.6127,52.63439,0
            17.61268,52.63285,0
            17.61292,52.63129,0
            17.61317,52.63033,0
            17.61367,52.62908,0
            17.61417,52.62809,0
            17.61479,52.62714,0
            17.61593,52.62572,0
            17.61711,52.62452,0
            17.62213,52.61987,0
            17.6241,52.61779,0
            17.62524,52.61624,0
            17.6259,52.6152,0
            17.62673,52.61355,0
            17.62731,52.61196,0
            17.62775,52.61009,0
            17.62787,52.60927,0
            17.6279,52.60767,0
            17.62784,52.60675,0
            17.62764,52.60545,0
            17.62727,52.6039,0
            17.62708,52.60334,0
            17.62598,52.60103,0
            17.6252,52.59982,0
            17.62415,52.59841,0
            17.62314,52.59726,0
            17.61918,52.59358,0
            17.61634,52.59072,0
            17.60821,52.58198,0
            17.60667,52.58056,0
            17.60455,52.57891,0
            17.60264,52.57766,0
            17.60083,52.57659,0
            17.59695,52.57469,0
            17.59297,52.5732,0
            17.5904,52.57241,0
            17.58753,52.57168,0
            17.56779,52.56766,0
            17.56339,52.56657,0
            17.55986,52.56546,0
            17.55526,52.56369,0
            17.55284,52.56257,0
            17.54937,52.56074,0
            17.54663,52.55899,0
            17.54463,52.55754,0
            17.54195,52.55533,0
            17.53687,52.55053,0
            17.53686,52.55053,0
            17.52484,52.53935,0
            17.51659,52.53237,0
            17.51541,52.53126,0
            17.5043,52.51973,0
            17.5027,52.51837,0
            17.50175,52.51769,0
            17.50007,52.51671,0
            17.49872,52.51605,0
            17.4972,52.51542,0
            17.49573,52.51492,0
            17.47784,52.51034,0
            17.47457,52.50931,0
            17.47216,52.5083,0
            17.47086,52.50761,0
            17.46913,52.5065,0
            17.46718,52.5049,0
            17.46483,52.50269,0
            17.46337,52.50148,0
            17.46178,52.5004,0
            17.46068,52.49975,0
            17.45822,52.49855,0
            17.44255,52.49275,0
            17.4246,52.48511,0
            17.42254,52.48411,0
            17.42111,52.48327,0
            17.42001,52.4825,0
            17.41102,52.47475,0
            17.40467,52.4688,0
            17.40215,52.46673,0
            17.38635,52.45618,0
            17.38385,52.45481,0
            17.34582,52.44067,0
            17.34149,52.43858,0
            17.33392,52.43399,0
            17.33145,52.43278,0
            17.33035,52.43235,0
            17.3141,52.42707,0
            17.31039,52.42562,0
            17.30845,52.42473,0
            17.29217,52.41635,0
            17.29215,52.41633,0
            17.28243,52.4113,0
            17.28053,52.41049,0
            17.27795,52.40964,0
            17.27184,52.4083,0
            17.2704,52.40791,0
            17.26898,52.40744,0
            17.26706,52.40666,0
            17.26494,52.40556,0
            17.26342,52.40457,0
            17.26162,52.40308,0
            17.26049,52.40187,0
            17.2533,52.39161,0
            17.25216,52.39011,0
            17.25185,52.38962,0
            17.24996,52.38759,0
            17.24829,52.38602,0
            17.24472,52.38322,0
            17.24252,52.38172,0
            17.24102,52.3808,0
            17.23787,52.37909,0
            17.2357,52.37804,0
            17.23154,52.37632,0
            17.22809,52.37514,0
            17.22288,52.37371,0
            17.21231,52.37155,0
            17.21149,52.37133,0
            17.20834,52.37026,0
            17.20728,52.36983,0
            17.20573,52.36908,0
            17.20471,52.36849,0
            17.20342,52.3676,0
            17.20218,52.3666,0
            17.2009,52.36531,0
            17.19735,52.36097,0
            17.19614,52.35971,0
            17.19516,52.35887,0
            17.19378,52.35791,0
            17.19249,52.35715,0
            17.18637,52.35425,0
            17.18286,52.35229,0
            17.17186,52.34504,0
            17.16695,52.34228,0
            17.1624,52.34007,0
            17.15868,52.33801,0
            17.15575,52.33617,0
            17.15149,52.33307,0
            17.13689,52.32074,0
            17.13636,52.32039,0
            17.13546,52.31991,0
            17.13457,52.31955,0
            17.13229,52.31883,0
            17.1321,52.31884,0
            17.13101,52.31856,0
            17.12935,52.31834,0
            17.12809,52.31833,0
            17.12719,52.31842,0
            17.12591,52.31865,0
            17.11952,52.32057,0
            17.11942,52.32056,0
            17.10253,52.32584,0
            17.09538,52.32786,0
            17.08176,52.33124,0
            17.03121,52.34166,0
            17.01479,52.34435,0
            17.00406,52.34569,0
            16.89592,52.35447,0
            16.89203,52.35469,0
            16.88697,52.35479,0
            16.88067,52.35461,0
            16.87386,52.35405,0
            16.85443,52.35148,0
            16.84685,52.35079,0
            16.8392,52.35045,0
            16.77613,52.35051,0
            16.77602,52.35056,0
            16.7751,52.35068,0
            16.77483,52.35075,0
            16.77284,52.35162,0
            16.77249,52.35173,0
            16.77182,52.35184,0
            16.77122,52.35183,0
            16.77052,52.35169,0
            16.77034,52.35163,0
            16.75886,52.34612,0
            16.75818,52.34592,0
            16.75724,52.34579,0
            16.75442,52.34588,0
            16.75404,52.34594,0
            16.75385,52.34601,0
            16.75365,52.34614,0
            16.75356,52.34625,0
            16.7535,52.3464,0
            16.7535,52.3465,0
            16.75354,52.34665,0
            16.75372,52.34692,0
            16.75389,52.34706,0
            16.7542,52.34722,0
            16.75444,52.3473,0
            16.75474,52.34735,0
            16.75518,52.34731,0
            16.75519,52.3473,0
            16.75529,52.34728,0
            16.75532,52.34726,0
            16.75536,52.34725,0
            16.75557,52.34712,0
            16.75569,52.34698,0
            16.75573,52.34688,0
            16.75574,52.34681,0
            16.75573,52.34679,0
            16.75573,52.34674,0
            16.75568,52.34661,0
            16.75551,52.3464,0
            16.75351,52.34456,0
            16.75336,52.34439,0
            16.75108,52.34269,0
            16.75014,52.3421,0
            16.74797,52.34092,0
            16.73243,52.33349,0
            16.72879,52.33154,0
            16.72696,52.33037,0
            16.72512,52.32906,0
            16.70647,52.31321,0
            16.70374,52.3106,0
            16.70171,52.30838,0
            16.70097,52.30744,0
            16.70063,52.30712,0
            16.6993,52.30559,0
            16.69929,52.30559,0
            16.69787,52.30395,0
            16.69595,52.302,0
            16.69595,52.30199,0
            16.69413,52.30035,0
            16.69195,52.29866,0
            16.68955,52.29702,0
            16.68642,52.29519,0
            16.68641,52.29519,0
            16.68493,52.29432,0
            16.68492,52.29432,0
            16.68408,52.29383,0
            16.68407,52.29383,0
            16.68221,52.29268,0
            16.6822,52.29268,0
            16.68013,52.29134,0
            16.67737,52.28924,0
            16.67348,52.28551,0
            16.67348,52.2855,0
            16.6732,52.28518,0
            16.6719,52.2834,0
            16.67068,52.28154,0
            16.66935,52.27898,0
            16.66874,52.27758,0
            16.66782,52.2743,0
            16.66759,52.27267,0
            16.66756,52.26894,0
            16.66782,52.26613,0
            16.66783,52.26611,0
            16.66854,52.25944,0
            16.66855,52.25942,0
            16.66963,52.24942,0
            16.66999,52.24715,0
            16.67031,52.24585,0
            16.6708,52.24446,0
            16.67175,52.24245,0
            16.67255,52.241,0
            16.67336,52.23984,0
            16.67475,52.23806,0
            16.67624,52.23647,0
            16.67817,52.23473,0
            16.67934,52.2338,0
            16.69058,52.22642,0
            16.6918,52.2255,0
            16.69181,52.2255,0
            16.69329,52.22416,0
            16.69405,52.22331,0
            16.6948,52.22231,0
            16.6953,52.2215,0
            16.69561,52.22089,0
            16.6961,52.2197,0
            16.69769,52.21355,0
            16.69794,52.21214,0
            16.698,52.21151,0
            16.69766,52.19625,0
            16.69772,52.19545,0
            16.69781,52.19492,0
            16.69782,52.19491,0
            16.69786,52.19465,0
            16.69817,52.19369,0
            16.69964,52.19046,0
            16.70005,52.18917,0
            16.70024,52.18795,0
            16.70028,52.18679,0
            16.70017,52.18552,0
            16.69974,52.18402,0
            16.69922,52.18277,0
            16.69867,52.18181,0
            16.69818,52.1811,0
            16.69751,52.18026,0
            16.6957,52.17852,0
            16.6944,52.17754,0
            16.67297,52.16352,0
            16.67196,52.16274,0
            16.67055,52.16146,0
            16.66991,52.1608,0
            16.66989,52.16079,0
            16.6687,52.15934,0
            16.66783,52.15805,0
            16.66731,52.15707,0
            16.66656,52.1552,0
            16.66539,52.15039,0
            16.66478,52.14865,0
            16.66395,52.14706,0
            16.66316,52.14589,0
            16.66221,52.14474,0
            16.65249,52.13422,0
            16.65116,52.13262,0
            16.65023,52.13137,0
            16.64924,52.12983,0
            16.64816,52.1278,0
            16.64725,52.12552,0
            16.64572,52.12117,0
            16.64526,52.12005,0
            16.64452,52.11865,0
            16.64392,52.11774,0
            16.64323,52.11685,0
            16.6417,52.11518,0
            16.63912,52.11303,0
            16.62582,52.10459,0
            16.62582,52.10458,0
            16.6163,52.09866,0
            16.60991,52.09439,0
            16.60525,52.09068,0
            16.60299,52.0886,0
            16.59986,52.08534,0
            16.59867,52.08397,0
            16.59644,52.08102,0
            16.59644,52.08101,0
            16.59479,52.07852,0
            16.5889,52.06855,0
            16.5878,52.06688,0
            16.58752,52.06655,0
            16.5875,52.06651,0
            16.58672,52.06558,0
            16.58481,52.06374,0
            16.5614,52.04542,0
            16.55045,52.03566,0
            16.55044,52.03566,0
            16.55044,52.03565,0
            16.54676,52.0323,0
            16.54675,52.0323,0
            16.54563,52.03106,0
            16.54467,52.02972,0
            16.5439,52.02838,0
            16.54356,52.02765,0
            16.54312,52.02646,0
            16.54284,52.0254,0
            16.54262,52.02413,0
            16.54226,52.01663,0
            16.54225,52.0166,0
            16.54141,51.9972,0
            16.5413,51.99609,0
            16.54111,51.99514,0
            16.54036,51.99335,0
            16.53813,51.98986,0
            16.53806,51.9897,0
            16.53804,51.98968,0
            16.53751,51.9887,0
            16.53713,51.98757,0
            16.53681,51.98563,0
            16.53683,51.98487,0
            16.53696,51.98403,0
            16.53725,51.9828,0
            16.53732,51.98268,0
            16.53734,51.98259,0
            16.53786,51.98141,0
            16.53953,51.97822,0
            16.53958,51.97807,0
            16.54032,51.9767,0
            16.54033,51.9767,0
            16.54344,51.97065,0
            16.54344,51.97064,0
            16.54442,51.96878,0
            16.54442,51.96877,0
            16.54692,51.96413,0
            16.54751,51.96235,0
            16.54753,51.96232,0
            16.5481,51.9606,0
            16.54838,51.95883,0
            16.54846,51.95748,0
            16.54839,51.95537,0
            16.54812,51.95373,0
            16.54794,51.95327,0
            16.54785,51.95287,0
            16.54781,51.95279,0
            16.54766,51.95211,0
            16.54761,51.95202,0
            16.54701,51.94996,0
            16.547,51.94995,0
            16.5458,51.9459,0
            16.5458,51.94587,0
            16.54459,51.94188,0
            16.54415,51.94072,0
            16.54335,51.93901,0
            16.54304,51.93845,0
            16.54107,51.93565,0
            16.53961,51.9339,0
            16.53778,51.93219,0
            16.53525,51.93025,0
            16.53302,51.92883,0
            16.53301,51.92883,0
            16.52296,51.92278,0
            16.52198,51.92212,0
            16.52034,51.92086,0
            16.51923,51.91983,0
            16.51923,51.91982,0
            16.51826,51.9188,0
            16.51746,51.91776,0
            16.51705,51.91713,0
            16.51652,51.91613,0
            16.51592,51.9147,0
            16.51573,51.91409,0
            16.5155,51.91268,0
            16.51544,51.91118,0
            16.51548,51.91045,0
            16.51575,51.90825,0
            16.51607,51.90693,0
            16.51639,51.9045,0
            16.51642,51.90333,0
            16.51633,51.90158,0
            16.51613,51.90019,0
            16.5155,51.89782,0
            16.51521,51.89709,0
            16.51493,51.89654,0
            16.51431,51.895,0
            16.51431,51.89498,0
            16.51181,51.88948,0
            16.5118,51.88948,0
            16.51135,51.88849,0
            16.51106,51.88766,0
            16.51078,51.88653,0
            16.51043,51.88459,0
            16.51034,51.88358,0
            16.51032,51.88203,0
            16.51037,51.88094,0
            16.51078,51.87848,0
            16.51125,51.87685,0
            16.51174,51.87561,0
            16.5123,51.87442,0
            16.51336,51.87257,0
            16.51652,51.86799,0
            16.5175,51.8664,0
            16.51839,51.86448,0
            16.51906,51.86253,0
            16.51947,51.86067,0
            16.5196,51.85983,0
            16.51968,51.85852,0
            16.51968,51.85731,0
            16.51954,51.85582,0
            16.51922,51.85392,0
            16.51891,51.85275,0
            16.51846,51.8515,0
            16.51777,51.84995,0
            16.51706,51.84865,0
            16.5155,51.84636,0
            16.5137,51.84426,0
            16.51164,51.84226,0
            16.50896,51.8399,0
            16.50788,51.83881,0
            16.50655,51.8372,0
            16.50601,51.83642,0
            16.50542,51.83534,0
            16.50472,51.83373,0
            16.50431,51.83222,0
            16.50412,51.83069,0
            16.50413,51.83062,0
            16.50411,51.83037,0
            16.50414,51.82909,0
            16.50434,51.82795,0
            16.50459,51.827,0
            16.50522,51.82534,0
            16.50575,51.82432,0
            16.50618,51.82364,0
            16.50708,51.82245,0
            16.50827,51.82113,0
            16.50884,51.82058,0
            16.51035,51.81931,0
            16.51159,51.81844,0
            16.51351,51.81729,0
            16.51482,51.81661,0
            16.51676,51.81576,0
            16.51834,51.81517,0
            16.51997,51.81466,0
            16.52343,51.81381,0
            16.52686,51.81328,0
            16.55642,51.81028,0
            16.57231,51.80824,0
            16.57233,51.80823,0
            16.58904,51.80601,0
            16.5938,51.80516,0
            16.59886,51.80387,0
            16.59887,51.80386,0
            16.60149,51.80309,0
            16.6015,51.80308,0
            16.60479,51.80195,0
            16.60839,51.80039,0
            16.60971,51.79973,0
            16.61442,51.79698,0
            16.6159,51.79594,0
            16.6199,51.79276,0
            16.6281,51.78561,0
            16.62882,51.78488,0
            16.62882,51.78487,0
            16.6304,51.78306,0
            16.63184,51.78107,0
            16.63305,51.7789,0
            16.63528,51.77334,0
            16.63589,51.77214,0
            16.63643,51.77126,0
            16.63803,51.76926,0
            16.63954,51.76778,0
            16.6407,51.76683,0
            16.64073,51.76682,0
            16.64291,51.76532,0
            16.64502,51.76417,0
            16.65784,51.7585,0
            16.66163,51.75638,0
            16.66386,51.75494,0
            16.66589,51.75344,0
            16.66878,51.751,0
            16.67374,51.74612,0
            16.67511,51.74495,0
            16.67511,51.74494,0
            16.67707,51.74347,0
            16.67875,51.74233,0
            16.68337,51.73958,0
            16.72365,51.71312,0
            16.72653,51.71091,0
            16.72744,51.71006,0
            16.72966,51.7077,0
            16.73126,51.70549,0
            16.73388,51.70114,0
            16.73445,51.70031,0
            16.73537,51.69915,0
            16.7368,51.69759,0
            16.73808,51.69638,0
            16.74083,51.69417,0
            16.74188,51.69345,0
            16.74614,51.69091,0
            16.74615,51.69091,0
            16.75008,51.68868,0
            16.75268,51.68736,0
            16.76138,51.68387,0
            16.76364,51.68279,0
            16.76561,51.68169,0
            16.76809,51.68008,0
            16.78369,51.66776,0
            16.78504,51.66661,0
            16.78994,51.66278,0
            16.79298,51.66,0
            16.79495,51.65785,0
            16.79612,51.65636,0
            16.79763,51.654,0
            16.79864,51.65219,0
            16.79927,51.65079,0
            16.80006,51.64855,0
            16.80059,51.64657,0
            16.80083,51.64523,0
            16.80098,51.64367,0
            16.80101,51.64228,0
            16.80089,51.64047,0
            16.8005,51.6378,0
            16.80015,51.63639,0
            16.79926,51.63392,0
            16.79703,51.62924,0
            16.79672,51.62843,0
            16.79628,51.62691,0
            16.79595,51.62516,0
            16.79583,51.62359,0
            16.79593,51.62138,0
            16.79623,51.61958,0
            16.79665,51.61809,0
            16.79767,51.61564,0
            16.79861,51.61394,0
            16.79915,51.61314,0
            16.8008,51.61104,0
            16.80189,51.60987,0
            16.80362,51.60825,0
            16.80646,51.60608,0
            16.81064,51.60338,0
            16.81111,51.60312,0
            16.81164,51.60271,0
            16.83941,51.58496,0
            16.84311,51.58309,0
            16.85121,51.5797,0
            16.85261,51.57904,0
            16.85354,51.57853,0
            16.85416,51.57813,0
            16.85584,51.5768,0
            16.8565,51.57616,0
            16.85751,51.57486,0
            16.85813,51.57377,0
            16.86092,51.56721,0
            16.8612,51.5663,0
            16.86132,51.56573,0
            16.86151,51.56389,0
            16.86156,51.56106,0
            16.86173,51.56012,0
            16.86201,51.55931,0
            16.8625,51.55841,0
            16.86336,51.55725,0
            16.86381,51.55676,0
            16.86506,51.55577,0
            16.86579,51.55528,0
            16.8698,51.55302,0
            16.87074,51.55237,0
            16.87163,51.55159,0
            16.87257,51.55051,0
            16.87297,51.54992,0
            16.87354,51.54876,0
            16.87369,51.54828,0
            16.87389,51.54728,0
            16.87438,51.54369,0
            16.87459,51.54278,0
            16.87506,51.54128,0
            16.8754,51.54041,0
            16.8761,51.53903,0
            16.88711,51.51931,0
            16.8883,51.51738,0
            16.8929,51.51099,0
            16.8929,51.51097,0
            16.90228,51.49812,0
            16.90303,51.49689,0
            16.90405,51.49475,0
            16.90405,51.49473,0
            16.90445,51.49359,0
            16.90493,51.49187,0
            16.90516,51.4906,0
            16.90524,51.48985,0
            16.90523,51.48834,0
            16.90511,51.48701,0
            16.90458,51.48474,0
            16.90413,51.48344,0
            16.90363,51.48228,0
            16.90304,51.48116,0
            16.90216,51.47975,0
            16.90138,51.47869,0
            16.90012,51.47722,0
            16.89932,51.47641,0
            16.89632,51.47383,0
            16.89368,51.47197,0
            16.89368,51.47196,0
            16.88908,51.46864,0
            16.88795,51.46766,0
            16.88665,51.46628,0
            16.88558,51.4648,0
            16.88502,51.46382,0
            16.88459,51.46287,0
            16.88429,51.46204,0
            16.88395,51.46038,0
            16.88391,51.45896,0
            16.88398,51.45822,0
            16.8842,51.45709,0
            16.88465,51.45575,0
            16.88513,51.45477,0
            16.88552,51.45411,0
            16.88665,51.45258,0
            16.89377,51.44559,0
            16.89377,51.44558,0
            16.89423,51.44513,0
            16.89424,51.44513,0
            16.89438,51.44498,0
            16.89438,51.44497,0
            16.8951,51.44422,0
            16.89642,51.44258,0
            16.89805,51.43978,0
            16.89895,51.43768,0
            16.89943,51.43608,0
            16.89971,51.43451,0
            16.89972,51.43428,0
            16.89977,51.43412,0
            16.89987,51.43254,0
            16.8998,51.43066,0
            16.89946,51.42779,0
            16.8994,51.4265,0
            16.89945,51.42517,0
            16.89961,51.42417,0
            16.89992,51.42297,0
            16.90023,51.42206,0
            16.90055,51.42132,0
            16.90157,51.41952,0
            16.90259,51.41813,0
            16.90353,51.41709,0
            16.91043,51.41057,0
            16.91225,51.40909,0
            16.92895,51.3978,0
            16.9311,51.396,0
            16.93216,51.39488,0
            16.9332,51.3936,0
            16.93401,51.39235,0
            16.93464,51.39103,0
            16.93533,51.3892,0
            16.93557,51.388,0
            16.93569,51.38705,0
            16.93572,51.38577,0
            16.93547,51.37915,0
            16.93552,51.37793,0
            16.93564,51.37725,0
            16.93565,51.37724,0
            16.93577,51.37656,0
            16.93605,51.3755,0
            16.9365,51.3744,0
            16.93697,51.37347,0
            16.93722,51.37308,0
            16.93722,51.37307,0
            16.93797,51.37191,0
            16.93938,51.37035,0
            16.9406,51.36922,0
            16.94164,51.36842,0
            16.95602,51.35846,0
            16.95923,51.3565,0
            16.96147,51.35546,0
            16.96475,51.35425,0
            16.96686,51.35367,0
            16.96857,51.35329,0
            16.97081,51.35293,0
            16.97329,51.35267,0
            16.98847,51.35215,0
            16.98997,51.35202,0
            16.9923,51.35169,0
            16.99423,51.35131,0
            16.9964,51.35077,0
            16.99869,51.35006,0
            17.00078,51.34925,0
            17.00341,51.34799,0
            17.00532,51.34688,0
            17.00723,51.34553,0
            17.00838,51.34456,0
            17.01629,51.33671,0
            17.02004,51.33343,0
            17.02975,51.32622,0
            17.03069,51.32544,0
            17.03193,51.32428,0
            17.03343,51.32261,0
            17.0342,51.32161,0
            17.03521,51.32007,0
            17.03601,51.31858,0
            17.03687,51.31616,0
            17.03731,51.31394,0
            17.03739,51.31283,0
            17.03727,51.31031,0
            17.03655,51.30484,0
            17.03598,51.29896,0
            17.03605,51.29823,0
            17.03624,51.29731,0
            17.03689,51.29581,0
            17.03733,51.29509,0
            17.0379,51.29444,0
            17.0393,51.2931,0
            17.04172,51.29114,0
            17.04348,51.28931,0
            17.04409,51.28847,0
            17.04458,51.28756,0
            17.04482,51.28693,0
            17.04512,51.2859,0
            17.04811,51.27207,0
            17.04836,51.27051,0
            17.04839,51.26962,0
            17.04827,51.26802,0
            17.04798,51.26676,0
            17.04742,51.26532,0
            17.04742,51.2653,0
            17.0474,51.26528,0
            17.04695,51.26439,0
            17.04653,51.2637,0
            17.04047,51.25528,0
            17.03971,51.25405,0
            17.03903,51.25275,0
            17.0386,51.25176,0
            17.03814,51.25045,0
            17.03774,51.24899,0
            17.03754,51.24799,0
            17.03496,51.22778,0
            17.0349,51.2268,0
            17.03495,51.22551,0
            17.03514,51.22433,0
            17.0353,51.22369,0
            17.03581,51.22224,0
            17.03658,51.22073,0
            17.03726,51.2197,0
            17.03832,51.21838,0
            17.0396,51.21709,0
            17.04125,51.21575,0
            17.04126,51.21575,0
            17.04228,51.21503,0
            17.04897,51.21098,0
            17.05003,51.21017,0
            17.05075,51.20954,0
            17.05166,51.20857,0
            17.05244,51.20755,0
            17.05298,51.20667,0
            17.0535,51.20552,0
            17.05368,51.20498,0
            17.05396,51.20367,0
            17.05402,51.20252,0
            17.05387,51.2011,0
            17.05302,51.19716,0
            17.05279,51.1964,0
            17.05211,51.19332,0
            17.05208,51.19325,0
            17.05072,51.18745,0
            17.05035,51.18634,0
            17.04976,51.18498,0
            17.04923,51.18394,0
            17.04819,51.18229,0
            17.04696,51.18073,0
            17.04559,51.17927,0
            17.04489,51.17862,0
            17.04282,51.17694,0
            17.0361,51.17227,0
            17.03391,51.17058,0
            17.03281,51.16963,0
            17.03102,51.16785,0
            17.03026,51.16724,0
            17.03001,51.1671,0
            17.02999,51.1671,0
            17.02972,51.16698,0
            17.02928,51.16688,0
            17.02853,51.16678,0
            17.02596,51.16666,0
            17.0255,51.16659,0
            17.02508,51.16644,0
            17.02479,51.16626,0
            17.02455,51.16605,0
            17.02441,51.16584,0
            17.02436,51.16572,0
            17.02435,51.16537,0
            17.02439,51.16515,0
            17.02452,51.16496,0
            17.02491,51.16462,0
            17.02525,51.16444,0
            17.02665,51.16399,0
            17.02709,51.16372,0
            17.02723,51.16357,0
            17.02753,51.16309,0
            17.0274,51.16219,0
            17.02739,51.16145,0
            17.0275,51.1604,0
            17.02789,51.15817,0
            17.02851,51.15681,0
            17.02858,51.15629,0
            17.02854,51.15585,0
            17.02847,51.15579,0
            17.02831,51.15517,0
            17.02825,51.15479,0
            17.02824,51.15391,0
            17.02825,51.15389,0
            17.0283,51.15341,0
            17.02903,51.15093,0
            17.02921,51.14995,0
            17.03215,51.14033,0
            17.03191,51.13993,0
            17.03113,51.13925,0
            17.03112,51.13925,0
            17.03085,51.13895,0
            17.029,51.13627,0
            17.02842,51.13502,0
            17.02809,51.13324,0
            17.02807,51.13276,0
            17.02747,51.12936,0
            17.02765,51.12712,0
            17.02768,51.127,0
            17.02775,51.12688,0
            17.02788,51.12621,0
            17.02787,51.12612,0
            17.02791,51.12578,0
            17.0279,51.12552,0
            17.02785,51.12529,0
            17.0278,51.12525,0
            17.02742,51.12461,0
            17.0272,51.12432,0
            17.02691,51.12381,0
            17.02634,51.12261,0
            17.0263,51.12246,0
            17.02637,51.12229,0
            17.02708,51.1212,0
            17.02722,51.12108,0
            17.02811,51.12053,0
            17.02822,51.12044,0
            17.02842,51.12018,0
            17.02849,51.12001,0
            17.02823,51.11881,0
            17.02813,51.1186,0
            17.02795,51.11768,0
            17.02803,51.1176,0
            17.02803,51.11757,0
            17.02841,51.11674,0
            17.02854,51.11678,0
            17.02895,51.11683,0
            17.03034,51.11682,0
            17.03074,51.11677,0
            17.03312,51.11615,0
            17.03335,51.11613,0
            17.03392,51.11451,0
            17.0341,51.11418,0
            17.03548,51.11459,0
            17.03585,51.1146,0
            17.03613,51.11456,0
            17.03659,51.11439,0
            17.03733,51.11402,0
            17.03947,51.11313,0
            17.03939,51.11295,0
            17.03932,51.11209,0
            17.03903,51.11062,0
            17.03843,51.10868,0
            17.03843,51.1086,0
            17.03855,51.10793,0
            17.03855,51.10776,0
            17.03846,51.10738,0
            17.03845,51.10713,0
            17.03841,51.10692,0
            17.0384,51.10692,0
            17.03838,51.10683,0
            17.03833,51.10675,0
            17.03662,51.1023,0
            17.03647,51.10215,0
            17.03638,51.1021,0
            17.03628,51.10208,0
            17.0349,51.10225,0
            17.03482,51.10222,0
            17.0333,51.09884,0
            17.03306,51.09848,0
            17.03293,51.09836,0
            17.03245,51.09767,0
            17.03082,51.09469,0
            17.03083,51.09463,0
            17.0307,51.09447,0
            17.02805,51.08875,0
            17.02733,51.08749,0
            17.02615,51.08573,0
            17.02481,51.08392,0
            17.01501,51.07343,0
            17.01475,51.07324,0
            17.01452,51.07312,0
            17.01169,51.07227,0
            17.01149,51.0721,0
            17.01074,51.07077,0
            17.00708,51.06583,0
            17.00668,51.06554,0
            17.00245,51.06373,0
            17.00209,51.06366,0
            17.00129,51.06363,0
            17.00102,51.06345,0
            16.99999,51.06292,0
            16.99625,51.06132,0
            16.99468,51.06076,0
            16.9895,51.0595,0
            16.98845,51.05915,0
            16.98809,51.05899,0
            16.97464,51.05127,0
            16.97424,51.05095,0
            16.97411,51.0509,0
            16.9741,51.05089,0
            16.97409,51.05089,0
            16.97381,51.05063,0
            16.97363,51.05053,0
            16.97344,51.05048,0
            16.97322,51.05047,0
            16.97068,51.0509,0
            16.97043,51.05089,0
            16.97025,51.05085,0
            16.97013,51.0508,0
            16.96997,51.05068,0
            16.96995,51.05065,0
            16.96986,51.05062,0
            16.96962,51.05039,0
            16.96939,51.05027,0
            16.96915,51.0502,0
            16.96882,51.05019,0
            16.96569,51.05046,0
            16.96547,51.05043,0
            16.96307,51.05048,0
            16.95956,51.05033,0
            16.95714,51.05006,0
            16.95368,51.04944,0
            16.91859,51.04113,0
            16.9153,51.04045,0
            16.91128,51.03978,0
            16.9082,51.03938,0
            16.86518,51.03535,0
            16.85804,51.03499,0
            16.81159,51.0351,0
            16.80721,51.03476,0
            16.80477,51.03438,0
            16.80166,51.03368,0
            16.79836,51.03264,0
            16.79698,51.03208,0
            16.79474,51.03104,0
            16.78756,51.02681,0
            16.78433,51.02525,0
            16.7814,51.02419,0
            16.77872,51.02345,0
            16.77624,51.02294,0
            16.77382,51.0226,0
            16.74627,51.02014,0
            16.74031,51.01979,0
            16.69586,51.01939,0
            16.69165,51.01977,0
            16.69026,51.01998,0
            16.68781,51.02048,0
            16.66303,51.02743,0
            16.65949,51.02829,0
            16.62414,51.03483,0
            16.58629,51.04532,0
            16.58098,51.04659,0
            16.55916,51.05074,0
            16.55552,51.05155,0
            16.51269,51.06227,0
            16.50939,51.06296,0
            16.48092,51.06651,0
            16.4785,51.06689,0
            16.47608,51.0674,0
            16.47385,51.06802,0
            16.45954,51.07319,0
            16.45953,51.0732,0
            16.45728,51.07397,0
            16.45727,51.07398,0
            16.45559,51.07453,0
            16.42529,51.08323,0
            16.42408,51.08364,0
            16.42161,51.08466,0
            16.42054,51.08519,0
            16.42048,51.08531,0
            16.42036,51.08542,0
            16.42035,51.08542,0
            16.42027,51.08561,0
            16.42026,51.08575,0
            16.4203,51.08596,0
            16.42092,51.08743,0
            16.42091,51.08754,0
            16.4208,51.08766,0
            16.42071,51.08771,0
            16.42052,51.08775,0
            16.42039,51.08775,0
            16.41896,51.08713,0
            16.41716,51.08604,0
            16.41649,51.08551,0
            16.41623,51.0852,0
            16.41604,51.08487,0
            16.41582,51.08421,0
            16.41577,51.08386,0
            16.41576,51.08386,0
            16.41558,51.0825,0
            16.41552,51.08226,0
            16.41542,51.08207,0
            16.4148,51.0813,0
            16.41469,51.08121,0
            16.41426,51.08097,0
            16.41283,51.07985,0
            16.41272,51.07972,0
            16.41272,51.07971,0
            16.41266,51.07963,0
            16.41228,51.07883,0
            16.41198,51.07842,0
            16.41119,51.07765,0
            16.41105,51.07747,0
            16.41069,51.07678,0
            16.41039,51.07585,0
            16.41038,51.07585,0
            16.40994,51.0744,0
            16.40835,51.07071,0
            16.40789,51.06875,0
            16.40469,51.06817,0
            16.40102,51.06784,0
            16.39911,51.06751,0
            16.39841,51.06744,0
            16.39264,51.06724,0
            16.39246,51.06718,0
            16.39226,51.06704,0
            16.39158,51.06631,0
            16.39148,51.06624,0
            16.39134,51.06618,0
            16.39106,51.06614,0
            16.3909,51.06615,0
            16.38844,51.06678,0
            16.38754,51.06695,0
            16.38338,51.0674,0
            16.38062,51.06742,0
            16.37878,51.06722,0
            16.37512,51.0671,0
            16.3745,51.06712,0
            16.37248,51.06742,0
            16.36821,51.06762,0
            16.36043,51.06722,0
            16.35347,51.06619,0
            16.34884,51.06576,0
            16.34655,51.06538,0
            16.34478,51.06477,0
            16.34181,51.06414,0
            16.34059,51.06371,0
            16.33735,51.06304,0
            16.33687,51.06298,0
            16.33085,51.06274,0
            16.3254,51.06229,0
            16.32507,51.06222,0
            16.32506,51.06221,0
            16.32488,51.06216,0
            16.32333,51.06122,0
            16.32304,51.06109,0
            16.32264,51.061,0
            16.32216,51.06096,0
            16.32094,51.06099,0
            16.3207,51.06107,0
            16.32032,51.06129,0
            16.32007,51.06139,0
            16.31982,51.06145,0
            16.31798,51.06155,0
            16.31646,51.06173,0
            16.31545,51.06193,0
            16.31518,51.0619,0
            16.31503,51.06183,0
            16.31345,51.06049,0
            16.31315,51.06034,0
            16.31252,51.06018,0
            16.30778,51.0598,0
            16.30555,51.05948,0
            16.30287,51.05943,0
            16.29753,51.05883,0
            16.29616,51.05878,0
            16.29598,51.0588,0
            16.29581,51.05885,0
            16.29546,51.05909,0
            16.295,51.05926,0
            16.29427,51.05937,0
            16.29181,51.05925,0
            16.28946,51.05887,0
            16.28693,51.05875,0
            16.28753,51.05648,0
            16.28754,51.05637,0
            16.28748,51.05619,0
            16.28744,51.05612,0
            16.28624,51.05513,0
            16.28605,51.05493,0
            16.286,51.05485,0
            16.28598,51.05474,0
            16.28618,51.05201,0
            16.28605,51.05139,0
            16.28466,51.04831,0
            16.28414,51.04748,0
            16.28393,51.04724,0
            16.2828,51.04643,0
            16.28196,51.04608,0
            16.28196,51.04604,0
            16.28045,51.04538,0
            16.27966,51.04481,0
            16.27834,51.04401,0
            16.27781,51.04374,0
            16.27571,51.04308,0
            16.27249,51.04242,0
            16.27163,51.04231,0
            16.26928,51.04171,0
            16.26437,51.04104,0
            16.26366,51.04122,0
            16.26304,51.04146,0
            16.26257,51.04155,0
            16.23871,51.0412,0
            16.23407,51.04159,0
            16.23351,51.04171,0
            16.2325,51.04215,0
            16.23114,51.04291,0
            16.23088,51.04297,0
            16.2306,51.04295,0
            16.23027,51.04283,0
            16.22993,51.04266,0
            16.22946,51.04253,0
            16.22905,51.04249,0
            16.22843,51.04253,0
            16.22608,51.0431,0
            16.22574,51.04306,0
            16.22561,51.043,0
            16.22208,51.04002,0
            16.22038,51.03874,0
            16.21984,51.03842,0
            16.22044,51.03806,0
            16.22369,51.03568,0
            16.22407,51.03533,0
            16.22416,51.03522,0
            16.22473,51.03541,0
            16.22507,51.03542,0
            16.22525,51.0354,0
            16.2255,51.03533,0
            16.22564,51.03524,0
            16.22586,51.03502,0
            16.2259,51.03495,0
            16.22593,51.03485,0
            16.22593,51.0347,0
            16.22591,51.03465,0
            16.22498,51.03365,0
            16.22375,51.03251,0
            16.2237,51.03239,0
            16.22165,51.03075,0
            16.2197,51.02941,0
            16.21788,51.02833,0
            16.21522,51.02697,0
            16.21091,51.02521,0
            16.20727,51.02407,0
            16.20233,51.02283,0
            16.19942,51.02191,0
            16.1974,51.02103,0
            16.19612,51.02034,0
            16.1945,51.01928,0
            16.193,51.018,0
            16.19253,51.01752,0
            16.19152,51.01629,0
            16.19112,51.01571,0
            16.19042,51.01436,0
            16.1901,51.01348,0
            16.1898,51.01217,0
            16.18898,51.00652,0
            16.18897,51.00651,0
            16.18865,51.00437,0
            16.18847,51.0024,0
            16.18859,51.00019,0
            16.18897,50.99804,0
            16.18945,50.99648,0
            16.19038,50.99435,0
            16.1913,50.99278,0
            16.19235,50.99128,0
            16.19236,50.99128,0
            16.19612,50.98619,0
            16.19723,50.98435,0
            16.19777,50.98333,0
            16.1989,50.98017,0
            16.19927,50.97842,0
            16.19938,50.97752,0
            16.19947,50.97551,0
            16.19938,50.97392,0
            16.1991,50.97212,0
            16.19857,50.97016,0
            16.19803,50.96878,0
            16.1973,50.9672,0
            16.19225,50.95784,0
            16.19225,50.95783,0
            16.18588,50.94615,0
            16.1844,50.94408,0
            16.18303,50.94248,0
            16.18192,50.94134,0
            16.17969,50.93937,0
            16.17803,50.9381,0
            16.16054,50.9265,0
            16.16054,50.92649,0
            16.16053,50.92649,0
            16.15943,50.92562,0
            16.15841,50.92471,0
            16.15766,50.92394,0
            16.15651,50.92255,0
            16.15576,50.92151,0
            16.15463,50.9193,0
            16.15417,50.9178,0
            16.15388,50.91642,0
            16.15373,50.91527,0
            16.15371,50.91465,0
            16.15376,50.91343,0
            16.15386,50.91308,0
            16.15499,50.90498,0
            16.15501,50.90458,0
            16.1554,50.90241,0
            16.15567,50.90139,0
            16.15705,50.89871,0
            16.16122,50.89282,0
            16.16209,50.89134,0
            16.16234,50.89078,0
            16.16257,50.8901,0
            16.16289,50.88939,0
            16.16315,50.88706,0
            16.16305,50.88588,0
            16.16281,50.8843,0
            16.16221,50.88277,0
            16.16025,50.87977,0
            16.15936,50.87813,0
            16.15843,50.87463,0
            16.15825,50.87374,0
            16.15821,50.87249,0
            16.15858,50.86906,0
            16.15927,50.86428,0
            16.15947,50.86099,0
            16.15838,50.85716,0
            16.15811,50.85652,0
            16.15655,50.85425,0
            16.15522,50.8525,0
            16.15393,50.85128,0
            16.15266,50.85023,0
            16.14925,50.84812,0
            16.14791,50.84743,0
            16.14636,50.84676,0
            16.14477,50.84617,0
            16.14176,50.84524,0
            16.11987,50.83973,0
            16.1168,50.8388,0
            16.11424,50.83781,0
            16.11103,50.8364,0
            16.10942,50.83551,0
            16.10941,50.83551,0
            16.10763,50.83445,0
            16.10577,50.83322,0
            16.08943,50.82042,0
            16.08766,50.81884,0
            16.08587,50.81698,0
            16.07562,50.80507,0
            16.0748,50.80422,0
            16.07376,50.80334,0
            16.07207,50.80211,0
            16.0705,50.80111,0
            16.06902,50.80033,0
            16.06589,50.79898,0
            16.06342,50.79815,0
            16.06233,50.79785,0
            16.05912,50.79714,0
            16.0573,50.79685,0
            16.05308,50.7965,0
            16.04312,50.79624,0
            16.04137,50.79627,0
            16.02858,50.79593,0
            16.02391,50.79561,0
            16.02063,50.79502,0
            16.01726,50.79414,0
            16.01478,50.79327,0
            16.01219,50.79214,0
            16.01039,50.79117,0
            16.00867,50.79007,0
            16.0067,50.78861,0
            16.00516,50.78716,0
            16.00382,50.78554,0
            16.00306,50.78446,0
            16.00306,50.78445,0
            15.99902,50.77752,0
            15.99809,50.7757,0
            15.99763,50.77459,0
            15.99716,50.77252,0
            15.99707,50.77159,0
            15.99706,50.77012,0
            15.99714,50.76906,0
            15.9977,50.76666,0
            15.99827,50.76532,0
            15.99881,50.76428,0
            15.99976,50.76279,0
            16.00365,50.75775,0
            16.00472,50.75609,0
            16.00635,50.75309,0
            16.00689,50.75182,0
            16.00784,50.74863,0
            16.00815,50.74683,0
            16.00827,50.74486,0
            16.00825,50.74215,0
            16.00802,50.74021,0
            16.00767,50.73854,0
            16.00686,50.73595,0
            16.00637,50.73471,0
            16.0052,50.73242,0
            16.00449,50.73123,0
            16.00287,50.7289,0
            16.0006,50.72624,0
            15.99833,50.72405,0
            15.99213,50.71857,0
            15.99045,50.71691,0
            15.98772,50.7136,0
            15.98714,50.71326,0
            15.98675,50.71312,0
            15.98622,50.71301,0
            15.98538,50.71296,0
            15.98521,50.71298,0
            15.98461,50.71296,0
            15.98373,50.71275,0
            15.98313,50.71249,0
            15.9829,50.71235,0
            15.9825,50.712,0
            15.98232,50.71174,0
            15.98218,50.71144,0
            15.98171,50.70827,0
            15.98169,50.70826,0
            15.98166,50.70826,0
            15.98162,50.70824,0
            15.9816,50.70824,0
            15.98151,50.70818,0
            15.98148,50.70813,0
            15.98148,50.70811,0
            15.98147,50.7081,0
            15.98147,50.70807,0
            15.98151,50.70799,0
            15.98152,50.70799,0
            15.98152,50.70798,0
            15.98161,50.70792,0
            15.98168,50.7079,0
            15.98173,50.7079,0
            15.98175,50.70789,0
            15.98193,50.70792,0
            15.98204,50.70799,0
            15.98206,50.70802,0
            15.98206,50.70804,0
            15.98215,50.70806,0
            15.98245,50.70819,0
            15.98291,50.70828,0
            15.98527,50.7083,0
            15.98632,50.70838,0
            15.98694,50.70838,0
            15.98866,50.70826,0
            15.98938,50.70809,0
            15.98957,50.70812,0
            15.98987,50.70828,0
            15.99125,50.7094,0
            15.99126,50.7094,0
            15.99172,50.70964,0
            15.99231,50.70981,0
            15.99266,50.70986,0
            15.99343,50.70987,0
            15.9939,50.7098,0
            15.99448,50.7096,0
            15.99482,50.70943,0
            15.99506,50.70924,0
            15.9964,50.70781,0
            15.99651,50.70774,0
            15.99717,50.70752,0
            15.99786,50.70667,0
            15.99789,50.70645,0
            15.998,50.70618,0
            15.99822,50.7058,0
            15.99833,50.70549,0
            15.99874,50.705,0
            15.99874,50.70499,0
            15.99886,50.7048,0
            15.99894,50.70461,0
            15.99908,50.70362,0
            15.99914,50.70351,0
            15.99916,50.7035,0
            15.9992,50.70345,0
            15.9994,50.70337,0
            15.99834,50.7018,0
            15.99788,50.70125,0
            15.99667,50.69948,0
            15.99471,50.69708,0
            15.99311,50.69491,0
            15.99304,50.69477,0
            15.99264,50.69353,0
            15.99255,50.69333,0
            15.99253,50.69332,0
            15.99246,50.69321,0
            15.98675,50.68836,0
            15.98674,50.68836,0
            15.98634,50.68815,0
            15.9854,50.6878,0
            15.98319,50.68635,0
            15.97533,50.67913,0
            15.97523,50.67901,0
            15.97305,50.67547,0
            15.97288,50.67529,0
            15.97283,50.67521,0
            15.97284,50.67511,0
            15.97288,50.67499,0
            15.97288,50.67491,0
            15.97287,50.6749,0
            15.97287,50.67488,0
            15.97254,50.67452,0
            15.97001,50.67027,0
            15.96691,50.66459,0
            15.96612,50.66265,0
            15.96612,50.66254,0
            15.96617,50.66238,0
            15.96624,50.66228,0
            15.96638,50.66215,0
            15.96691,50.66181,0
            15.96722,50.66156,0
            15.96734,50.66143,0
            15.96734,50.66142,0
            15.96788,50.66066,0
            15.96796,50.66048,0
            15.96798,50.66029,0
            15.96793,50.66007,0
            15.96794,50.66005,0
            15.96794,50.66001,0
            15.96797,50.65995,0
            15.96802,50.6599,0
            15.96813,50.65971,0
            15.96811,50.65939,0
            15.96828,50.65851,0
            15.96829,50.65829,0
            15.9682,50.65736,0
            15.96822,50.65675,0
            15.96874,50.65146,0
            15.96867,50.65117,0
            15.96853,50.65097,0
            15.96737,50.65003,0
            15.96702,50.64968,0
            15.96624,50.64866,0
            15.96619,50.64855,0
            15.96586,50.6474,0
            15.96578,50.64727,0
            15.96515,50.64674,0
            15.96508,50.64664,0
            15.96503,50.6464,0
            15.96504,50.6463,0
            15.9652,50.64592,0
            15.96521,50.64571,0
            15.96518,50.6456,0
            15.96498,50.64529,0
            15.96498,50.64528,0
            15.96486,50.64508,0
            15.96476,50.64475,0
            15.96472,50.6443,0
            15.96473,50.64382,0
            15.96477,50.64356,0
            15.96495,50.64323,0
            15.96534,50.64277,0
            15.96599,50.64224,0
            15.9661,50.64205,0
            15.96613,50.64193,0
            15.96612,50.6418,0
            15.96609,50.64169,0
            15.96583,50.6412,0
            15.96581,50.64108,0
            15.96593,50.64034,0
            15.96592,50.64021,0
            15.96584,50.64005,0
            15.96479,50.63911,0
            15.96463,50.6389,0
            15.96454,50.63806,0
            15.96449,50.63794,0
            15.96432,50.63775,0
            15.96385,50.63745,0
            15.96372,50.63728,0
            15.96369,50.63719,0
            15.96368,50.63709,0
            15.96374,50.63685,0
            15.96387,50.63652,0
            15.96396,50.63614,0
            15.96395,50.63588,0
            15.96359,50.6346,0
            15.96346,50.63445,0
            15.96286,50.63402,0
            15.96194,50.63321,0
            15.96178,50.6331,0
            15.96115,50.63279,0
            15.96086,50.63272,0
            15.96066,50.63272,0
            15.95958,50.63299,0
            15.95943,50.633,0
            15.95925,50.63297,0
            15.95914,50.63292,0
            15.95912,50.63292,0
            15.95893,50.6328,0
            15.95882,50.63268,0
            15.95863,50.63239,0
            15.95855,50.63235,0
            15.95853,50.63233,0
            15.95841,50.63228,0
            15.95715,50.63211,0
            15.95665,50.63197,0
            15.95634,50.63181,0
            15.95594,50.63138,0
            15.95582,50.63118,0
            15.9557,50.6309,0
            15.95553,50.63061,0
            15.95517,50.63015,0
            15.95494,50.62997,0
            15.954,50.62965,0
            15.95332,50.62952,0
            15.95248,50.62948,0
            15.95206,50.62952,0
            15.95143,50.62947,0
            15.94887,50.62872,0
            15.94816,50.62846,0
            15.94757,50.62818,0
            15.9473,50.62798,0
            15.94711,50.62777,0
            15.94694,50.62745,0
            15.94692,50.62728,0
            15.94693,50.6272,0
            15.94702,50.62697,0
            15.94712,50.62682,0
            15.94744,50.62649,0
            15.94815,50.62601,0
            15.94838,50.62579,0
            15.94869,50.62534,0
            15.94922,50.6247,0
            15.94927,50.62456,0
            15.94928,50.62439,0
            15.94911,50.62346,0
            15.94913,50.62328,0
            15.94917,50.62317,0
            15.94924,50.62308,0
            15.94987,50.62254,0
            15.94995,50.62238,0
            15.94994,50.62227,0
            15.94987,50.62213,0
            15.94978,50.62201,0
            15.94823,50.62088,0
            15.94792,50.62059,0
            15.94734,50.62019,0
            15.94672,50.61986,0
            15.94607,50.61961,0
            15.94588,50.61948,0
            15.94514,50.61879,0
            15.94491,50.61846,0
            15.94485,50.61824,0
            15.94471,50.61732,0
            15.94474,50.61712,0
            15.94487,50.6169,0
            15.94512,50.61658,0
            15.94525,50.61633,0
            15.94543,50.61578,0
            15.94554,50.61556,0
            15.9459,50.61507,0
            15.94612,50.61484,0
            15.94641,50.61468,0
            15.94856,50.61405,0
            15.94902,50.61387,0
            15.94939,50.61366,0
            15.94983,50.61325,0
            15.95118,50.61159,0
            15.95125,50.6114,0
            15.95133,50.61085,0
            15.95134,50.61084,0
            15.95136,50.61072,0
            15.95155,50.61027,0
            15.95217,50.60916,0
            15.9524,50.60894,0
            15.95304,50.60861,0
            15.95347,50.60845,0
            15.95348,50.60844,0
            15.95448,50.60809,0
            15.95464,50.60799,0
            15.95476,50.60788,0
            15.95499,50.60758,0
            15.955,50.60758,0
            15.95506,50.60745,0
            15.95508,50.60727,0
            15.95506,50.60719,0
            15.95498,50.60704,0
            15.95491,50.60697,0
            15.9544,50.60666,0
            15.95425,50.60653,0
            15.95425,50.60652,0
            15.95375,50.60596,0
            15.95352,50.60564,0
            15.95352,50.60563,0
            15.95347,50.60557,0
            15.9529,50.60436,0
            15.95218,50.60351,0
            15.94993,50.6017,0
            15.94978,50.60155,0
            15.94948,50.60108,0
            15.94933,50.60067,0
            15.94913,50.59962,0
            15.94907,50.59945,0
            15.94897,50.59928,0
            15.94896,50.59928,0
            15.94883,50.59915,0
            15.94749,50.59857,0
            15.94633,50.59815,0
            15.94613,50.59803,0
            15.94585,50.59779,0
            15.94327,50.59598,0
            15.94292,50.59563,0
            15.94268,50.5953,0
            15.94255,50.59496,0
            15.94251,50.5947,0
            15.94255,50.5942,0
            15.94266,50.59381,0
            15.94285,50.59353,0
            15.94544,50.59069,0
            15.94553,50.59052,0
            15.94557,50.59036,0
            15.9458,50.58767,0
            15.94585,50.5875,0
            15.94614,50.58695,0
            15.94647,50.58651,0
            15.94653,50.58638,0
            15.94656,50.58619,0
            15.94667,50.58351,0
            15.9466,50.58325,0
            15.94589,50.58181,0
            15.94571,50.58153,0
            15.94532,50.58076,0
            15.94526,50.58053,0
            15.9451,50.57925,0
            15.94503,50.57894,0
            15.94482,50.57853,0
            15.94459,50.57824,0
            15.94441,50.57809,0
            15.93939,50.57564,0
            15.93724,50.57442,0
            15.93494,50.57195,0
            15.93415,50.57121,0
            15.93414,50.57121,0
            15.9336,50.57079,0
            15.9336,50.57078,0
            15.93105,50.56883,0
            15.93065,50.56857,0
            15.93005,50.56826,0
            15.92809,50.56749,0
            15.92779,50.56727,0
            15.92709,50.56704,0
            15.926,50.56655,0
            15.9259,50.56647,0
            15.92586,50.56631,0
            15.92584,50.56631,0
            15.92584,50.5663,0
            15.92582,50.5663,0
            15.92582,50.56629,0
            15.9258,50.56629,0
            15.9258,50.56628,0
            15.92579,50.56628,0
            15.92579,50.56627,0
            15.92578,50.56627,0
            15.92578,50.56626,0
            15.92577,50.56626,0
            15.92577,50.56623,0
            15.92493,50.56603,0
            15.92432,50.56579,0
            15.92395,50.5656,0
            15.92378,50.56547,0
            15.92376,50.56547,0
            15.92375,50.56548,0
            15.92362,50.56548,0
            15.92361,50.56547,0
            15.92359,50.56547,0
            15.92358,50.56546,0
            15.92356,50.56546,0
            15.92356,50.56545,0
            15.92355,50.56545,0
            15.92354,50.56544,0
            15.92353,50.56544,0
            15.92353,50.56543,0
            15.92352,50.56542,0
            15.92351,50.56542,0
            15.92351,50.56541,0
            15.9235,50.56541,0
            15.9235,50.56539,0
            15.92349,50.56539,0
            15.92349,50.56535,0
            15.9235,50.56534,0
            15.92327,50.56529,0
            15.91783,50.56285,0
            15.91778,50.56286,0
            15.91777,50.56287,0
            15.9177,50.56287,0
            15.91769,50.56286,0
            15.91766,50.56286,0
            15.91765,50.56285,0
            15.91763,50.56285,0
            15.91762,50.56284,0
            15.91761,50.56284,0
            15.9176,50.56283,0
            15.91759,50.56283,0
            15.91758,50.56282,0
            15.91757,50.56282,0
            15.91757,50.56281,0
            15.91755,50.56279,0
            15.91755,50.56278,0
            15.91754,50.56278,0
            15.91754,50.56276,0
            15.91753,50.56275,0
            15.91753,50.56272,0
            15.91754,50.56271,0
            15.91754,50.5627,0
            15.91755,50.56269,0
            15.91755,50.56268,0
            15.91756,50.56267,0
            15.91757,50.56267,0
            15.91757,50.56266,0
            15.91758,50.56265,0
            15.91759,50.56265,0
            15.9176,50.56264,0
            15.91761,50.56264,0
            15.91762,50.56263,0
            15.91763,50.56263,0
            15.91764,50.56262,0
            15.91765,50.56262,0
            15.91765,50.56253,0
            15.91764,50.56251,0
            15.91766,50.56245,0
            15.91758,50.56232,0
            15.91741,50.56179,0
            15.91733,50.56167,0
            15.91695,50.56126,0
            15.91674,50.56108,0
            15.91605,50.56069,0
            15.91605,50.56068,0
            15.9133,50.55964,0
            15.91273,50.55948,0
            15.91066,50.55937,0
            15.91022,50.55931,0
            15.90985,50.55922,0
            15.90806,50.55853,0
            15.90805,50.55854,0
            15.90804,50.55854,0
            15.90803,50.55855,0
            15.90801,50.55855,0
            15.90799,50.55856,0
            15.90788,50.55856,0
            15.90787,50.55855,0
            15.90784,50.55855,0
            15.90783,50.55854,0
            15.90782,50.55854,0
            15.90779,50.55852,0
            15.90778,50.55852,0
            15.90775,50.55849,0
            15.90775,50.55848,0
            15.90774,50.55848,0
            15.90774,50.55847,0
            15.90773,50.55846,0
            15.90773,50.55845,0
            15.9072,50.55836,0
            15.90338,50.5582,0
            15.90257,50.55822,0
            15.90256,50.55823,0
            15.90256,50.55824,0
            15.90254,50.55826,0
            15.90253,50.55826,0
            15.90251,50.55828,0
            15.9025,50.55828,0
            15.90248,50.5583,0
            15.90246,50.5583,0
            15.90245,50.55831,0
            15.90242,50.55831,0
            15.90241,50.55832,0
            15.9023,50.55832,0
            15.90228,50.55831,0
            15.90225,50.55831,0
            15.90224,50.5583,0
            15.90222,50.5583,0
            15.90221,50.55829,0
            15.9022,50.55829,0
            15.90218,50.55827,0
            15.90217,50.55827,0
            15.90213,50.55823,0
            15.90213,50.55822,0
            15.90212,50.55821,0
            15.90212,50.55819,0
            15.90211,50.55818,0
            15.90212,50.55813,0
            15.90213,50.55812,0
            15.90213,50.55811,0
            15.90214,50.5581,0
            15.90215,50.5581,0
            15.90215,50.55809,0
            15.90216,50.55808,0
            15.90217,50.55808,0
            15.90217,50.55807,0
            15.90218,50.55807,0
            15.90221,50.55805,0
            15.90222,50.55805,0
            15.90223,50.55804,0
            15.90225,50.55804,0
            15.90226,50.55803,0
            15.90229,50.55803,0
            15.90231,50.55802,0
            15.90235,50.5579,0
            15.90241,50.55749,0
            15.90259,50.55696,0
            15.90288,50.55645,0
            15.90351,50.55564,0
            15.90352,50.55564,0
            15.90361,50.5555,0
            15.90415,50.55434,0
            15.90448,50.55384,0
            15.90459,50.55375,0
            15.90647,50.55158,0
            15.9118,50.54637,0
            15.91229,50.54576,0
            15.91268,50.54513,0
            15.91287,50.54471,0
            15.91307,50.54405,0
            15.91316,50.54341,0
            15.91315,50.54284,0
            15.91305,50.5422,0
            15.91252,50.54037,0
            15.91245,50.53984,0
            15.91271,50.53337,0
            15.91275,50.53313,0
            15.91288,50.53272,0
            15.91299,50.53248,0
            15.91322,50.53211,0
            15.91353,50.53172,0
            15.91718,50.52825,0
            15.91764,50.52765,0
            15.91764,50.52764,0
            15.91784,50.52732,0
            15.9187,50.5254,0
            15.91879,50.52496,0
            15.91877,50.52463,0
            15.91868,50.52434,0
            15.91857,50.52411,0
            15.91834,50.5238,0
            15.91791,50.5234,0
            15.91634,50.52235,0
            15.91596,50.52197,0
            15.9157,50.52154,0
            15.91563,50.52134,0
            15.91559,50.52112,0
            15.91559,50.5208,0
            15.9158,50.51975,0
            15.91583,50.51925,0
            15.91577,50.51879,0
            15.9152,50.51635,0
            15.91476,50.51534,0
            15.91449,50.51488,0
            15.91397,50.51416,0
            15.91337,50.5135,0
            15.91195,50.51219,0
            15.91,50.51062,0
            15.90955,50.51036,0
            15.90884,50.51005,0
            15.90848,50.50994,0
            15.90773,50.5098,0
            15.90428,50.50966,0
            15.9033,50.50948,0
            15.90251,50.5092,0
            15.90213,50.50901,0
            15.90164,50.50866,0
            15.90121,50.50824,0
            15.901,50.50795,0
            15.90084,50.50765,0
            15.9003,50.50599,0
            15.90029,50.50598,0
            15.89966,50.50408,0
            15.8991,50.50297,0
            15.89888,50.50264,0
            15.89888,50.50263,0
            15.89862,50.50225,0
            15.89801,50.50151,0
            15.89519,50.49878,0
            15.89494,50.49846,0
            15.89455,50.49784,0
            15.89437,50.49744,0
            15.8935,50.49488,0
            15.89325,50.4944,0
            15.8931,50.49418,0
            15.89272,50.49374,0
            15.89234,50.49341,0
            15.89008,50.49204,0
            15.88968,50.49171,0
            15.88968,50.4917,0
            15.88952,50.49154,0
            15.88922,50.49115,0
            15.8887,50.4901,0
            15.88855,50.48987,0
            15.88825,50.48951,0
            15.88757,50.48897,0
            15.88726,50.48878,0
            15.8765,50.48365,0
            15.87574,50.48314,0
            15.87496,50.4825,0
            15.87456,50.48208,0
            15.87416,50.48158,0
            15.87373,50.4809,0
            15.87212,50.47726,0
            15.87194,50.47698,0
            15.87078,50.47567,0
            15.87077,50.47567,0
            15.87073,50.47562,0
            15.87062,50.47539,0
            15.87024,50.4738,0
            15.87013,50.47355,0
            15.8698,50.47309,0
            15.86904,50.47224,0
            15.86887,50.47199,0
            15.86861,50.47143,0
            15.86793,50.46886,0
            15.86787,50.46871,0
            15.86771,50.46848,0
            15.867,50.46778,0
            15.86647,50.46713,0
            15.86563,50.46526,0
            15.8651,50.46445,0
            15.8645,50.46379,0
            15.86417,50.46352,0
            15.86216,50.4622,0
            15.86204,50.46206,0
            15.86115,50.46035,0
            15.86083,50.45986,0
            15.85867,50.45717,0
            15.85861,50.45702,0
            15.85859,50.45689,0
            15.85861,50.45666,0
            15.85871,50.45619,0
            15.85871,50.45607,0
            15.85865,50.4558,0
            15.8584,50.45129,0
            15.85832,50.45083,0
            15.85668,50.447,0
            15.85662,50.44677,0
            15.85659,50.44636,0
            15.85664,50.44604,0
            15.85681,50.44562,0
            15.85712,50.44516,0
            15.86062,50.44121,0
            15.86113,50.44078,0
            15.86295,50.43971,0
            15.8635,50.43933,0
            15.86406,50.43871,0
            15.86634,50.43548,0
            15.86672,50.43476,0
            15.8681,50.43164,0
            15.86888,50.4303,0
            15.86888,50.43029,0
            15.86911,50.42996,0
            15.86996,50.42899,0
            15.87113,50.42799,0
            15.87207,50.42737,0
            15.87216,50.42729,0
            15.87349,50.42648,0
            15.87436,50.4258,0
            15.87447,50.42575,0
            15.87565,50.42482,0
            15.87612,50.42451,0
            15.87933,50.42275,0
            15.88006,50.42221,0
            15.8809,50.4214,0
            15.88227,50.41953,0
            15.88226,50.41947,0
            15.88317,50.41817,0
            15.88358,50.41741,0
            15.88382,50.41682,0
            15.88386,50.41679,0
            15.88392,50.41664,0
            15.88553,50.40868,0
            15.88568,50.40821,0
            15.88596,50.40759,0
            15.88646,50.40681,0
            15.88673,50.40648,0
            15.88738,50.40584,0
            15.88808,50.40526,0
            15.88809,50.40523,0
            15.89118,50.40272,0
            15.89232,50.40204,0
            15.89426,50.40127,0
            15.89521,50.40079,0
            15.89581,50.40039,0
            15.89653,50.39972,0
            15.89777,50.39819,0
            15.89879,50.39711,0
            15.89879,50.3971,0
            15.89996,50.39608,0
            15.90482,50.39226,0
            15.90563,50.39152,0
            15.9063,50.39073,0
            15.90674,50.3901,0
            15.90745,50.38875,0
            15.90799,50.38796,0
            15.9085,50.38734,0
            15.90887,50.38697,0
            15.90953,50.38641,0
            15.90954,50.38641,0
            15.9154,50.38201,0
            15.91749,50.38066,0
            15.9177,50.38045,0
            15.91791,50.38011,0
            15.91796,50.37992,0
            15.91794,50.37917,0
            15.9179,50.37905,0
            15.91751,50.3786,0
            15.91614,50.37668,0
            15.91559,50.37605,0
            15.91525,50.37574,0
            15.91449,50.37517,0
            15.91437,50.37515,0
            15.91414,50.375,0
            15.91381,50.37489,0
            15.91354,50.37485,0
            15.91312,50.37488,0
            15.91267,50.37499,0
            15.91163,50.37547,0
            15.91055,50.37586,0
            15.90887,50.37632,0
            15.90394,50.37719,0
            15.90334,50.3772,0
            15.9027,50.37709,0
            15.90216,50.37687,0
            15.90193,50.37672,0
            15.90175,50.37656,0
            15.90168,50.37647,0
            15.90166,50.37646,0
            15.90151,50.37622,0
            15.90147,50.37612,0
            15.90143,50.37586,0
            15.90145,50.3756,0
            15.90156,50.37534,0
            15.9017,50.37514,0
            15.90279,50.37418,0
            15.90295,50.37397,0
            15.90307,50.37376,0
            15.90311,50.37363,0
            15.90315,50.37324,0
            15.90322,50.37315,0
            15.90302,50.37232,0
            15.9029,50.37158,0
            15.90238,50.36969,0
            15.90206,50.36875,0
            15.90067,50.36568,0
            15.89982,50.36417,0
            15.89813,50.36174,0
            15.8966,50.35984,0
            15.89519,50.35833,0
            15.8937,50.35694,0
            15.89164,50.3552,0
            15.88259,50.34848,0
            15.87962,50.34576,0
            15.87839,50.34447,0
            15.8763,50.34185,0
            15.87494,50.33983,0
            15.8743,50.3387,0
            15.87299,50.33607,0
            15.87299,50.33605,0
            15.87037,50.32981,0
            15.87036,50.32981,0
            15.87007,50.32912,0
            15.86909,50.32719,0
            15.86847,50.32617,0
            15.86749,50.32489,0
            15.86603,50.32337,0
            15.8652,50.32264,0
            15.85877,50.31785,0
            15.85677,50.31621,0
            15.85465,50.31421,0
            15.85296,50.31241,0
            15.85148,50.31056,0
            15.84936,50.30745,0
            15.84936,50.30744,0
            15.84702,50.30375,0
            15.846,50.3024,0
            15.84526,50.30153,0
            15.84292,50.29945,0
            15.8416,50.29848,0
            15.84013,50.29753,0
            15.83802,50.29636,0
            15.83075,50.29304,0
            15.82846,50.29186,0
            15.8262,50.29051,0
            15.82472,50.28945,0
            15.822,50.2872,0
            15.82009,50.28536,0
            15.81747,50.28249,0
            15.81572,50.28028,0
            15.81399,50.27766,0
            15.81284,50.27564,0
            15.80997,50.26951,0
            15.80872,50.26713,0
            15.80733,50.26488,0
            15.80559,50.26262,0
            15.80428,50.2611,0
            15.80274,50.25948,0
            15.80053,50.2575,0
            15.79864,50.256,0
            15.79605,50.2542,0
            15.7946,50.25329,0
            15.78418,50.24757,0
            15.78135,50.24582,0
            15.77834,50.24355,0
            15.77725,50.24256,0
            15.77521,50.24018,0
            15.77416,50.23869,0
            15.77299,50.23659,0
            15.77248,50.23535,0
            15.77197,50.23365,0
            15.77177,50.2327,0
            15.77162,50.23163,0
            15.77154,50.2301,0
            15.77161,50.22818,0
            15.77246,50.22031,0
            15.77252,50.21831,0
            15.77241,50.21606,0
            15.77205,50.21333,0
            15.77151,50.21096,0
            15.77107,50.20946,0
            15.77039,50.20754,0
            15.76921,50.20489,0
            15.76823,50.20305,0
            15.76409,50.1964,0
            15.76302,50.19424,0
            15.76257,50.19301,0
            15.76225,50.19172,0
            15.76198,50.19017,0
            15.76192,50.18883,0
            15.76201,50.18725,0
            15.76301,50.18164,0
            15.76316,50.18045,0
            15.76321,50.17911,0
            15.76314,50.17803,0
            15.76293,50.17656,0
            15.76248,50.17477,0
            15.76222,50.17404,0
            15.76151,50.17242,0
            15.76085,50.17124,0
            15.75906,50.16862,0
            15.75796,50.16719,0
            15.75568,50.16448,0
            15.75227,50.16112,0
            15.74865,50.15809,0
            15.74633,50.15638,0
            15.74378,50.15467,0
            15.74035,50.15261,0
            15.73553,50.15005,0
            15.7316,50.14818,0
            15.72447,50.14521,0
            15.71921,50.14334,0
            15.71118,50.14095,0
            15.70578,50.13963,0
            15.69854,50.13819,0
            15.69435,50.13752,0
            15.68815,50.13673,0
            15.68106,50.13614,0
            15.67605,50.13594,0
            15.67179,50.13597,0
            15.6681,50.13615,0
            15.6641,50.1365,0
            15.65107,50.13802,0
            15.64476,50.13832,0
            15.63619,50.13821,0
            15.631,50.1379,0
            15.62428,50.13719,0
            15.61602,50.13586,0
            15.60933,50.13439,0
            15.59668,50.13089,0
            15.5905,50.1294,0
            15.58716,50.12874,0
            15.58136,50.12783,0
            15.57688,50.12742,0
            15.57426,50.12733,0
            15.57086,50.12739,0
            15.56783,50.12773,0
            15.56642,50.12799,0
            15.5637,50.1287,0
            15.55847,50.1305,0
            15.55639,50.13113,0
            15.55296,50.13198,0
            15.54512,50.13356,0
            15.53771,50.13544,0
            15.534,50.13611,0
            15.53079,50.13641,0
            15.52729,50.1365,0
            15.52487,50.13635,0
            15.5221,50.13604,0
            15.51896,50.13546,0
            15.51172,50.13344,0
            15.50716,50.13232,0
            15.50148,50.13132,0
            15.49628,50.13075,0
            15.49088,50.1305,0
            15.48043,50.13048,0
            15.47623,50.13026,0
            15.47621,50.13025,0
            15.46142,50.12859,0
            15.45601,50.12837,0
            15.45317,50.1284,0
            15.44933,50.12859,0
            15.44931,50.1286,0
            15.44713,50.12878,0
            15.44271,50.12934,0
            15.43362,50.13076,0
            15.43053,50.13101,0
            15.42689,50.13108,0
            15.42271,50.13086,0
            15.41992,50.13053,0
            15.41755,50.13012,0
            15.39924,50.12602,0
            15.39738,50.1257,0
            15.39362,50.12533,0
            15.39181,50.12526,0
            15.38826,50.12535,0
            15.38506,50.12569,0
            15.38358,50.12593,0
            15.37444,50.12803,0
            15.36842,50.12905,0
            15.36386,50.12953,0
            15.35828,50.12978,0
            15.35342,50.12971,0
            15.34463,50.12921,0
            15.34033,50.12911,0
            15.32755,50.12961,0
            15.32569,50.12954,0
            15.32333,50.12932,0
            15.32149,50.12905,0
            15.31858,50.1284,0
            15.31708,50.12796,0
            15.31443,50.12698,0
            15.31352,50.12657,0
            15.30808,50.12365,0
            15.30677,50.12306,0
            15.30472,50.12233,0
            15.30324,50.12192,0
            15.30144,50.12153,0
            15.29866,50.12113,0
            15.29694,50.12101,0
            15.29411,50.12101,0
            15.28507,50.12168,0
            15.28055,50.1218,0
            15.27758,50.12169,0
            15.27413,50.1214,0
            15.27066,50.12092,0
            15.25967,50.11866,0
            15.25622,50.11808,0
            15.25329,50.1177,0
            15.24942,50.11736,0
            15.24492,50.11718,0
            15.23124,50.11739,0
            15.22817,50.1173,0
            15.21654,50.11657,0
            15.20764,50.11645,0
            15.20762,50.11646,0
            15.20165,50.11666,0
            15.19274,50.1174,0
            15.18281,50.11867,0
            15.17985,50.11893,0
            15.17609,50.11909,0
            15.1723,50.11904,0
            15.14359,50.11759,0
            15.13299,50.11757,0
            15.12699,50.11784,0
            15.1199,50.11842,0
            15.10003,50.12065,0
            15.09497,50.12098,0
            15.08776,50.1212,0
            15.06663,50.12107,0
            15.06257,50.1212,0
            15.05711,50.1216,0
            15.03924,50.12337,0
            15.03398,50.12368,0
            15.02926,50.12381,0
            15.02234,50.12375,0
            15.01658,50.12348,0
            15.01157,50.12307,0
            15.00482,50.12227,0
            15.00008,50.12153,0
            14.98074,50.11765,0
            14.9762,50.11693,0
            14.97173,50.11643,0
            14.96758,50.11622,0
            14.9638,50.11617,0
            14.95694,50.11651,0
            14.95178,50.11714,0
            14.94516,50.11841,0
            14.94515,50.11842,0
            14.94436,50.1186,0
            14.92448,50.12439,0
            14.9201,50.12544,0
            14.91512,50.12642,0
            14.90969,50.12725,0
            14.90239,50.12798,0
            14.88364,50.12869,0
            14.87876,50.12904,0
            14.87874,50.12905,0
            14.87529,50.12946,0
            14.8723,50.12995,0
            14.8671,50.13112,0
            14.86216,50.13265,0
            14.85416,50.13537,0
            14.85235,50.13587,0
            14.8493,50.13656,0
            14.8451,50.13721,0
            14.84071,50.13754,0
            14.83574,50.13749,0
            14.83297,50.13727,0
            14.82909,50.13676,0
            14.81508,50.13422,0
            14.81325,50.13396,0
            14.81323,50.13395,0
            14.80926,50.13349,0
            14.80522,50.13317,0
            14.79987,50.13298,0
            14.79549,50.13301,0
            14.78225,50.13348,0
            14.77491,50.13344,0
            14.77115,50.13323,0
            14.76602,50.13273,0
            14.75901,50.13169,0
            14.75225,50.13042,0
            14.73271,50.12631,0
            14.72328,50.12461,0
            14.71735,50.12375,0
            14.70765,50.12276,0
            14.68963,50.1219,0
            14.68358,50.12117,0
            14.67861,50.12028,0
            14.67292,50.11889,0
            14.67042,50.11814,0
            14.6607,50.11464,0
            14.66069,50.11463,0
            14.65606,50.1131,0
            14.65191,50.11193,0
            14.6261,50.1062,0
            14.62284,50.10531,0
            14.62011,50.10443,0
            14.6179,50.10361,0
            14.61051,50.10056,0
            14.60778,50.09972,0
            14.60616,50.09936,0
            14.60321,50.09892,0
            14.60128,50.0988,0
            14.59814,50.09881,0
            14.59807,50.09886,0
            14.59804,50.09886,0
            14.59802,50.09887,0
            14.59746,50.09893,0
            14.59646,50.09914,0
            14.59596,50.09929,0
            14.59544,50.09951,0
            14.59456,50.09998,0
            14.5929,50.10102,0
            14.5922,50.10134,0
            14.59194,50.1014,0
            14.59193,50.10141,0
            14.59138,50.10148,0
            14.59119,50.10148,0
            14.59045,50.10135,0
            14.59044,50.10134,0
            14.59015,50.10124,0
            14.58993,50.10113,0
            14.58976,50.10101,0
            14.58975,50.10101,0
            14.58953,50.10081,0
            14.58953,50.1008,0
            14.5895,50.10078,0
            14.58938,50.1006,0
            14.58931,50.10044,0
            14.58926,50.10017,0
            14.58927,50.10001,0
            14.58937,50.09971,0
            14.58963,50.0994,0
            14.59011,50.09904,0
            14.59255,50.09749,0
            14.59286,50.09723,0
            14.59328,50.09668,0
            14.59348,50.09626,0
            14.59406,50.09431,0
            14.59407,50.0943,0
            14.59439,50.09279,0
            14.59463,50.09071,0
            14.59467,50.08938,0
            14.59475,50.08933,0
            14.59472,50.08816,0
            14.59456,50.08668,0
            14.59433,50.08532,0
            14.59284,50.08083,0
            14.59177,50.0787,0
            14.59149,50.07825,0
            14.59106,50.07776,0
            14.59042,50.07729,0
            14.58974,50.07693,0
            14.58892,50.07662,0
            14.58813,50.07642,0
            14.58749,50.07631,0
            14.58608,50.07625,0
            14.5813,50.07684,0
            14.57096,50.0771,0
            14.56857,50.07742,0
            14.56259,50.07866,0
            14.56077,50.07886,0
            14.55874,50.07892,0
            14.55723,50.07885,0
            14.55721,50.07884,0
            14.55592,50.07871,0
            14.55429,50.07843,0
            14.55317,50.07816,0
            14.55316,50.07815,0
            14.5514,50.0776,0
            14.54248,50.07387,0
            14.53279,50.07103,0
            14.53278,50.07102,0
            14.52377,50.06817,0
            14.52285,50.06778,0
            14.52013,50.0669,0
            14.51945,50.06662,0
            14.51881,50.06619,0
            14.51847,50.06586,0
            14.5179,50.06518,0
            14.5173,50.06464,0
            14.51674,50.06429,0
            14.51421,50.06327,0
            14.50769,50.06119,0
            14.50713,50.06109,0
            14.50621,50.06103,0
            14.50543,50.06109,0
            14.49976,50.06197,0
            14.49786,50.06196,0
            14.49685,50.06185,0
            14.4955,50.06156,0
            14.49482,50.06136,0
            14.49045,50.05955,0
            14.48989,50.05936,0
            14.48841,50.05909,0
            14.48693,50.05906,0
            14.48334,50.0592,0
            14.4823,50.05907,0
            14.48192,50.05898,0
            14.48092,50.05863,0
            14.48021,50.05816,0
            14.47979,50.05776,0
            14.47942,50.05719,0
            14.47932,50.05676,0
            14.47929,50.05605,0
            14.47951,50.05349,0
            14.47947,50.05283,0
            14.47933,50.05227,0
            14.4791,50.05178,0
            14.47888,50.05143,0
            14.47878,50.05141,0
            14.47837,50.05096,0
            14.47787,50.05051,0
            14.47739,50.05018,0
            14.47716,50.05006,0
            14.47698,50.05002,0
            14.47682,50.05002,0
            14.4766,50.05011,0
            14.47659,50.05013,0
            14.47657,50.05014,0
            14.47646,50.05032,0
            14.47646,50.05037,0
            14.4765,50.05049,0
            14.47659,50.05057,0
            14.47692,50.05073,0
            14.47739,50.0508,0
            14.47765,50.05079,0
            14.47777,50.05076,0
            14.4779,50.0507,0
            14.47894,50.04998,0
            14.47894,50.04997,0
            14.48082,50.04926,0
            14.4813,50.04899,0
            14.48318,50.04752,0
            14.48419,50.04686,0
            14.48572,50.04615,0
            14.48734,50.0456,0
            14.48787,50.04535,0
            14.48826,50.0451,0
            14.48853,50.04488,0
            14.48875,50.04465,0
            14.489,50.04429,0
            14.48911,50.04407,0
            14.48924,50.04368,0
            14.48924,50.04362,0
            14.48925,50.04361,0
            14.48925,50.04321,0
            14.48919,50.0429,0
            14.48918,50.04289,0
            14.48906,50.04256,0
            14.48817,50.0411,0
            14.48806,50.04079,0
            14.48789,50.03993,0
            14.48796,50.03919,0
            14.48811,50.03866,0
            14.48846,50.03804,0
            14.48862,50.03782,0
            14.48921,50.0372,0
            14.49033,50.0363,0
            14.4909,50.03566,0
            14.49107,50.03539,0
            14.49112,50.03535,0
            14.4916,50.03438,0
            14.49251,50.03216,0
            14.49324,50.03081,0
            14.49369,50.03025,0
            14.49508,50.02883,0
            14.49511,50.02878,0
            14.49544,50.02849,0
            14.49696,50.02737,0
            14.4974,50.02719,0
            14.49811,50.02676,0
            14.49969,50.02599,0
            14.53647,50.01151,0
            14.5404,50.01025,0
            14.54411,50.00932,0
            14.55973,50.00658,0
            14.56271,50.00588,0
            14.56615,50.0048,0
            14.56951,50.00341,0
            14.57172,50.00227,0
            14.57186,50.00222,0
            14.59602,49.98831,0
            14.59798,49.98706,0
            14.60173,49.9844,0
            14.61157,49.97631,0
            14.61172,49.97622,0
            14.64533,49.9485,0
            14.64582,49.94815,0
            14.64768,49.94711,0
            14.64952,49.94638,0
            14.68186,49.93759,0
            14.68292,49.93724,0
            14.68538,49.93623,0
            14.68703,49.93535,0
            14.69379,49.93121,0
            14.69752,49.92835,0
            14.70096,49.92535,0
            14.70229,49.92394,0
            14.70792,49.91741,0
            14.70796,49.91729,0
            14.70894,49.91594,0
            14.71089,49.91418,0
            14.71113,49.91391,0
            14.71131,49.91356,0
            14.71136,49.91335,0
            14.71137,49.91308,0
            14.71135,49.91294,0
            14.7112,49.91257,0
            14.7111,49.91242,0
            14.71111,49.91236,0
            14.71054,49.91174,0
            14.71054,49.91173,0
            14.7095,49.91035,0
            14.70927,49.90983,0
            14.70916,49.90927,0
            14.70918,49.90886,0
            14.70933,49.90834,0
            14.70971,49.90775,0
            14.71012,49.90729,0
            14.71078,49.90678,0
            14.7114,49.90644,0
            14.71329,49.90566,0
            14.71342,49.90564,0
            14.71404,49.90526,0
            14.7146,49.90477,0
            14.71496,49.90433,0
            14.71508,49.90413,0
            14.7153,49.90361,0
            14.71539,49.90304,0
            14.71538,49.90275,0
            14.71531,49.90238,0
            14.71507,49.90178,0
            14.71382,49.89949,0
            14.71357,49.89887,0
            14.71348,49.89855,0
            14.71342,49.89801,0
            14.71344,49.89757,0
            14.71393,49.89499,0
            14.71393,49.89413,0
            14.7138,49.89345,0
            14.71346,49.8926,0
            14.71096,49.88783,0
            14.71095,49.88783,0
            14.70708,49.8803,0
            14.70689,49.87972,0
            14.70676,49.87907,0
            14.70672,49.87827,0
            14.70685,49.8772,0
            14.70784,49.87424,0
            14.70796,49.87285,0
            14.70793,49.87211,0
            14.70792,49.87208,0
            14.70789,49.87205,0
            14.70771,49.87116,0
            14.70725,49.86979,0
            14.70708,49.86945,0
            14.7071,49.86942,0
            14.70661,49.86855,0
            14.70661,49.86854,0
            14.70595,49.86765,0
            14.70523,49.86687,0
            14.70462,49.8663,0
            14.70394,49.86577,0
            14.70065,49.86365,0
            14.7005,49.86361,0
            14.69771,49.86183,0
            14.69767,49.86176,0
            14.69558,49.86034,0
            14.69558,49.86033,0
            14.68487,49.85241,0
            14.68331,49.85108,0
            14.68216,49.84974,0
            14.68171,49.84904,0
            14.6813,49.84818,0
            14.6809,49.84701,0
            14.68078,49.84644,0
            14.68069,49.84561,0
            14.6807,49.84468,0
            14.68077,49.84413,0
            14.68107,49.84293,0
            14.6827,49.83873,0
            14.68305,49.83819,0
            14.68373,49.83751,0
            14.68607,49.83575,0
            14.68674,49.83504,0
            14.68709,49.83448,0
            14.68726,49.83409,0
            14.68742,49.83359,0
            14.6875,49.83288,0
            14.68744,49.83234,0
            14.68731,49.83182,0
            14.68606,49.82805,0
            14.6852,49.8251,0
            14.68066,49.8069,0
            14.68035,49.80535,0
            14.68009,49.8034,0
            14.67953,49.79428,0
            14.67937,49.7941,0
            14.6791,49.79404,0
            14.67899,49.79397,0
            14.67895,49.79392,0
            14.67893,49.79385,0
            14.67893,49.79376,0
            14.67897,49.79369,0
            14.67903,49.79364,0
            14.67923,49.79339,0
            14.67929,49.79324,0
            14.67898,49.79206,0
            14.67524,49.78102,0
            14.67511,49.78052,0
            14.67509,49.78034,0
            14.67504,49.78027,0
            14.67496,49.7793,0
            14.67499,49.7787,0
            14.6751,49.77813,0
            14.67516,49.77805,0
            14.67528,49.77744,0
            14.67529,49.77744,0
            14.67625,49.77229,0
            14.67631,49.77146,0
            14.67629,49.77077,0
            14.6759,49.7672,0
            14.67578,49.76673,0
            14.67571,49.76657,0
            14.67549,49.76639,0
            14.67545,49.76632,0
            14.67545,49.76629,0
            14.67546,49.76628,0
            14.67546,49.76627,0
            14.67548,49.76625,0
            14.67548,49.76623,0
            14.6755,49.76622,0
            14.67553,49.76618,0
            14.67554,49.76618,0
            14.67561,49.76602,0
            14.67563,49.76588,0
            14.67535,49.7646,0
            14.67505,49.76354,0
            14.67504,49.76353,0
            14.6736,49.75875,0
            14.67351,49.75829,0
            14.67329,49.75586,0
            14.67327,49.75582,0
            14.67319,49.75574,0
            14.67297,49.75497,0
            14.67267,49.75415,0
            14.67259,49.75381,0
            14.6726,49.75368,0
            14.67242,49.75282,0
            14.67237,49.75225,0
            14.67238,49.75169,0
            14.67257,49.75053,0
            14.67304,49.74912,0
            14.67321,49.74834,0
            14.67322,49.74786,0
            14.67311,49.74718,0
            14.67298,49.74673,0
            14.67267,49.7461,0
            14.67234,49.74561,0
            14.67189,49.74508,0
            14.67145,49.74467,0
            14.67105,49.74438,0
            14.67099,49.7443,0
            14.67031,49.74387,0
            14.66498,49.74149,0
            14.66372,49.74077,0
            14.66317,49.74032,0
            14.66255,49.73965,0
            14.66218,49.73903,0
            14.66196,49.73846,0
            14.66158,49.73645,0
            14.66152,49.7364,0
            14.661,49.73306,0
            14.66103,49.73303,0
            14.66019,49.72818,0
            14.65986,49.72687,0
            14.65953,49.72586,0
            14.6586,49.7236,0
            14.6559,49.71897,0
            14.65582,49.71894,0
            14.65557,49.71849,0
            14.65557,49.71848,0
            14.65549,49.71834,0
            14.65549,49.71833,0
            14.65516,49.71774,0
            14.65508,49.71754,0
            14.65488,49.71718,0
            14.65476,49.71689,0
            14.6545,49.71579,0
            14.65448,49.71545,0
            14.6545,49.7154,0
            14.65444,49.71448,0
            14.65446,49.71389,0
            14.65459,49.71276,0
            14.65514,49.70951,0
            14.65526,49.70837,0
            14.65529,49.70717,0
            14.65515,49.70501,0
            14.65477,49.70297,0
            14.65445,49.70185,0
            14.6535,49.69943,0
            14.65223,49.69715,0
            14.648,49.69054,0
            14.64629,49.68717,0
            14.64539,49.68465,0
            14.64474,49.68223,0
            14.64459,49.68125,0
            14.64457,49.68047,0
            14.64462,49.6799,0
            14.64472,49.67936,0
            14.64542,49.67685,0
            14.6455,49.67621,0
            14.64551,49.67531,0
            14.64545,49.67493,0
            14.64529,49.67431,0
            14.64497,49.67346,0
            14.64441,49.67249,0
            14.64406,49.67203,0
            14.64404,49.67202,0
            14.64333,49.67123,0
            14.64255,49.67059,0
            14.64252,49.67055,0
            14.64186,49.67008,0
            14.64011,49.66907,0
            14.63895,49.6683,0
            14.63782,49.66739,0
            14.63715,49.66671,0
            14.63602,49.66512,0
            14.6355,49.66376,0
            14.63547,49.66356,0
            14.63307,49.6561,0
            14.63289,49.65521,0
            14.63288,49.65485,0
            14.63292,49.65439,0
            14.63316,49.65312,0
            14.63337,49.65241,0
            14.63383,49.65154,0
            14.63426,49.65085,0
            14.63519,49.64972,0
            14.63622,49.64864,0
            14.63705,49.64787,0
            14.63891,49.64637,0
            14.6414,49.64474,0
            14.64886,49.64023,0
            14.64956,49.63964,0
            14.6501,49.6391,0
            14.65011,49.6391,0
            14.65048,49.63865,0
            14.65091,49.63799,0
            14.65126,49.63728,0
            14.65149,49.63656,0
            14.6516,49.63582,0
            14.65158,49.63503,0
            14.65103,49.63254,0
            14.65097,49.63131,0
            14.65111,49.63034,0
            14.65119,49.62878,0
            14.65097,49.62757,0
            14.65089,49.62647,0
            14.65097,49.62594,0
            14.65121,49.62534,0
            14.65135,49.6251,0
            14.65167,49.62467,0
            14.6519,49.62443,0
            14.6528,49.62373,0
            14.65597,49.62202,0
            14.65699,49.62123,0
            14.65749,49.62063,0
            14.6575,49.62055,0
            14.65783,49.61998,0
            14.65882,49.61711,0
            14.65892,49.61704,0
            14.65913,49.61653,0
            14.66083,49.61344,0
            14.66103,49.61247,0
            14.66094,49.6119,0
            14.66019,49.61001,0
            14.65998,49.60933,0
            14.65981,49.60853,0
            14.65998,49.60313,0
            14.65979,49.60075,0
            14.65983,49.60039,0
            14.65995,49.60011,0
            14.66018,49.59971,0
            14.6613,49.59851,0
            14.66164,49.59784,0
            14.66174,49.59746,0
            14.66179,49.59709,0
            14.66136,49.58891,0
            14.66139,49.58843,0
            14.66169,49.58768,0
            14.66215,49.58714,0
            14.66306,49.58626,0
            14.66335,49.58587,0
            14.66345,49.58567,0
            14.66355,49.58529,0
            14.66356,49.58517,0
            14.66351,49.58473,0
            14.66341,49.58451,0
            14.66321,49.5842,0
            14.66309,49.58406,0
            14.66264,49.58371,0
            14.66122,49.58287,0
            14.66087,49.58253,0
            14.66055,49.58204,0
            14.66049,49.58187,0
            14.66046,49.5817,0
            14.66049,49.58123,0
            14.66053,49.58104,0
            14.66065,49.58077,0
            14.66173,49.57961,0
            14.66205,49.57913,0
            14.66227,49.57864,0
            14.66231,49.57819,0
            14.66218,49.57763,0
            14.66164,49.57637,0
            14.66157,49.576,0
            14.66159,49.57474,0
            14.66145,49.57424,0
            14.66107,49.57376,0
            14.66096,49.57367,0
            14.6594,49.5728,0
            14.65891,49.57242,0
            14.6588,49.5723,0
            14.65868,49.57212,0
            14.65859,49.57193,0
            14.65848,49.57159,0
            14.65852,49.57153,0
            14.65848,49.57143,0
            14.65845,49.57127,0
            14.65854,49.57088,0
            14.65883,49.57029,0
            14.659,49.57005,0
            14.65948,49.56917,0
            14.65983,49.56818,0
            14.66054,49.56665,0
            14.66141,49.565,0
            14.66156,49.56458,0
            14.66244,49.55986,0
            14.66257,49.55946,0
            14.66289,49.55898,0
            14.66596,49.5555,0
            14.66624,49.55495,0
            14.66632,49.55457,0
            14.66633,49.55411,0
            14.66613,49.55317,0
            14.66608,49.55306,0
            14.66448,49.54734,0
            14.66444,49.54729,0
            14.66441,49.54641,0
            14.66452,49.54577,0
            14.66513,49.54392,0
            14.66549,49.54225,0
            14.66551,49.54108,0
            14.66543,49.54018,0
            14.66527,49.53933,0
            14.66459,49.53679,0
            14.66429,49.53517,0
            14.66421,49.53429,0
            14.6642,49.53317,0
            14.6643,49.5321,0
            14.6646,49.53057,0
            14.665,49.52935,0
            14.66541,49.5284,0
            14.66621,49.52696,0
            14.66689,49.52591,0
            14.66874,49.52337,0
            14.66934,49.52238,0
            14.6699,49.52121,0
            14.67025,49.52028,0
            14.67051,49.51923,0
            14.67052,49.51923,0
            14.67063,49.518,0
            14.67056,49.51646,0
            14.67035,49.51542,0
            14.67014,49.51473,0
            14.66957,49.51332,0
            14.66911,49.51237,0
            14.66764,49.50979,0
            14.66531,49.50637,0
            14.66106,49.50099,0
            14.66008,49.49947,0
            14.65954,49.49837,0
            14.6591,49.49724,0
            14.65876,49.49601,0
            14.65857,49.49506,0
            14.65844,49.49379,0
            14.65846,49.49277,0
            14.65855,49.49171,0
            14.65886,49.49013,0
            14.65929,49.48853,0
            14.6593,49.48852,0
            14.6601,49.48495,0
            14.66035,49.4828,0
            14.6604,49.48125,0
            14.66029,49.47899,0
            14.65989,49.47529,0
            14.65989,49.47388,0
            14.66006,49.47242,0
            14.66035,49.47116,0
            14.66084,49.46974,0
            14.6613,49.46874,0
            14.66131,49.46874,0
            14.66478,49.4626,0
            14.66548,49.46114,0
            14.6698,49.44909,0
            14.67055,49.44753,0
            14.67095,49.44688,0
            14.67136,49.44632,0
            14.67211,49.44546,0
            14.67282,49.44477,0
            14.67378,49.44401,0
            14.67524,49.44307,0
            14.67686,49.44225,0
            14.68935,49.43762,0
            14.69067,49.43702,0
            14.69239,49.43599,0
            14.6939,49.43482,0
            14.69457,49.43419,0
            14.69522,49.43345,0
            14.69726,49.43061,0
            14.69726,49.4306,0
            14.69734,49.4305,0
            14.69735,49.43047,0
            14.70379,49.42134,0
            14.70558,49.41896,0
            14.70559,49.41896,0
            14.7066,49.41765,0
            14.70937,49.41454,0
            14.71503,49.40915,0
            14.71575,49.40835,0
            14.71575,49.40834,0
            14.71667,49.4072,0
            14.72406,49.39676,0
            14.7247,49.39568,0
            14.72528,49.39437,0
            14.72613,49.39145,0
            14.72627,49.39061,0
            14.72652,49.38804,0
            14.7265,49.38658,0
            14.72628,49.38476,0
            14.72592,49.38296,0
            14.72575,49.38244,0
            14.72498,49.38072,0
            14.72441,49.37979,0
            14.72374,49.37889,0
            14.72373,49.37889,0
            14.72349,49.37857,0
            14.7216,49.37648,0
            14.72102,49.3757,0
            14.72101,49.37567,0
            14.72083,49.37541,0
            14.72027,49.37429,0
            14.72007,49.37375,0
            14.71989,49.37293,0
            14.71984,49.37252,0
            14.71989,49.37115,0
            14.71996,49.37075,0
            14.72028,49.36973,0
            14.72076,49.36876,0
            14.72208,49.36673,0
            14.72297,49.36517,0
            14.72356,49.36376,0
            14.72401,49.36204,0
            14.7246,49.35728,0
            14.72511,49.35527,0
            14.72597,49.35275,0
            14.72715,49.35041,0
            14.72787,49.34918,0
            14.72967,49.34669,0
            14.73097,49.34514,0
            14.73469,49.34139,0
            14.7362,49.33941,0
            14.73722,49.33726,0
            14.73761,49.33574,0
            14.73781,49.33438,0
            14.73781,49.33293,0
            14.73741,49.32995,0
            14.73711,49.32677,0
            14.73713,49.3249,0
            14.73772,49.3202,0
            14.73856,49.31514,0
            14.73882,49.31281,0
            14.73891,49.31051,0
            14.73878,49.30852,0
            14.73849,49.30679,0
            14.73487,49.29287,0
            14.73464,49.29112,0
            14.73464,49.28885,0
            14.73475,49.28793,0
            14.73505,49.28637,0
            14.73547,49.28489,0
            14.73617,49.28282,0
            14.73671,49.28077,0
            14.73695,49.2788,0
            14.7368,49.2747,0
            14.73637,49.26844,0
            14.73637,49.26559,0
            14.73669,49.26219,0
            14.73676,49.26059,0
            14.73664,49.25907,0
            14.73631,49.25749,0
            14.73605,49.25665,0
            14.7354,49.25513,0
            14.73043,49.24753,0
            14.72893,49.24448,0
            14.72808,49.24191,0
            14.72761,49.23979,0
            14.72732,49.2372,0
            14.72738,49.2347,0
            14.72806,49.22702,0
            14.72795,49.22516,0
            14.72775,49.22399,0
            14.72749,49.22296,0
            14.72688,49.2213,0
            14.72625,49.22002,0
            14.72555,49.21886,0
            14.7248,49.21781,0
            14.72389,49.21672,0
            14.72287,49.21564,0
            14.72211,49.21493,0
            14.7221,49.21493,0
            14.72118,49.21414,0
            14.71382,49.20928,0
            14.71382,49.20927,0
            14.70682,49.20476,0
            14.70573,49.20392,0
            14.70341,49.20188,0
            14.7027,49.2011,0
            14.70135,49.19978,0
            14.69982,49.19842,0
            14.69867,49.19754,0
            14.69638,49.19601,0
            14.69445,49.19498,0
            14.68993,49.1929,0
            14.68852,49.19214,0
            14.68678,49.19096,0
            14.68569,49.19007,0
            14.68474,49.18914,0
            14.68371,49.18792,0
            14.68266,49.18626,0
            14.67913,49.17716,0
            14.67875,49.17632,0
            14.6783,49.17549,0
            14.67728,49.17412,0
            14.67613,49.17285,0
            14.67506,49.1719,0
            14.67361,49.17087,0
            14.67159,49.16972,0
            14.67006,49.16903,0
            14.64896,49.16198,0
            14.64637,49.16099,0
            14.64353,49.15973,0
            14.64086,49.15841,0
            14.63635,49.15577,0
            14.63339,49.15389,0
            14.63096,49.15214,0
            14.62882,49.15042,0
            14.62686,49.14861,0
            14.6242,49.14586,0
            14.62418,49.14585,0
            14.62361,49.14525,0
            14.6236,49.14525,0
            14.62346,49.1451,0
            14.62344,49.14509,0
            14.60816,49.12921,0
            14.60293,49.12437,0
            14.59948,49.12155,0
            14.59519,49.11839,0
            14.59296,49.11693,0
            14.59099,49.11585,0
            14.58961,49.11524,0
            14.58791,49.11463,0
            14.58618,49.11412,0
            14.5846,49.11377,0
            14.57698,49.11254,0
            14.57521,49.1121,0
            14.57312,49.11145,0
            14.57091,49.11058,0
            14.56931,49.10983,0
            14.56711,49.10863,0
            14.5654,49.10742,0
            14.56442,49.10661,0
            14.56331,49.10555,0
            14.56234,49.10448,0
            14.56132,49.1031,0
            14.56068,49.10204,0
            14.56025,49.10116,0
            14.55954,49.09923,0
            14.55775,49.08982,0
            14.55734,49.08832,0
            14.55679,49.08689,0
            14.55577,49.08506,0
            14.55503,49.08401,0
            14.55418,49.08298,0
            14.55325,49.08202,0
            14.55137,49.08039,0
            14.55015,49.07952,0
            14.54854,49.07852,0
            14.5444,49.07627,0
            14.54274,49.07527,0
            14.54111,49.07414,0
            14.53103,49.0665,0
            14.52517,49.06248,0
            14.52399,49.06154,0
            14.52218,49.0598,0
            14.52105,49.05843,0
            14.52001,49.05683,0
            14.51956,49.05595,0
            14.51906,49.05477,0
            14.51745,49.04952,0
            14.51686,49.04794,0
            14.51527,49.04434,0
            14.51127,49.03662,0
            14.50944,49.03256,0
            14.50906,49.03155,0
            14.50882,49.03064,0
            14.50863,49.02903,0
            14.50864,49.0282,0
            14.50881,49.02693,0
            14.50899,49.0262,0
            14.50927,49.02539,0
            14.50963,49.02458,0
            14.51012,49.02369,0
            14.51065,49.02291,0
            14.51142,49.02195,0
            14.5135,49.01973,0
            14.51433,49.01874,0
            14.51515,49.01755,0
            14.51587,49.01617,0
            14.51636,49.01482,0
            14.5166,49.01379,0
            14.51672,49.01286,0
            14.51675,49.01182,0
            14.51621,49.00503,0
            14.51627,49.00314,0
            14.51645,49.00188,0
            14.5167,49.00073,0
            14.51727,48.99896,0
            14.51934,48.99387,0
            14.52279,48.98372,0
            14.52305,48.98247,0
            14.52309,48.98193,0
            14.52307,48.98099,0
            14.52293,48.98005,0
            14.52267,48.97914,0
            14.52228,48.97819,0
            14.52194,48.97753,0
            14.52127,48.97653,0
            14.51941,48.97433,0
            14.51846,48.97305,0
            14.51762,48.97161,0
            14.51709,48.97037,0
            14.51666,48.9689,0
            14.51611,48.9659,0
            14.51587,48.96505,0
            14.51567,48.96452,0
            14.51526,48.96368,0
            14.51442,48.96241,0
            14.51356,48.96143,0
            14.51354,48.96142,0
            14.51338,48.96125,0
            14.51077,48.95903,0
            14.50976,48.95796,0
            14.50976,48.95795,0
            14.50943,48.95751,0
            14.50914,48.95704,0
            14.50882,48.95639,0
            14.50851,48.95546,0
            14.5084,48.95486,0
            14.50836,48.95386,0
            14.50858,48.95146,0
            14.50857,48.95083,0
            14.50848,48.95002,0
            14.5083,48.94919,0
            14.50798,48.94829,0
            14.50757,48.94747,0
            14.50712,48.94675,0
            14.50652,48.94596,0
            14.5054,48.94479,0
            14.50225,48.94197,0
            14.50011,48.93989,0
            14.5001,48.93989,0
            14.49462,48.93385,0
            14.49243,48.93185,0
            14.4908,48.93061,0
            14.48875,48.92925,0
            14.48545,48.92742,0
            14.48544,48.92742,0
            14.48045,48.92477,0
            14.47857,48.92359,0
            14.47662,48.92213,0
            14.47502,48.92066,0
            14.47399,48.91953,0
            14.47288,48.9181,0
            14.47211,48.91689,0
            14.47143,48.91559,0
            14.47088,48.91423,0
            14.47053,48.91304,0
            14.47029,48.91188,0
            14.47013,48.91014,0
            14.47016,48.90885,0
            14.4708,48.90288,0
            14.47088,48.90029,0
            14.47082,48.89895,0
            14.47057,48.8968,0
            14.46996,48.89398,0
            14.46945,48.8923,0
            14.46859,48.8901,0
            14.46758,48.88799,0
            14.46661,48.8863,0
            14.46569,48.88487,0
            14.46412,48.88277,0
            14.46274,48.88114,0
            14.46092,48.87924,0
            14.45933,48.87777,0
            14.45072,48.87056,0
            14.44813,48.86795,0
            14.44293,48.86157,0
            14.44006,48.85836,0
            14.43462,48.85308,0
            14.43348,48.85188,0
            14.43177,48.84987,0
            14.43049,48.84809,0
            14.43007,48.84733,0
            14.42945,48.84639,0
            14.42832,48.84409,0
            14.42748,48.84181,0
            14.42718,48.84075,0
            14.42682,48.83906,0
            14.42663,48.83771,0
            14.42652,48.83597,0
            14.42655,48.8342,0
            14.42667,48.83282,0
            14.4282,48.82185,0
            14.42874,48.81903,0
            14.4297,48.81581,0
            14.43095,48.81285,0
            14.43096,48.81285,0
            14.43171,48.81137,0
            14.4338,48.80797,0
            14.44695,48.7889,0
            14.44821,48.78683,0
            14.44959,48.78421,0
            14.45211,48.77852,0
            14.45227,48.77802,0
            14.45235,48.77726,0
            14.45243,48.77691,0
            14.4526,48.77659,0
            14.45292,48.77625,0
            14.45282,48.77618,0
            14.4527,48.77597,0
            14.45272,48.77589,0
            14.45284,48.77571,0
            14.45302,48.77558,0
            14.45318,48.77551,0
            14.45327,48.77549,0
            14.45366,48.77549,0
            14.45387,48.77556,0
            14.45399,48.77565,0
            14.45407,48.77575,0
            14.45408,48.77578,0
            14.45448,48.77586,0
            14.45787,48.77558,0
            14.46185,48.77548,0
            14.4637,48.77563,0
            14.46378,48.77526,0
            14.46378,48.7752,0
            14.46379,48.7752,0
            14.46379,48.77516,0
            14.46384,48.77506,0
            14.46389,48.77502,0
            14.46405,48.77495,0
            14.46439,48.7749,0
            14.46609,48.77485,0
            14.46624,48.77481,0
            14.46634,48.77473,0
            14.46666,48.77425,0
            14.46666,48.77424,0
            14.47066,48.76878,0
            14.47066,48.76877,0
            14.48139,48.75407,0
            14.48217,48.75258,0
            14.48251,48.75211,0
            14.48382,48.75058,0
            14.48432,48.7498,0
            14.48459,48.74929,0
            14.48491,48.74846,0
            14.4855,48.74605,0
            14.48551,48.74604,0
            14.48598,48.74434,0
            14.48604,48.74394,0
            14.48601,48.74339,0
            14.48584,48.74285,0
            14.4858,48.74281,0
            14.48579,48.74281,0
            14.48542,48.74211,0
            14.48505,48.74163,0
            14.48461,48.74118,0
            14.48419,48.74082,0
            14.48416,48.74077,0
            14.48281,48.73969,0
            14.48212,48.73897,0
            14.48189,48.73866,0
            14.48175,48.73837,0
            14.48151,48.73753,0
            14.48144,48.73699,0
            14.48141,48.73692,0
            14.48105,48.73406,0
            14.48106,48.73396,0
            14.4807,48.73091,0
            14.48066,48.73086,0
            14.48038,48.72897,0
            14.48005,48.72872,0
            14.47993,48.72857,0
            14.47991,48.72849,0
            14.47991,48.72823,0
            14.48,48.72795,0
            14.48017,48.72774,0
            14.48001,48.72689,0
            14.48,48.72689,0
            14.47862,48.71998,0
            14.47858,48.71991,0
            14.47799,48.71711,0
            14.478,48.71705,0
            14.47692,48.71174,0
            14.47686,48.71158,0
            14.47656,48.71102,0
            14.47632,48.71078,0
            14.47041,48.70605,0
            14.46972,48.70522,0
            14.46937,48.7046,0
            14.4692,48.70406,0
            14.46866,48.70058,0
            14.46854,48.70012,0
            14.46837,48.69966,0
            14.46811,48.69913,0
            14.46677,48.69709,0
            14.46614,48.69633,0
            14.46508,48.69532,0
            14.46431,48.69469,0
            14.46193,48.69299,0
            14.46157,48.69266,0
            14.46106,48.69205,0
            14.46063,48.69126,0
            14.45949,48.6886,0
            14.4578,48.68557,0
            14.4578,48.68556,0
            14.45737,48.68489,0
            14.4567,48.68416,0
            14.45264,48.68057,0
            14.45221,48.68005,0
            14.45014,48.6771,0
            14.44848,48.67498,0
            14.44813,48.6744,0
            14.44788,48.67373,0
            14.44772,48.67309,0
            14.4477,48.67273,0
            14.44719,48.66903,0
            14.44714,48.66888,0
            14.44695,48.6686,0
            14.44641,48.66623,0
            14.44599,48.66482,0
            14.44495,48.66208,0
            14.44251,48.65725,0
            14.44224,48.6565,0
            14.4421,48.65594,0
            14.44207,48.65537,0
            14.44215,48.6544,0
            14.44229,48.65381,0
            14.44256,48.65308,0
            14.44322,48.652,0
            14.44362,48.65149,0
            14.44365,48.65143,0
            14.44412,48.65101,0
            14.44581,48.64994,0
            14.44614,48.64983,0
            14.44668,48.64974,0
            14.44681,48.64974,0
            14.4473,48.64988,0
            14.44778,48.65015,0
            14.44818,48.65046,0
            14.44832,48.65062,0
            14.44837,48.65076,0
            14.44834,48.65113,0
            14.45217,48.65196,0
            14.45246,48.65195,0
            14.45265,48.65187,0
            14.4527,48.65181,0
            14.45278,48.65165,0
            14.45291,48.64974,0
            14.45295,48.64964,0
            14.45298,48.64962,0
            14.45311,48.64867,0
            14.4532,48.64734,0
            14.45329,48.64672,0
            14.45334,48.64589,0
            14.45341,48.64559,0
            14.45354,48.64527,0
            14.45374,48.64496,0
            14.45379,48.64491,0
            14.45379,48.64489,0
            14.45449,48.6442,0
            14.45463,48.64399,0
            14.45474,48.6434,0
            14.45471,48.6432,0
            14.45453,48.64284,0
            14.45366,48.64187,0
            14.45358,48.64171,0
            14.4535,48.64136,0
            14.45351,48.64134,0
            14.4535,48.64129,0
            14.45356,48.64079,0
            14.45376,48.6403,0
            14.45414,48.63973,0
            14.45474,48.63904,0
            14.45534,48.63846,0
            14.45628,48.63772,0
            14.45822,48.63649,0
            14.45882,48.63598,0
            14.45922,48.63545,0
            14.45979,48.63447,0
            14.46029,48.6338,0
            14.46098,48.63304,0
            14.46203,48.63214,0
            14.46286,48.63157,0
            14.46437,48.63075,0
            14.46607,48.63004,0
            14.46705,48.62955,0
            14.46831,48.62879,0
            14.46937,48.62799,0
            14.46997,48.62743,0
            14.47081,48.62646,0
            14.47124,48.62584,0
            14.47149,48.62538,0
            14.47188,48.62447,0
            14.47208,48.6237,0
            14.47217,48.6231,0
            14.4722,48.6223,0
            14.4721,48.62141,0
            14.47174,48.62002,0
            14.47173,48.62001,0
            14.47154,48.61917,0
            14.47148,48.6186,0
            14.47151,48.61752,0
            14.47168,48.61654,0
            14.47216,48.61484,0
            14.47271,48.61346,0
            14.47412,48.61087,0
            14.47567,48.60862,0
            14.47573,48.60856,0
            14.47773,48.60543,0
            14.47836,48.60424,0
            14.47885,48.60312,0
            14.47948,48.60128,0
            14.4797,48.60017,0
            14.47972,48.59955,0
            14.47956,48.59794,0
            14.47948,48.59775,0
            14.47934,48.59714,0
            14.47912,48.59652,0
            14.4785,48.59539,0
            14.47696,48.59338,0
            14.47647,48.59263,0
            14.47606,48.59175,0
            14.47574,48.59066,0
            14.47554,48.58889,0
            14.47539,48.58809,0
            14.47511,48.58718,0
            14.47483,48.58652,0
            14.47324,48.58382,0
            14.47298,48.5833,0
            14.47258,48.58212,0
            14.47246,48.5813,0
            14.47244,48.58078,0
            14.47256,48.57954,0
            14.47282,48.57862,0
            14.47345,48.57712,0
            14.47369,48.57614,0
            14.47371,48.57582,0
            14.47364,48.57513,0
            14.47347,48.57445,0
            14.47347,48.57435,0
            14.47355,48.57407,0
            14.47356,48.57386,0
            14.47351,48.57373,0
            14.47337,48.57357,0
            14.47282,48.57313,0
            14.47263,48.57287,0
            14.47228,48.572,0
            14.47215,48.57143,0
            14.47211,48.57101,0
            14.47212,48.5705,0
            14.47219,48.57002,0
            14.47265,48.56847,0
            14.47281,48.56748,0
            14.47284,48.56618,0
            14.473,48.56517,0
            14.47301,48.56517,0
            14.47309,48.56488,0
            14.47367,48.56361,0
            14.47536,48.56057,0
            14.47557,48.56031,0
            14.47558,48.56031,0
            14.47584,48.56004,0
            14.47593,48.55999,0
            14.47603,48.55987,0
            14.47643,48.55954,0
            14.47655,48.55939,0
            14.47686,48.55838,0
            14.47695,48.55827,0
            14.47835,48.55748,0
            14.47851,48.55728,0
            14.47858,48.55702,0
            14.47855,48.55687,0
            14.47851,48.55586,0
            14.47854,48.55574,0
            14.47862,48.55561,0
            14.47877,48.55549,0
            14.47928,48.55528,0
            14.48032,48.55495,0
            14.48146,48.55442,0
            14.48233,48.55394,0
            14.48298,48.55343,0
            14.48307,48.55339,0
            14.48379,48.55271,0
            14.48425,48.55216,0
            14.48525,48.55058,0
            14.48556,48.54997,0
            14.48559,48.54979,0
            14.4856,48.54978,0
            14.4856,48.54974,0
            14.48568,48.54951,0
            14.48574,48.54913,0
            14.48569,48.54714,0
            14.48575,48.54673,0
            14.48597,48.54622,0
            14.48715,48.54438,0
            14.48717,48.54437,0
            14.4873,48.54413,0
            14.48745,48.54365,0
            14.48747,48.54349,0
            14.48738,48.5427,0
            14.4874,48.54241,0
            14.48745,48.54218,0
            14.48759,48.54187,0
            14.48779,48.54156,0
            14.48813,48.54122,0
            14.48851,48.54092,0
            14.48901,48.5404,0
            14.48928,48.54002,0
            14.49051,48.53727,0
            14.49068,48.53703,0
            14.49068,48.53702,0
            14.49101,48.53673,0
            14.49131,48.53652,0
            14.49179,48.53628,0
            14.49181,48.53628,0
            14.492,48.5362,0
            14.49754,48.53453,0
            14.49758,48.53453,0
            14.49758,48.53452,0
            14.49839,48.53439,0
            14.49914,48.53434,0
            14.50046,48.53437,0
            14.50087,48.53432,0
            14.50123,48.53423,0
            14.5023,48.53383,0
            14.5023,48.53382,0
            14.50231,48.53382,0
            14.50297,48.53345,0
            14.5032,48.53327,0
            14.50347,48.53275,0
            14.50397,48.53135,0
            14.50548,48.52893,0
            14.50561,48.52865,0
            14.50569,48.52833,0
            14.50569,48.52818,0
            14.50553,48.52759,0
            14.50496,48.52636,0
            14.50489,48.52598,0
            14.5049,48.52568,0
            14.50487,48.52563,0
            14.50486,48.52522,0
            14.50483,48.52522,0
            14.50467,48.52515,0
            14.50461,48.52509,0
            14.50459,48.52503,0
            14.50458,48.52502,0
            14.50458,48.52497,0
            14.50459,48.52496,0
            14.5046,48.52491,0
            14.50476,48.5248,0
            14.50483,48.52478,0
            14.50488,48.52478,0
            14.5049,48.52477,0
            14.50497,48.52477,0
            14.50538,48.52441,0
            14.50577,48.52419,0
            14.50839,48.52319,0
            14.51211,48.52135,0
            14.51401,48.52012,0
            14.51447,48.51971,0
            14.51484,48.51927,0
            14.51569,48.51804,0
            14.51597,48.51721,0
            14.51611,48.51631,0
            14.51615,48.51555,0
            14.5161,48.51487,0
            14.51619,48.51362,0
            14.51664,48.51217,0
            14.51664,48.51206,0
            14.51667,48.5119,0
            14.51698,48.51129,0
            14.5176,48.51051,0
            14.51937,48.50771,0
            14.51937,48.50769,0
            14.51988,48.50657,0
            14.51996,48.50613,0
            14.52002,48.50516,0
            14.51995,48.50461,0
            14.51969,48.50386,0
            14.51949,48.50345,0
            14.51768,48.50062,0
            14.51684,48.499,0
            14.51659,48.49832,0
            14.51644,48.49775,0
            14.51636,48.4962,0
            14.51627,48.49567,0
            14.51575,48.49428,0
            14.51537,48.4936,0
            14.5149,48.49295,0
            14.5143,48.4924,0
            14.50351,48.48531,0
            14.50196,48.48406,0
            14.50119,48.48325,0
            14.50096,48.48296,0
            14.50032,48.48189,0
            14.50016,48.48063,0
            14.50016,48.48018,0
            14.50021,48.47976,0
            14.50035,48.47927,0
            14.50056,48.47879,0
            14.50096,48.47754,0
            14.50106,48.47711,0
            14.50135,48.47296,0
            14.50182,48.47001,0
            14.50295,48.46568,0
            14.50301,48.46475,0
            14.50294,48.46398,0
            14.50251,48.46279,0
            14.50251,48.46276,0
            14.50201,48.46139,0
            14.50201,48.46136,0
            14.50144,48.45989,0
            14.50124,48.45948,0
            14.50122,48.45946,0
            14.50044,48.45784,0
            14.49892,48.45511,0
            14.49591,48.45065,0
            14.49468,48.44914,0
            14.49404,48.4485,0
            14.49283,48.44749,0
            14.49139,48.44648,0
            14.48953,48.44545,0
            14.48625,48.44389,0
            14.48453,48.4429,0
            14.48312,48.44185,0
            14.4819,48.44072,0
            14.48127,48.4399,0
            14.48096,48.43935,0
            14.48058,48.43832,0
            14.48052,48.43802,0
            14.4805,48.43753,0
            14.48054,48.43713,0
            14.48063,48.43671,0
            14.48096,48.43567,0
            14.48153,48.43455,0
            14.48179,48.43367,0
            14.48188,48.43315,0
            14.48206,48.43258,0
            14.48247,48.43184,0
            14.48292,48.43125,0
            14.48385,48.43037,0
            14.48885,48.42661,0
            14.48976,48.42582,0
            14.49022,48.42529,0
            14.49047,48.42494,0
            14.49091,48.42405,0
            14.49106,48.42364,0
            14.49113,48.42323,0
            14.49117,48.42262,0
            14.4911,48.42194,0
            14.49078,48.42088,0
            14.49043,48.42002,0
            14.49035,48.41992,0
            14.48993,48.41916,0
            14.48964,48.41882,0
            14.48849,48.4179,0
            14.48709,48.41709,0
            14.4864,48.41658,0
            14.48581,48.41604,0
            14.48545,48.41562,0
            14.48516,48.41518,0
            14.48477,48.41441,0
            14.48467,48.4141,0
            14.48439,48.41216,0
            14.48414,48.41134,0
            14.48328,48.40918,0
            14.48291,48.40759,0
            14.48271,48.40595,0
            14.48265,48.40453,0
            14.48234,48.40273,0
            14.48204,48.40168,0
            14.48147,48.40006,0
            14.48132,48.39943,0
            14.48123,48.39864,0
            14.48123,48.39808,0
            14.48129,48.39744,0
            14.4813,48.39742,0
            14.4813,48.39736,0
            14.48146,48.39665,0
            14.48177,48.39579,0
            14.48207,48.39518,0
            14.4836,48.3927,0
            14.48393,48.39204,0
            14.48441,48.39088,0
            14.48484,48.3895,0
            14.48504,48.38852,0
            14.48516,48.38756,0
            14.48517,48.38754,0
            14.4852,48.38521,0
            14.48515,48.38462,0
            14.48485,48.38295,0
            14.4844,48.38147,0
            14.4836,48.37965,0
            14.4829,48.37845,0
            14.48227,48.37753,0
            14.48159,48.37666,0
            14.48026,48.37514,0
            14.47948,48.37401,0
            14.4794,48.37384,0
            14.47938,48.37382,0
            14.4792,48.37344,0
            14.47885,48.37239,0
            14.47876,48.37185,0
            14.47874,48.3711,0
            14.47882,48.37045,0
            14.47905,48.36964,0
            14.47935,48.36896,0
            14.47971,48.36837,0
            14.47971,48.36836,0
            14.48114,48.36648,0
            14.48146,48.36594,0
            14.48172,48.36519,0
            14.48181,48.3648,0
            14.48184,48.36397,0
            14.48167,48.36319,0
            14.48142,48.36253,0
            14.48116,48.3621,0
            14.48071,48.36153,0
            14.48015,48.36098,0
            14.47971,48.36064,0
            14.47896,48.36017,0
            14.47835,48.35986,0
            14.47709,48.35938,0
            14.47555,48.35898,0
            14.47388,48.35874,0
            14.47244,48.35868,0
            14.46662,48.35906,0
            14.46559,48.359,0
            14.46446,48.35879,0
            14.46381,48.3586,0
            14.4631,48.35832,0
            14.46308,48.35832,0
            14.46224,48.35789,0
            14.46142,48.35729,0
            14.46033,48.35617,0
            14.45691,48.35068,0
            14.45526,48.34856,0
            14.45424,48.34745,0
            14.45288,48.34616,0
            14.45084,48.34449,0
            14.44934,48.34343,0
            14.44652,48.34174,0
            14.44414,48.34054,0
            14.44127,48.33932,0
            14.43724,48.338,0
            14.43483,48.33737,0
            14.43187,48.33681,0
            14.42913,48.33643,0
            14.4267,48.33629,0
            14.42374,48.33635,0
            14.42155,48.33659,0
            14.4159,48.3378,0
            14.41334,48.33819,0
            14.40877,48.33843,0
            14.40357,48.33845,0
            14.39881,48.33824,0
            14.39362,48.33775,0
            14.38868,48.33709,0
            14.37764,48.33501,0
            14.37505,48.33469,0
            14.37127,48.33443,0
            14.36539,48.33434,0
            14.35783,48.33459,0
            14.35419,48.33487,0
            14.35214,48.33513,0
            14.349,48.33576,0
            14.34334,48.33744,0
            14.34159,48.3378,0
            14.34069,48.33792,0
            14.33856,48.33801,0
            14.3365,48.33787,0
            14.33419,48.3374,0
            14.33283,48.33697,0
            14.33226,48.33674,0
            14.33111,48.33616,0
            14.32956,48.33514,0
            14.32898,48.33466,0
            14.32831,48.33395,0
            14.32627,48.33136,0
            14.3252,48.33018,0
            14.32452,48.32961,0
            14.32315,48.32869,0
            14.32242,48.32829,0
            14.32128,48.3278,0
            14.32006,48.3274,0
            14.31874,48.32709,0
            14.31784,48.32694,0
            14.31656,48.32681,0
            14.31003,48.32672,0
            14.30769,48.32646,0
            14.30632,48.32621,0
            14.30437,48.32572,0
            14.30436,48.32571,0
            14.30306,48.32528,0
            14.29984,48.32389,0
            14.29925,48.32378,0
            14.29806,48.32376,0
            14.29742,48.32368,0
            14.29676,48.32349,0
            14.29649,48.32336,0
            14.29624,48.32318,0
            14.29591,48.32286,0
            14.29579,48.32267,0
            14.29569,48.32243,0
            14.29566,48.32205,0
            14.29569,48.32183,0
            14.29573,48.3217,0
            14.29591,48.32139,0
            14.29611,48.32117,0
            14.29646,48.32091,0
            14.29656,48.32086,0
            14.29662,48.32081,0
            14.30316,48.31702,0
            14.30541,48.31558,0
            14.30797,48.31346,0
            14.30798,48.31346,0
            14.30911,48.3126,0
            14.30965,48.31211,0
            14.3101,48.31162,0
            14.31049,48.3111,0
            14.31242,48.30764,0
            14.31319,48.30583,0
            14.31386,48.30383,0
            14.31497,48.30126,0
            14.31698,48.29792,0
            14.31768,48.2966,0
            14.31834,48.29508,0
            14.31872,48.2935,0
            14.31887,48.29253,0
            14.31894,48.29158,0
            14.31891,48.29048,0
            14.3188,48.28967,0
            14.31856,48.28874,0
            14.31825,48.28801,0
            14.31788,48.28734,0
            14.31758,48.28691,0
            14.31707,48.28632,0
            14.3163,48.28572,0
            14.31558,48.28533,0
            14.31451,48.28493,0
            14.31102,48.28415,0
            14.30836,48.2834,0
            14.30835,48.28339,0
            14.30689,48.28292,0
            14.30686,48.28292,0
            14.304,48.28198,0
            14.30325,48.28165,0
            14.3009,48.28024,0
            14.29996,48.27976,0
            14.29897,48.27941,0
            14.2981,48.27926,0
            14.29616,48.27924,0
            14.29544,48.27909,0
            14.29501,48.27888,0
            14.29483,48.27874,0
            14.29482,48.27872,0
            14.29475,48.27867,0
            14.29461,48.2785,0
            14.29449,48.27829,0
            14.29444,48.27808,0
            14.29442,48.2778,0
            14.29513,48.27369,0
            14.29526,48.27086,0
            14.29533,48.27043,0
            14.29556,48.26965,0
            14.29592,48.26893,0
            14.29662,48.26776,0
            14.29707,48.26672,0
            14.29721,48.26608,0
            14.29728,48.26537,0
            14.29727,48.26398,0
            14.29696,48.2586,0
            14.29748,48.24071,0
            14.29749,48.2407,0
            14.29779,48.2312,0
            14.29786,48.23039,0
            14.29816,48.22897,0
            14.29916,48.22584,0
            14.29933,48.2248,0
            14.29925,48.22398,0
            14.29887,48.22288,0
            14.2987,48.22254,0
            14.29837,48.22203,0
            14.29802,48.22161,0
            14.29734,48.22095,0
            14.2965,48.22033,0
            14.29559,48.21981,0
            14.2955,48.21971,0
            14.28826,48.21625,0
            14.28824,48.21623,0
            14.26015,48.20383,0
            14.26015,48.20382,0
            14.26013,48.20382,0
            14.25475,48.20142,0
            14.24243,48.1954,0
            14.23898,48.19386,0
            14.23634,48.19288,0
            14.23397,48.19215,0
            14.22954,48.19113,0
            14.2273,48.19074,0
            14.21207,48.18908,0
            14.20778,48.18834,0
            14.20442,48.18755,0
            14.20015,48.18618,0
            14.19796,48.1853,0
            14.18048,48.17713,0
            14.1775,48.17542,0
            14.17589,48.17437,0
            14.17461,48.17343,0
            14.17174,48.17097,0
            14.17066,48.16986,0
            14.16143,48.15879,0
            14.15968,48.15685,0
            14.15712,48.15432,0
            14.14584,48.14448,0
            14.14535,48.14413,0
            14.14284,48.14207,0
            14.13919,48.13971,0
            14.13688,48.13853,0
            14.12502,48.13299,0
            14.12212,48.13119,0
            14.12009,48.12974,0
            14.09803,48.11064,0
            14.09484,48.10805,0
            14.08979,48.10429,0
            14.08569,48.10148,0
            14.08125,48.09864,0
            14.08125,48.09863,0
            14.07566,48.09501,0
            14.07566,48.095,0
            14.0714,48.09218,0
            14.06914,48.0905,0
            14.0522,48.07598,0
            14.05208,48.07585,0
            14.04873,48.07297,0
            14.03252,48.05772,0
            14.03145,48.05681,0
            14.0305,48.05611,0
            14.02865,48.05499,0
            14.02846,48.05493,0
            14.02638,48.05397,0
            14.01203,48.04869,0
            14.01041,48.04817,0
            14.00118,48.04569,0
            13.99809,48.04461,0
            13.99553,48.0434,0
            13.9942,48.04265,0
            13.96678,48.02539,0
            13.96504,48.02446,0
            13.96276,48.02339,0
            13.95955,48.02212,0
            13.93867,48.01496,0
            13.93828,48.01477,0
            13.93452,48.01348,0
            13.91043,48.00617,0
            13.90715,48.00535,0
            13.90425,48.00474,0
            13.90032,48.00406,0
            13.89531,48.00344,0
            13.89054,48.00309,0
            13.88543,48.00297,0
            13.8813,48.00306,0
            13.843,48.00488,0
            13.83795,48.00477,0
            13.83456,48.00455,0
            13.80915,48.00173,0
            13.80741,48.00144,0
            13.80355,48.00047,0
            13.80202,47.99995,0
            13.78857,47.99418,0
            13.78565,47.99276,0
            13.78565,47.99275,0
            13.78545,47.99264,0
            13.78544,47.99264,0
            13.78298,47.99117,0
            13.78111,47.98983,0
            13.7795,47.98844,0
            13.77796,47.98684,0
            13.77683,47.98546,0
            13.76637,47.97057,0
            13.76567,47.96973,0
            13.76492,47.96898,0
            13.76341,47.96766,0
            13.76124,47.96631,0
            13.75891,47.96523,0
            13.75735,47.96464,0
            13.73933,47.95921,0
            13.73932,47.9592,0
            13.73657,47.95827,0
            13.7344,47.95734,0
            13.73431,47.95736,0
            13.73391,47.95716,0
            13.7332,47.95692,0
            13.73277,47.95684,0
            13.73072,47.95681,0
            13.73047,47.95678,0
            13.73046,47.95677,0
            13.73026,47.95674,0
            13.73017,47.95668,0
            13.72987,47.9566,0
            13.72956,47.95646,0
            13.72928,47.9562,0
            13.72927,47.95607,0
            13.72912,47.95589,0
            13.72901,47.95582,0
            13.72893,47.95582,0
            13.72891,47.95581,0
            13.72889,47.95581,0
            13.72887,47.9558,0
            13.72884,47.9558,0
            13.72877,47.95576,0
            13.72872,47.95571,0
            13.72872,47.9557,0
            13.72871,47.95569,0
            13.72871,47.95568,0
            13.7287,47.95567,0
            13.7287,47.9556,0
            13.72872,47.95555,0
            13.72876,47.95551,0
            13.72887,47.95545,0
            13.72892,47.95545,0
            13.72894,47.95544,0
            13.72908,47.95545,0
            13.72914,47.95547,0
            13.73186,47.95447,0
            13.73241,47.95434,0
            13.73317,47.95425,0
            13.73377,47.95424,0
            13.73446,47.95432,0
            13.73554,47.95457,0
            13.73555,47.95458,0
            13.73752,47.9553,0
            13.73879,47.95562,0
            13.74021,47.95569,0
            13.74119,47.95556,0
            13.74187,47.9554,0
            13.74248,47.95515,0
            13.74318,47.95476,0
            13.74483,47.95349,0
            13.74701,47.95204,0
            13.75074,47.95001,0
            13.75165,47.94941,0
            13.75294,47.94841,0
            13.75294,47.9484,0
            13.75397,47.94736,0
            13.75398,47.94736,0
            13.75461,47.94661,0
            13.75543,47.94544,0
            13.75581,47.94474,0
            13.75619,47.94384,0
            13.75641,47.94318,0
            13.75694,47.94077,0
            13.75747,47.93887,0
            13.75805,47.93766,0
            13.75866,47.93688,0
            13.75939,47.9362,0
            13.75984,47.93589,0
            13.76058,47.93553,0
            13.76143,47.93528,0
            13.76193,47.93518,0
            13.76353,47.9351,0
            13.7684,47.93531,0
            13.76997,47.93526,0
            13.77107,47.93509,0
            13.77231,47.93475,0
            13.77349,47.93414,0
            13.77453,47.93347,0
            13.77543,47.93306,0
            13.7771,47.93261,0
            13.77832,47.93247,0
            13.78214,47.93227,0
            13.78339,47.93214,0
            13.78358,47.93207,0
            13.78594,47.93151,0
            13.78595,47.9315,0
            13.78641,47.93134,0
            13.78691,47.93111,0
            13.78743,47.9308,0
            13.78794,47.93032,0
            13.78823,47.92991,0
            13.78844,47.92947,0
            13.78851,47.92899,0
            13.78852,47.92867,0
            13.78847,47.92831,0
            13.78829,47.92783,0
            13.7879,47.9271,0
            13.78758,47.92664,0
            13.78659,47.92555,0
            13.78658,47.92555,0
            13.78603,47.92507,0
            13.78433,47.92387,0
            13.78348,47.92308,0
            13.7831,47.92264,0
            13.78279,47.92236,0
            13.78279,47.92235,0
            13.78248,47.92211,0
            13.78248,47.9221,0
            13.7818,47.92168,0
            13.77972,47.92072,0
            13.7793,47.92042,0
            13.77901,47.92013,0
            13.77901,47.92012,0
            13.77882,47.91987,0
            13.77863,47.91941,0
            13.77858,47.9191,0
            13.77857,47.91855,0
            13.77858,47.91851,0
            13.77857,47.91809,0
            13.77852,47.91779,0
            13.77845,47.91759,0
            13.778,47.9169,0
            13.77721,47.91613,0
            13.77687,47.91566,0
            13.77673,47.91532,0
            13.77669,47.91507,0
            13.77669,47.91488,0
            13.77674,47.91463,0
            13.7768,47.91447,0
            13.77708,47.91396,0
            13.77708,47.91395,0
            13.7799,47.91045,0
            13.78011,47.91001,0
            13.78031,47.90924,0
            13.78032,47.9087,0
            13.78024,47.90815,0
            13.7793,47.90596,0
            13.77897,47.90548,0
            13.77872,47.90522,0
            13.77871,47.90522,0
            13.77848,47.90502,0
            13.77848,47.90501,0
            13.77804,47.90473,0
            13.77746,47.90448,0
            13.77685,47.90428,0
            13.77613,47.90416,0
            13.77231,47.9039,0
            13.77115,47.90364,0
            13.77059,47.90344,0
            13.76905,47.90269,0
            13.76831,47.90221,0
            13.76756,47.90156,0
            13.7675,47.90148,0
            13.76717,47.90124,0
            13.76611,47.90032,0
            13.76594,47.90023,0
            13.76568,47.89999,0
            13.76536,47.89961,0
            13.76514,47.89925,0
            13.765,47.8989,0
            13.76494,47.8986,0
            13.76492,47.89825,0
            13.76497,47.89785,0
            13.76604,47.89403,0
            13.76722,47.89135,0
            13.76748,47.89099,0
            13.76784,47.89063,0
            13.76999,47.88901,0
            13.77013,47.88886,0
            13.77037,47.88851,0
            13.77048,47.88827,0
            13.77121,47.88556,0
            13.77286,47.88178,0
            13.77309,47.88141,0
            13.77503,47.8792,0
            13.77537,47.87861,0
            13.77553,47.87807,0
            13.77592,47.8759,0
            13.77588,47.87441,0
            13.77591,47.87402,0
            13.77606,47.87358,0
            13.77621,47.87333,0
            13.77657,47.87293,0
            13.77774,47.87197,0
            13.77847,47.87126,0
            13.77862,47.87104,0
            13.77876,47.87074,0
            13.77883,47.87043,0
            13.77884,47.87017,0
            13.77876,47.86979,0
            13.77758,47.86721,0
            13.7772,47.86651,0
            13.77628,47.86515,0
            13.77613,47.8648,0
            13.7761,47.86447,0
            13.77611,47.8643,0
            13.77622,47.86397,0
            13.77631,47.86381,0
            13.77652,47.86354,0
            13.77689,47.86323,0
            13.77919,47.86198,0
            13.77958,47.86171,0
            13.77985,47.86146,0
            13.78086,47.86032,0
            13.78102,47.86008,0
            13.78115,47.85982,0
            13.78125,47.85916,0
            13.78128,47.85679,0
            13.78117,47.85623,0
            13.78108,47.85602,0
            13.7785,47.85266,0
            13.77827,47.85251,0
            13.7775,47.85217,0
            13.77736,47.85207,0
            13.77735,47.85207,0
            13.77691,47.85176,0
            13.77675,47.85171,0
            13.77674,47.8517,0
            13.77659,47.85165,0
            13.7761,47.85156,0
            13.77459,47.85149,0
            13.77404,47.85137,0
            13.77343,47.85115,0
            13.77289,47.85084,0
            13.77242,47.85042,0
            13.77211,47.84997,0
            13.77201,47.8497,0
            13.77196,47.84944,0
            13.77197,47.84903,0
            13.77206,47.84868,0
            13.77222,47.84832,0
            13.77267,47.84759,0
            13.77351,47.84657,0
            13.77421,47.84591,0
            13.77526,47.84511,0
            13.77646,47.84439,0
            13.7775,47.84389,0
            13.78305,47.84166,0
            13.78365,47.8413,0
            13.78416,47.84088,0
            13.78459,47.84035,0
            13.78486,47.83975,0
            13.78491,47.83954,0
            13.78495,47.83913,0
            13.78493,47.83885,0
            13.78477,47.83827,0
            13.78443,47.83755,0
            13.78439,47.83731,0
            13.78439,47.83717,0
            13.78445,47.83686,0
            13.78456,47.83657,0
            13.78473,47.83627,0
            13.78483,47.83614,0
            13.78506,47.83592,0
            13.7853,47.83575,0
            13.78559,47.83541,0
            13.78566,47.83521,0
            13.78563,47.83499,0
            13.7855,47.83465,0
            13.78542,47.83429,0
            13.78539,47.83391,0
            13.78542,47.83343,0
            13.78531,47.83281,0
            13.78533,47.83271,0
            13.78543,47.83255,0
            13.7856,47.8324,0
            13.7863,47.83202,0
            13.78681,47.83155,0
            13.787,47.83144,0
            13.79024,47.83008,0
            13.79066,47.82981,0
            13.79091,47.82947,0
            13.79095,47.82934,0
            13.79096,47.82924,0
            13.79088,47.82882,0
            13.79077,47.82859,0
            13.79043,47.82813,0
            13.79002,47.82768,0
            13.78893,47.82692,0
            13.78774,47.82671,0
            13.7872,47.82654,0
            13.78674,47.82632,0
            13.78614,47.82592,0
            13.78183,47.82254,0
            13.78154,47.82227,0
            13.78119,47.82177,0
            13.78119,47.82175,0
            13.78088,47.821,0
            13.78052,47.82053,0
            13.78021,47.82031,0
            13.77931,47.81981,0
            13.77872,47.81954,0
            13.7787,47.81954,0
            13.77615,47.81769,0
            13.77584,47.81735,0
            13.77503,47.81588,0
            13.77453,47.81512,0
            13.77425,47.81414,0
            13.77425,47.8139,0
            13.77431,47.81362,0
            13.7746,47.81312,0
            13.77551,47.81231,0
            13.77567,47.81212,0
            13.77582,47.81185,0
            13.77665,47.80974,0
            13.77707,47.80897,0
            13.77774,47.80818,0
            13.77847,47.80756,0
            13.77988,47.80668,0
            13.77989,47.80668,0
            13.78059,47.80613,0
            13.78106,47.80568,0
            13.7816,47.805,0
            13.78188,47.80449,0
            13.78208,47.80394,0
            13.78218,47.80341,0
            13.78218,47.80276,0
            13.78212,47.80238,0
            13.78192,47.80173,0
            13.78173,47.80134,0
            13.78143,47.80087,0
            13.78107,47.80044,0
            13.78049,47.79991,0
            13.77998,47.79953,0
            13.77907,47.79902,0
            13.77616,47.79784,0
            13.77494,47.79714,0
            13.77228,47.79517,0
            13.77152,47.79468,0
            13.77021,47.79404,0
            13.76679,47.79297,0
            13.76545,47.79241,0
            13.76421,47.79172,0
            13.76229,47.79041,0
            13.76118,47.78984,0
            13.7603,47.78951,0
            13.75643,47.78837,0
            13.75265,47.78755,0
            13.74669,47.78662,0
            13.74475,47.78616,0
            13.74312,47.78558,0
            13.7423,47.7852,0
            13.73926,47.78353,0
            13.7386,47.78322,0
            13.73701,47.78266,0
            13.733,47.78168,0
            13.73203,47.78127,0
            13.73115,47.78073,0
            13.73072,47.78037,0
            13.73022,47.77984,0
            13.72969,47.77905,0
            13.72948,47.77848,0
            13.72922,47.77705,0
            13.72914,47.77677,0
            13.72895,47.77634,0
            13.72856,47.77578,0
            13.72219,47.76989,0
            13.72108,47.76904,0
            13.71315,47.76369,0
            13.71269,47.76343,0
            13.71172,47.76302,0
            13.70949,47.7623,0
            13.70864,47.76194,0
            13.70768,47.76132,0
            13.70512,47.75913,0
            13.7048,47.75879,0
            13.70462,47.75854,0
            13.70386,47.75719,0
            13.70366,47.75692,0
            13.70316,47.75639,0
            13.70257,47.75593,0
            13.7021,47.75564,0
            13.70119,47.75518,0
            13.69712,47.75343,0
            13.69508,47.75233,0
            13.69153,47.7509,0
            13.68836,47.74977,0
            13.68783,47.74948,0
            13.68733,47.74906,0
            13.687,47.74864,0
            13.68643,47.74767,0
            13.68621,47.7474,0
            13.68564,47.74695,0
            13.68498,47.74662,0
            13.68341,47.74601,0
            13.68271,47.74583,0
            13.67939,47.74537,0
            13.67719,47.74477,0
            13.67284,47.74381,0
            13.66876,47.74311,0
            13.66693,47.74264,0
            13.66596,47.74226,0
            13.6651,47.74175,0
            13.66459,47.74132,0
            13.66371,47.74032,0
            13.66328,47.73993,0
            13.66258,47.73947,0
            13.65898,47.73778,0
            13.65879,47.73764,0
            13.65849,47.73735,0
            13.65833,47.7371,0
            13.65815,47.73658,0
            13.65801,47.73592,0
            13.65795,47.73496,0
            13.65797,47.73469,0
            13.65814,47.73416,0
            13.65896,47.73214,0
            13.65919,47.73137,0
            13.65928,47.7308,0
            13.65927,47.73033,0
            13.65921,47.73002,0
            13.6591,47.7297,0
            13.65884,47.7292,0
            13.65856,47.72885,0
            13.65818,47.72854,0
            13.65755,47.72825,0
            13.65697,47.72811,0
            13.65256,47.72781,0
            13.65159,47.72767,0
            13.65024,47.72734,0
            13.64827,47.72668,0
            13.64773,47.72644,0
            13.64725,47.72614,0
            13.64696,47.7259,0
            13.64526,47.72392,0
            13.64459,47.72338,0
            13.64396,47.72297,0
            13.64237,47.72209,0
            13.64017,47.72101,0
            13.63807,47.71971,0
            13.63592,47.71865,0
            13.63527,47.7184,0
            13.63479,47.71828,0
            13.63413,47.71822,0
            13.63275,47.71828,0
            13.63175,47.71822,0
            13.63094,47.718,0
            13.63034,47.71778,0
            13.62872,47.71693,0
            13.62777,47.7166,0
            13.62756,47.7166,0
            13.62733,47.71665,0
            13.62729,47.71667,0
            13.62723,47.71674,0
            13.62722,47.71686,0
            13.62725,47.71691,0
            13.62732,47.71697,0
            13.62755,47.71706,0
            13.62784,47.71708,0
            13.62821,47.71701,0
            13.62842,47.71691,0
            13.62869,47.71672,0
            13.62877,47.71664,0
            13.63073,47.71394,0
            13.63096,47.71352,0
            13.63103,47.71333,0
            13.6311,47.71301,0
            13.6311,47.71264,0
            13.63099,47.71221,0
            13.6309,47.71198,0
            13.62995,47.71058,0
            13.62945,47.70959,0
            13.62928,47.70912,0
            13.62894,47.70754,0
            13.62873,47.70691,0
            13.62857,47.70659,0
            13.62814,47.70598,0
            13.6236,47.70103,0
            13.62322,47.70052,0
            13.62295,47.70003,0
            13.62276,47.69955,0
            13.62262,47.69899,0
            13.6226,47.69862,0
            13.62258,47.69855,0
            13.62257,47.69811,0
            13.62262,47.69776,0
            13.62349,47.69524,0
            13.62382,47.69392,0
            13.62391,47.69298,0
            13.62396,47.69129,0
            13.62407,47.69075,0
            13.62438,47.68992,0
            13.62578,47.68788,0
            13.62606,47.68732,0
            13.62615,47.687,0
            13.62618,47.68666,0
            13.62614,47.68628,0
            13.62597,47.6858,0
            13.62574,47.68543,0
            13.6255,47.68516,0
            13.62511,47.68481,0
            13.62415,47.68418,0
            13.62144,47.68262,0
            13.62057,47.68193,0
            13.62015,47.68154,0
            13.6197,47.68102,0
            13.61933,47.6805,0
            13.61892,47.67976,0
            13.61875,47.67933,0
            13.61756,47.67433,0
            13.61756,47.67424,0
            13.61718,47.67276,0
            13.61706,47.67247,0
            13.61695,47.67229,0
            13.61667,47.67197,0
            13.61667,47.67196,0
            13.61641,47.67174,0
            13.61594,47.67145,0
            13.61552,47.67127,0
            13.6151,47.67114,0
            13.61288,47.67084,0
            13.61215,47.67067,0
            13.61151,47.67041,0
            13.61092,47.67002,0
            13.61057,47.66964,0
            13.61022,47.66903,0
            13.60974,47.66782,0
            13.60849,47.66542,0
            13.60822,47.66473,0
            13.60808,47.66421,0
            13.60799,47.66353,0
            13.60798,47.66314,0
            13.60803,47.66275,0
            13.60812,47.6624,0
            13.60829,47.66198,0
            13.6091,47.66059,0
            13.60933,47.65989,0
            13.60951,47.65633,0
            13.6096,47.65564,0
            13.60977,47.65509,0
            13.61001,47.65456,0
            13.61025,47.65416,0
            13.61082,47.65341,0
            13.61105,47.65316,0
            13.61149,47.65251,0
            13.61221,47.65065,0
            13.6128,47.64969,0
            13.61373,47.64859,0
            13.61424,47.64812,0
            13.61513,47.647,0
            13.61738,47.64365,0
            13.61793,47.64302,0
            13.61795,47.64301,0
            13.61814,47.64281,0
            13.61861,47.64242,0
            13.61862,47.64242,0
            13.6192,47.64195,0
            13.61941,47.64182,0
            13.61947,47.64175,0
            13.62038,47.64107,0
            13.62065,47.64078,0
            13.62064,47.64077,0
            13.62064,47.64075,0
            13.62063,47.64075,0
            13.62063,47.6407,0
            13.62064,47.64069,0
            13.62064,47.64067,0
            13.62065,47.64067,0
            13.62065,47.64066,0
            13.62066,47.64065,0
            13.62066,47.64064,0
            13.62067,47.64064,0
            13.6207,47.64061,0
            13.62072,47.64061,0
            13.62073,47.6406,0
            13.62074,47.6406,0
            13.62075,47.64059,0
            13.62078,47.64059,0
            13.62079,47.64058,0
            13.62082,47.64058,0
            13.62413,47.63707,0
            13.62734,47.63473,0
            13.62849,47.6337,0
            13.62855,47.63354,0
            13.62883,47.63317,0
            13.62883,47.63316,0
            13.62959,47.63209,0
            13.62959,47.63202,0
            13.6296,47.632,0
            13.62962,47.63184,0
            13.6295,47.63167,0
            13.62925,47.63111,0
            13.6292,47.63051,0
            13.62919,47.6305,0
            13.6292,47.62845,0
            13.62925,47.62786,0
            13.62935,47.62739,0
            13.62954,47.6268,0
            13.63003,47.62572,0
            13.63028,47.62537,0
            13.63088,47.6248,0
            13.63124,47.62439,0
            13.63175,47.62357,0
            13.63211,47.62309,0
            13.63316,47.62222,0
            13.63328,47.62206,0
            13.63352,47.62162,0
            13.63361,47.62082,0
            13.6338,47.62022,0
            13.63471,47.61871,0
            13.63489,47.61831,0
            13.63496,47.61792,0
            13.63495,47.61759,0
            13.63484,47.61719,0
            13.63414,47.61586,0
            13.63391,47.61485,0
            13.63358,47.61402,0
            13.6334,47.61333,0
            13.63223,47.61071,0
            13.63216,47.61039,0
            13.63229,47.60963,0
            13.6323,47.60963,0
            13.63237,47.6092,0
            13.63249,47.60895,0
            13.63268,47.60875,0
            13.63285,47.60864,0
            13.63312,47.60853,0
            13.6335,47.60844,0
            13.6354,47.6083,0
            13.6358,47.60819,0
            13.63636,47.60791,0
            13.63661,47.60771,0
            13.63714,47.60714,0
            13.63795,47.60667,0
            13.63821,47.60646,0
            13.63838,47.60622,0
            13.63844,47.60607,0
            13.63861,47.60524,0
            13.63872,47.60426,0
            13.63888,47.60366,0
            13.6392,47.60293,0
            13.63937,47.60266,0
            13.64015,47.60175,0
            13.64072,47.60127,0
            13.6413,47.60086,0
            13.64259,47.60008,0
            13.64663,47.59696,0
            13.64688,47.59681,0
            13.64781,47.59639,0
            13.64828,47.59611,0
            13.64882,47.59566,0
            13.64923,47.59525,0
            13.64938,47.59505,0
            13.6497,47.59475,0
            13.65021,47.59446,0
            13.65067,47.59406,0
            13.65082,47.59384,0
            13.6518,47.59184,0
            13.65193,47.59167,0
            13.65209,47.59153,0
            13.65244,47.59137,0
            13.65326,47.59111,0
            13.65335,47.59105,0
            13.65339,47.591,0
            13.65341,47.59095,0
            13.6534,47.59083,0
            13.65337,47.59079,0
            13.65316,47.59067,0
            13.653,47.59065,0
            13.65532,47.58935,0
            13.65696,47.58767,0
            13.65729,47.58716,0
            13.65745,47.58674,0
            13.65746,47.58673,0
            13.65755,47.58629,0
            13.65757,47.58594,0
            13.65746,47.58472,0
            13.6574,47.58441,0
            13.65726,47.58408,0
            13.65683,47.58349,0
            13.65651,47.5829,0
            13.6565,47.58278,0
            13.65655,47.58249,0
            13.65654,47.58239,0
            13.65644,47.58209,0
            13.65652,47.58168,0
            13.65648,47.58147,0
            13.65628,47.58115,0
            13.65624,47.58101,0
            13.65624,47.58091,0
            13.6564,47.58036,0
            13.65641,47.58026,0
            13.65638,47.58005,0
            13.65631,47.5799,0
            13.65552,47.57865,0
            13.6555,47.57855,0
            13.65551,47.57844,0
            13.65559,47.57822,0
            13.6556,47.57821,0
            13.65562,47.57811,0
            13.65559,47.57802,0
            13.65541,47.57783,0
            13.65525,47.57775,0
            13.65398,47.57743,0
            13.65377,47.57732,0
            13.6536,47.57719,0
            13.65324,47.57674,0
            13.6528,47.57631,0
            13.65257,47.57593,0
            13.65257,47.57592,0
            13.65222,47.57529,0
            13.65216,47.57505,0
            13.6521,47.57441,0
            13.65204,47.57426,0
            13.65176,47.57387,0
            13.65157,47.57348,0
            13.6508,47.57247,0
            13.65064,47.57231,0
            13.64995,47.57177,0
            13.64978,47.57156,0
            13.64964,47.57122,0
            13.64967,47.57104,0
            13.64978,47.57069,0
            13.64987,47.5702,0
            13.64985,47.56923,0
            13.64997,47.56826,0
            13.64993,47.56809,0
            13.64843,47.56503,0
            13.64831,47.5647,0
            13.64821,47.56429,0
            13.64817,47.56384,0
            13.64818,47.56314,0
            13.64814,47.56282,0
            13.64727,47.56128,0
            13.64692,47.56086,0
            13.64623,47.56025,0
            13.64582,47.55978,0
            13.64565,47.55941,0
            13.64556,47.55897,0
            13.64559,47.55866,0
            13.64568,47.55837,0
            13.64585,47.55806,0
            13.64603,47.55784,0
            13.64635,47.55753,0
            13.64699,47.55703,0
            13.64707,47.557,0
            13.64718,47.55689,0
            13.6473,47.55672,0
            13.64736,47.55655,0
            13.64746,47.55548,0
            13.64732,47.55484,0
            13.64733,47.55481,0
            13.64734,47.55426,0
            13.64733,47.55422,0
            13.64729,47.55416,0
            13.64769,47.55351,0
            13.64793,47.55324,0
            13.64826,47.55302,0
            13.64866,47.55285,0
            13.64908,47.55277,0
            13.65016,47.55278,0
            13.65049,47.55274,0
            13.65071,47.55267,0
            13.65102,47.55247,0
            13.65207,47.55136,0
            13.65207,47.55135,0
            13.65263,47.55075,0
            13.65328,47.55018,0
            13.6539,47.54978,0
            13.6548,47.54929,0
            13.65505,47.54911,0
            13.65586,47.5484,0
            13.65627,47.54815,0
            13.65684,47.54773,0
            13.65771,47.54697,0
            13.65843,47.54648,0
            13.65888,47.54626,0
            13.66004,47.5459,0
            13.6619,47.54568,0
            13.66264,47.54554,0
            13.66312,47.54555,0
            13.66336,47.5456,0
            13.66355,47.54568,0
            13.66444,47.54619,0
            13.66487,47.54635,0
            13.66526,47.54645,0
            13.66591,47.54653,0
            13.66911,47.54644,0
            13.67105,47.54662,0
            13.67184,47.54684,0
            13.67244,47.54695,0
            13.67391,47.54707,0
            13.67474,47.54721,0
            13.67544,47.54741,0
            13.67627,47.54775,0
            13.67766,47.54869,0
            13.67769,47.5487,0
            13.67887,47.54949,0
            13.67971,47.54989,0
            13.6829,47.55074,0
            13.68309,47.55086,0
            13.68329,47.55108,0
            13.68339,47.55128,0
            13.68656,47.55603,0
            13.68661,47.5562,0
            13.68694,47.55686,0
            13.68661,47.5562,0
            13.68656,47.55603,0
            13.68339,47.55128,0
            13.68329,47.55108,0
            13.68309,47.55086,0
            13.6829,47.55074,0
            13.67971,47.54989,0
            13.67887,47.54949,0
            13.67769,47.5487,0
            13.67766,47.54869,0
            13.67627,47.54775,0
            13.67544,47.54741,0
            13.67474,47.54721,0
            13.67391,47.54707,0
            13.67244,47.54695,0
            13.67184,47.54684,0
            13.67105,47.54662,0
            13.66911,47.54644,0
            13.66591,47.54653,0
            13.66526,47.54645,0
            13.66487,47.54635,0
            13.66444,47.54619,0
            13.66355,47.54568,0
            13.66336,47.5456,0
            13.66312,47.54555,0
            13.66264,47.54554,0
            13.6619,47.54568,0
            13.66004,47.5459,0
            13.65888,47.54626,0
            13.65843,47.54648,0
            13.65771,47.54697,0
            13.65684,47.54773,0
            13.65627,47.54815,0
            13.65586,47.5484,0
            13.65505,47.54911,0
            13.6548,47.54929,0
            13.6539,47.54978,0
            13.65328,47.55018,0
            13.65263,47.55075,0
            13.65207,47.55135,0
            13.65207,47.55136,0
            13.65102,47.55247,0
            13.65071,47.55267,0
            13.65049,47.55274,0
            13.65016,47.55278,0
            13.64908,47.55277,0
            13.64866,47.55285,0
            13.64826,47.55302,0
            13.64793,47.55324,0
            13.64769,47.55351,0
            13.64729,47.55416,0
            13.64733,47.55422,0
            13.64734,47.55426,0
            13.64733,47.55481,0
            13.64732,47.55484,0
            13.64746,47.55548,0
            13.64736,47.55655,0
            13.6473,47.55672,0
            13.64718,47.55689,0
            13.64707,47.557,0
            13.64704,47.55707,0
            13.64647,47.55758,0
            13.64593,47.5582,0
            13.64584,47.55843,0
            13.64578,47.55871,0
            13.64578,47.55899,0
            13.64585,47.55933,0
            13.64599,47.55975,0
            13.64611,47.55994,0
            13.64729,47.56099,0
            13.64742,47.56124,0
            13.64795,47.56195,0
            13.64823,47.56265,0
            13.64821,47.56274,0
            13.64814,47.56282,0
            13.64818,47.56314,0
            13.64817,47.56384,0
            13.64821,47.56429,0
            13.64831,47.5647,0
            13.64843,47.56503,0
            13.64993,47.56809,0
            13.64997,47.56826,0
            13.64985,47.56923,0
            13.64987,47.5702,0
            13.64978,47.57069,0
            13.64967,47.57104,0
            13.64964,47.57122,0
            13.64978,47.57156,0
            13.64995,47.57177,0
            13.65064,47.57231,0
            13.6508,47.57247,0
            13.65157,47.57348,0
            13.65176,47.57387,0
            13.65204,47.57426,0
            13.6521,47.57441,0
            13.65216,47.57505,0
            13.65222,47.57529,0
            13.65257,47.57592,0
            13.65257,47.57593,0
            13.6528,47.57631,0
            13.65324,47.57674,0
            13.6536,47.57719,0
            13.65377,47.57732,0
            13.65398,47.57743,0
            13.65525,47.57775,0
            13.65541,47.57783,0
            13.65559,47.57802,0
            13.65562,47.57811,0
            13.6556,47.57821,0
            13.65559,47.57822,0
            13.65551,47.57844,0
            13.6555,47.57855,0
            13.65552,47.57865,0
            13.65631,47.5799,0
            13.65638,47.58005,0
            13.65641,47.58026,0
            13.6564,47.58036,0
            13.65624,47.58091,0
            13.65624,47.58101,0
            13.65628,47.58115,0
            13.65648,47.58147,0
            13.65652,47.58168,0
            13.65644,47.58209,0
            13.65654,47.58239,0
            13.65655,47.58249,0
            13.6565,47.58278,0
            13.65651,47.5829,0
            13.65683,47.58349,0
            13.65726,47.58408,0
            13.6574,47.58441,0
            13.65746,47.58472,0
            13.65757,47.58594,0
            13.65755,47.58629,0
            13.65746,47.58673,0
            13.65745,47.58674,0
            13.65729,47.58716,0
            13.65696,47.58767,0
            13.65532,47.58935,0
            13.65278,47.59075,0
            13.65118,47.59118,0
            13.64874,47.59128,0
            13.64692,47.59183,0
            13.64573,47.59203,0
            13.64472,47.5921,0
            13.64443,47.59209,0
            13.64427,47.59206,0
            13.64286,47.59146,0
            13.64081,47.59103,0
            13.64043,47.59099,0
            13.63943,47.59098,0
            13.63818,47.59081,0
            13.63753,47.59081,0
            13.63647,47.59096,0
            13.63634,47.59094,0
            13.63633,47.59093,0
            13.63623,47.5909,0
            13.63559,47.59057,0
            13.6352,47.59046,0
            13.63424,47.5904,0
            13.63229,47.59062,0
            13.63189,47.59078,0
            13.63107,47.59125,0
            13.63078,47.59135,0
            13.63058,47.59138,0
            13.63035,47.59137,0
            13.63009,47.59128,0
            13.62948,47.59098,0
            13.62652,47.59006,0
            13.62574,47.58995,0
            13.62397,47.58989,0
            13.6233,47.58968,0
            13.6228,47.58957,0
            13.62233,47.58955,0
            13.6221,47.58958,0
            13.6219,47.58964,0
            13.62103,47.59006,0
            13.62086,47.59011,0
            13.62048,47.59016,0
            13.62021,47.59013,0
            13.6196,47.58997,0
            13.61919,47.58992,0
            13.61893,47.58992,0
            13.61851,47.58997,0
            13.61816,47.59005,0
            13.61816,47.59006,0
            13.61792,47.59011,0
            13.61616,47.59017,0
            13.61513,47.59002,0
            13.61405,47.58999,0
            13.61377,47.59004,0
            13.61348,47.59014,0
            13.61192,47.59085,0
            13.61115,47.59102,0
            13.6098,47.59107,0
            13.60906,47.59127,0
            13.60787,47.59176,0
            13.60755,47.59196,0
            13.60738,47.59213,0
            13.60703,47.59276,0
            13.60682,47.59294,0
            13.60648,47.59308,0
            13.60585,47.59319,0
            13.6042,47.59384,0
            13.60311,47.59407,0
            13.6031,47.59408,0
            13.60308,47.59408,0
            13.60286,47.59416,0
            13.6026,47.5943,0
            13.60177,47.59489,0
            13.59924,47.59562,0
            13.59885,47.59566,0
            13.59869,47.59565,0
            13.59832,47.59554,0
            13.59821,47.59548,0
            13.59746,47.5949,0
            13.59731,47.59486,0
            13.59717,47.59487,0
            13.59698,47.59494,0
            13.59637,47.5954,0
            13.59636,47.5954,0
            13.59632,47.59544,0
            13.59612,47.59555,0
            13.59574,47.59566,0
            13.59532,47.5957,0
            13.59502,47.59569,0
            13.59359,47.59538,0
            13.5934,47.59527,0
            13.59308,47.59499,0
            13.59307,47.59499,0
            13.59297,47.5949,0
            13.59287,47.59484,0
            13.5919,47.59458,0
            13.59173,47.5945,0
            13.59117,47.59414,0
            13.59098,47.5941,0
            13.58931,47.59414,0
            13.5883,47.594,0
            13.58514,47.59312,0
            13.58179,47.59243,0
            13.5809,47.59215,0
            13.58083,47.59211,0
            13.57929,47.5916,0
            13.57902,47.59144,0
            13.57835,47.59064,0
            13.57812,47.59049,0
            13.57789,47.59042,0
            13.57774,47.5904,0
            13.57697,47.59041,0
            13.57519,47.59015,0
            13.57346,47.59002,0
            13.5699,47.59015,0
            13.56872,47.59005,0
            13.56574,47.58943,0
            13.56284,47.58867,0
            13.56153,47.58845,0
            13.56121,47.58844,0
            13.55917,47.58869,0
            13.5581,47.58863,0
            13.55685,47.58871,0
            13.55653,47.5887,0
            13.55651,47.58869,0
            13.55628,47.58866,0
            13.55532,47.58837,0
            13.55505,47.58832,0
            13.55301,47.58838,0
            13.55171,47.58822,0
            13.55075,47.58822,0
            13.54867,47.58794,0
            13.54657,47.58776,0
            13.54277,47.58721,0
            13.5414,47.58692,0
            13.54043,47.58692,0
            13.53854,47.58672,0
            13.53808,47.58661,0
            13.53773,47.58648,0
            13.53657,47.58584,0
            13.53573,47.58559,0
            13.5353,47.5854,0
            13.53484,47.5851,0
            13.53467,47.58493,0
            13.53411,47.58421,0
            13.53378,47.58355,0
            13.53367,47.58349,0
            13.53359,47.58348,0
            13.53282,47.58353,0
            13.53226,47.58365,0
            13.53182,47.5838,0
            13.53139,47.584,0
            13.53107,47.58421,0
            13.53075,47.5845,0
            13.53047,47.58487,0
            13.53022,47.58543,0
            13.53004,47.58564,0
            13.52968,47.58585,0
            13.52924,47.58595,0
            13.52894,47.58596,0
            13.52856,47.5859,0
            13.52822,47.5858,0
            13.52801,47.58577,0
            13.52615,47.58582,0
            13.52568,47.58589,0
            13.52336,47.5867,0
            13.52254,47.58689,0
            13.522,47.58696,0
            13.51848,47.58707,0
            13.51761,47.58719,0
            13.51528,47.58776,0
            13.51528,47.58777,0
            13.51202,47.58841,0
            13.51108,47.58874,0
            13.51075,47.58893,0
            13.51034,47.58926,0
            13.51003,47.58963,0
            13.50986,47.58994,0
            13.50939,47.59134,0
            13.5093,47.59152,0
            13.50922,47.59163,0
            13.50901,47.59181,0
            13.50862,47.59198,0
            13.50841,47.59203,0
            13.50798,47.59206,0
            13.5077,47.59202,0
            13.50727,47.59189,0
            13.50646,47.59151,0
            13.50619,47.59143,0
            13.50578,47.59137,0
            13.50435,47.59147,0
            13.50277,47.59148,0
            13.50197,47.59133,0
            13.5013,47.59113,0
            13.49976,47.59048,0
            13.49909,47.59029,0
            13.49828,47.59016,0
            13.49783,47.59013,0
            13.49694,47.59016,0
            13.49627,47.59026,0
            13.49555,47.59045,0
            13.49229,47.59186,0
            13.49159,47.59208,0
            13.49025,47.59234,0
            13.48783,47.5925,0
            13.48377,47.59295,0
            13.4824,47.59301,0
            13.48091,47.59299,0
            13.47954,47.59289,0
            13.4766,47.59246,0
            13.47575,47.59241,0
            13.4735,47.59267,0
            13.47349,47.59268,0
            13.4723,47.59268,0
            13.47127,47.59251,0
            13.47078,47.59237,0
            13.47017,47.59213,0
            13.468,47.59105,0
            13.46646,47.59038,0
            13.46552,47.59009,0
            13.46467,47.5899,0
            13.4624,47.58956,0
            13.46125,47.58932,0
            13.4606,47.58912,0
            13.46008,47.58891,0
            13.45906,47.58834,0
            13.4568,47.58654,0
            13.45416,47.58487,0
            13.45352,47.5844,0
            13.44966,47.5811,0
            13.44881,47.58052,0
            13.44774,47.58003,0
            13.44687,47.5798,0
            13.44686,47.57979,0
            13.44629,47.57969,0
            13.44543,47.57961,0
            13.4437,47.57967,0
            13.44275,47.57979,0
            13.44176,47.57999,0
            13.44033,47.58041,0
            13.43967,47.58067,0
            13.43879,47.5809,0
            13.43822,47.58092,0
            13.43774,47.58087,0
            13.43503,47.58009,0
            13.43459,47.58004,0
            13.43398,47.58003,0
            13.4334,47.5801,0
            13.43174,47.5805,0
            13.43116,47.58059,0
            13.42947,47.58057,0
            13.42802,47.58076,0
            13.42747,47.58076,0
            13.4261,47.58065,0
            13.42535,47.58067,0
            13.4239,47.58096,0
            13.42324,47.58096,0
            13.4229,47.58092,0
            13.42229,47.58077,0
            13.42143,47.58042,0
            13.42143,47.58041,0
            13.42101,47.58032,0
            13.42061,47.58031,0
            13.41972,47.58039,0
            13.41929,47.58039,0
            13.41904,47.58036,0
            13.41498,47.5794,0
            13.41459,47.57935,0
            13.41314,47.57936,0
            13.41274,47.57932,0
            13.4115,47.57894,0
            13.41089,47.57884,0
            13.41026,47.57882,0
            13.40985,47.57886,0
            13.40927,47.57899,0
            13.40777,47.57951,0
            13.40707,47.57963,0
            13.40635,47.57959,0
            13.4059,47.57947,0
            13.40523,47.57919,0
            13.40477,47.57907,0
            13.40307,47.5789,0
            13.4025,47.57875,0
            13.40219,47.57862,0
            13.40028,47.57748,0
            13.39969,47.5772,0
            13.39533,47.5756,0
            13.39531,47.5756,0
            13.39501,47.57549,0
            13.39206,47.57474,0
            13.38993,47.57406,0
            13.38992,47.57405,0
            13.38987,47.57404,0
            13.38987,47.57403,0
            13.38889,47.57376,0
            13.38748,47.57353,0
            13.38676,47.57351,0
            13.38619,47.57355,0
            13.384,47.57386,0
            13.38329,47.5739,0
            13.38295,47.57388,0
            13.38208,47.57374,0
            13.38056,47.5736,0
            13.38034,47.5735,0
            13.38012,47.57327,0
            13.37976,47.57278,0
            13.37965,47.5725,0
            13.37968,47.57226,0
            13.37985,47.57185,0
            13.37994,47.57135,0
            13.37985,47.57086,0
            13.3798,47.57073,0
            13.3797,47.57061,0
            13.37903,47.57018,0
            13.37887,47.57004,0
            13.37876,47.56987,0
            13.37872,47.56971,0
            13.37872,47.56946,0
            13.3788,47.56923,0
            13.3789,47.56907,0
            13.3791,47.56858,0
            13.37921,47.56738,0
            13.37968,47.56634,0
            13.37984,47.56609,0
            13.37993,47.56583,0
            13.37997,47.5656,0
            13.38013,47.56519,0
            13.38018,47.56497,0
            13.38016,47.56484,0
            13.38002,47.56455,0
            13.37972,47.56419,0
            13.37946,47.56378,0
            13.37939,47.56335,0
            13.37939,47.56319,0
            13.37948,47.56295,0
            13.37969,47.56267,0
            13.37973,47.56254,0
            13.37968,47.56189,0
            13.37995,47.56196,0
            13.37998,47.56199,0
            13.37998,47.562,0
            13.37999,47.56201,0
            13.37999,47.56207,0
            13.37991,47.56228,0
            13.37989,47.5627,0
            13.37991,47.56288,0
            13.37998,47.56306,0
            13.38018,47.56341,0
            13.38064,47.56405,0
            13.38144,47.56556,0
            13.38168,47.56589,0
            13.38201,47.56614,0
            13.38237,47.56631,0
            13.38281,47.56643,0
            13.38315,47.56647,0
            13.38346,47.56647,0
            13.38402,47.56638,0
            13.38789,47.56499,0
            13.39162,47.5631,0
            13.39224,47.56287,0
            13.39463,47.56216,0
            13.395,47.562,0
            13.39549,47.56158,0
            13.39564,47.5614,0
            13.39594,47.56085,0
            13.396,47.56079,0
            13.396,47.56078,0
            13.39825,47.55939,0
            13.39985,47.55857,0
            13.40062,47.55836,0
            13.40176,47.55815,0
            13.40233,47.558,0
            13.40283,47.5578,0
            13.40424,47.55684,0
            13.40471,47.55661,0
            13.40726,47.55596,0
            13.40794,47.55568,0
            13.40832,47.55544,0
            13.40856,47.55521,0
            13.40872,47.55496,0
            13.40879,47.55477,0
            13.40885,47.55443,0
            13.40891,47.55429,0
            13.40924,47.55397,0
            13.40932,47.5538,0
            13.40931,47.55362,0
            13.40912,47.55307,0
            13.40911,47.55293,0
            13.40916,47.5527,0
            13.40927,47.55254,0
            13.40937,47.55244,0
            13.41012,47.55207,0
            13.4103,47.55191,0
            13.41042,47.55171,0
            13.41047,47.55149,0
            13.41049,47.55115,0
            13.41056,47.55102,0
            13.41067,47.55089,0
            13.41093,47.55071,0
            13.41287,47.54991,0
            13.41293,47.54987,0
            13.41294,47.54987,0
            13.41313,47.54973,0
            13.41325,47.54959,0
            13.41336,47.54932,0
            13.41334,47.54905,0
            13.41326,47.54888,0
            13.41273,47.54826,0
            13.41241,47.54774,0
            13.41234,47.54752,0
            13.41232,47.54749,0
            13.41225,47.54707,0
            13.41228,47.54667,0
            13.41232,47.54652,0
            13.41241,47.54634,0
            13.41255,47.54614,0
            13.4128,47.54592,0
            13.41312,47.54574,0
            13.41336,47.54565,0
            13.41498,47.54534,0
            13.41499,47.54533,0
            13.41633,47.54504,0
            13.41796,47.54482,0
            13.41864,47.54462,0
            13.41952,47.54392,0
            13.41984,47.54373,0
            13.42006,47.54356,0
            13.42018,47.5434,0
            13.42033,47.54312,0
            13.42067,47.54272,0
            13.42072,47.54258,0
            13.42072,47.54252,0
            13.42063,47.54218,0
            13.42062,47.54217,0
            13.42061,47.54203,0
            13.4207,47.54191,0
            13.42082,47.54187,0
            13.42132,47.54182,0
            13.42183,47.54169,0
            13.42193,47.54164,0
            13.422,47.54157,0
            13.42203,47.54139,0
            13.42199,47.54117,0
            13.42173,47.54071,0
            13.42173,47.54062,0
            13.42174,47.5406,0
            13.42185,47.54051,0
            13.4219,47.54049,0
            13.42231,47.54043,0
            13.42241,47.54037,0
            13.42246,47.5403,0
            13.42248,47.54023,0
            13.42248,47.54014,0
            13.42221,47.53933,0
            13.42212,47.53914,0
            13.42176,47.53878,0
            13.42166,47.5386,0
            13.42165,47.53843,0
            13.42166,47.53841,0
            13.42166,47.53839,0
            13.42172,47.5383,0
            13.42229,47.53769,0
            13.4225,47.53737,0
            13.4225,47.53736,0
            13.42276,47.53689,0
            13.42291,47.53668,0
            13.4236,47.5359,0
            13.42375,47.53565,0
            13.42384,47.5354,0
            13.42391,47.53501,0
            13.42388,47.53387,0
            13.42396,47.53358,0
            13.42417,47.53323,0
            13.42438,47.53301,0
            13.42536,47.53217,0
            13.42547,47.53201,0
            13.42555,47.53184,0
            13.42561,47.53163,0
            13.42563,47.53147,0
            13.42562,47.53133,0
            13.42558,47.53121,0
            13.42512,47.53035,0
            13.42506,47.53006,0
            13.42506,47.52988,0
            13.42509,47.52974,0
            13.4252,47.52947,0
            13.42589,47.52825,0
            13.42611,47.5276,0
            13.42611,47.52747,0
            13.42596,47.52711,0
            13.42597,47.52704,0
            13.426,47.52699,0
            13.42608,47.52692,0
            13.42721,47.52646,0
            13.42915,47.52545,0
            13.42917,47.52545,0
            13.43011,47.52504,0
            13.43058,47.52475,0
            13.43077,47.5246,0
            13.43094,47.52441,0
            13.43106,47.5242,0
            13.43107,47.52416,0
            13.43108,47.52415,0
            13.43112,47.52398,0
            13.43126,47.52267,0
            13.43123,47.522,0
            13.43107,47.52141,0
            13.43051,47.52034,0
            13.43041,47.51982,0
            13.43042,47.51951,0
            13.43049,47.51932,0
            13.4313,47.5182,0
            13.43135,47.51796,0
            13.43123,47.51515,0
            13.43114,47.51451,0
            13.43114,47.51427,0
            13.43136,47.51312,0
            13.43135,47.51296,0
            13.431,47.51188,0
            13.43098,47.51174,0
            13.43103,47.51122,0
            13.43117,47.51083,0
            13.43149,47.51036,0
            13.4319,47.51,0
            13.43271,47.50948,0
            13.43296,47.50926,0
            13.43328,47.50882,0
            13.43339,47.50844,0
            13.43334,47.50788,0
            13.4333,47.50773,0
            13.43324,47.5076,0
            13.43324,47.50758,0
            13.43308,47.50733,0
            13.43287,47.50713,0
            13.43254,47.50693,0
            13.43184,47.50666,0
            13.42986,47.50608,0
            13.42904,47.5057,0
            13.42834,47.5055,0
            13.42717,47.50532,0
            13.42667,47.5052,0
            13.42609,47.50497,0
            13.42575,47.50479,0
            13.42533,47.50446,0
            13.42421,47.50335,0
            13.42395,47.50315,0
            13.42367,47.50299,0
            13.42331,47.50285,0
            13.42263,47.5027,0
            13.42153,47.50265,0
            13.42121,47.50257,0
            13.42097,47.50243,0
            13.42086,47.50233,0
            13.42077,47.50218,0
            13.42071,47.50199,0
            13.42067,47.50158,0
            13.42062,47.50143,0
            13.42059,47.5014,0
            13.42057,47.50136,0
            13.42046,47.50125,0
            13.42016,47.50106,0
            13.41982,47.50094,0
            13.41819,47.50081,0
            13.4171,47.50052,0
            13.41446,47.50006,0
            13.41403,47.49988,0
            13.41376,47.49968,0
            13.41358,47.49943,0
            13.41329,47.49877,0
            13.4131,47.49853,0
            13.41286,47.49837,0
            13.41156,47.4977,0
            13.41079,47.49745,0
            13.41038,47.49737,0
            13.4101,47.49738,0
            13.40985,47.49744,0
            13.409,47.49775,0
            13.40815,47.49789,0
            13.40769,47.49788,0
            13.40737,47.49783,0
            13.40676,47.49766,0
            13.4055,47.49709,0
            13.40484,47.4969,0
            13.40455,47.49677,0
            13.40425,47.49655,0
            13.40412,47.49628,0
            13.40377,47.49574,0
            13.40339,47.49547,0
            13.40068,47.49444,0
            13.39961,47.49423,0
            13.39928,47.4941,0
            13.39904,47.49389,0
            13.39898,47.4938,0
            13.39873,47.49315,0
            13.39847,47.49275,0
            13.39769,47.49194,0
            13.39699,47.49092,0
            13.39669,47.49057,0
            13.39649,47.49027,0
            13.39644,47.49008,0
            13.39645,47.48996,0
            13.39675,47.48913,0
            13.39679,47.48868,0
            13.39673,47.48828,0
            13.39672,47.48827,0
            13.39665,47.48804,0
            13.39664,47.48803,0
            13.39663,47.48798,0
            13.39651,47.48775,0
            13.39596,47.48699,0
            13.39584,47.48665,0
            13.39582,47.4865,0
            13.39584,47.48572,0
            13.3958,47.48555,0
            13.39572,47.48541,0
            13.39556,47.48523,0
            13.39465,47.48449,0
            13.39395,47.4837,0
            13.39365,47.48345,0
            13.39291,47.48308,0
            13.39253,47.48283,0
            13.39226,47.48255,0
            13.39206,47.4822,0
            13.39199,47.48197,0
            13.39196,47.48177,0
            13.39196,47.48122,0
            13.39205,47.48074,0
            13.39216,47.48044,0
            13.39267,47.47958,0
            13.39276,47.47929,0
            13.39277,47.47915,0
            13.39274,47.47893,0
            13.39265,47.47873,0
            13.39248,47.47846,0
            13.39173,47.47753,0
            13.39155,47.47723,0
            13.39145,47.47699,0
            13.39133,47.47649,0
            13.39116,47.47606,0
            13.39085,47.47564,0
            13.39062,47.47543,0
            13.38983,47.47496,0
            13.38982,47.47496,0
            13.38924,47.47459,0
            13.38854,47.47391,0
            13.38844,47.47378,0
            13.38639,47.47198,0
            13.38614,47.4717,0
            13.38502,47.47069,0
            13.3845,47.47034,0
            13.38397,47.46982,0
            13.38261,47.46768,0
            13.38225,47.46729,0
            13.38202,47.46709,0
            13.38201,47.46707,0
            13.38187,47.46697,0
            13.38141,47.46644,0
            13.38124,47.46612,0
            13.38111,47.46568,0
            13.38099,47.46478,0
            13.38099,47.46423,0
            13.38088,47.46382,0
            13.38053,47.46305,0
            13.37983,47.46212,0
            13.37882,47.46134,0
            13.37554,47.45936,0
            13.37511,47.45904,0
            13.37481,47.4587,0
            13.37459,47.45833,0
            13.37446,47.45804,0
            13.37419,47.45761,0
            13.37392,47.45732,0
            13.37373,47.4572,0
            13.37355,47.45712,0
            13.37325,47.45704,0
            13.37157,47.45682,0
            13.37125,47.45672,0
            13.37086,47.45653,0
            13.37048,47.45627,0
            13.37008,47.45587,0
            13.3697,47.45524,0
            13.36904,47.45435,0
            13.36887,47.45403,0
            13.36867,47.45322,0
            13.36857,47.45298,0
            13.3684,47.45272,0
            13.36793,47.45214,0
            13.3674,47.4513,0
            13.3668,47.45051,0
            13.36552,47.44931,0
            13.36503,47.44868,0
            13.36478,47.44827,0
            13.36454,47.44775,0
            13.36408,47.44623,0
            13.36387,47.44572,0
            13.363,47.44443,0
            13.36278,47.44383,0
            13.36272,47.44346,0
            13.36269,47.44225,0
            13.36256,47.4414,0
            13.36232,47.44075,0
            13.36196,47.44014,0
            13.36161,47.43967,0
            13.36116,47.4392,0
            13.36069,47.4388,0
            13.35832,47.43705,0
            13.35742,47.43619,0
            13.35728,47.43602,0
            13.35668,47.43507,0
            13.35661,47.43487,0
            13.35658,47.43466,0
            13.3566,47.43445,0
            13.35681,47.43388,0
            13.35683,47.43362,0
            13.35676,47.43341,0
            13.35663,47.43323,0
            13.3563,47.433,0
            13.35541,47.43251,0
            13.35506,47.43223,0
            13.35457,47.4317,0
            13.3535,47.43018,0
            13.35317,47.43023,0
            13.35298,47.43021,0
            13.35271,47.43013,0
            13.35258,47.43006,0
            13.3518,47.42949,0
            13.35151,47.42939,0
            13.35093,47.4293,0
            13.34886,47.42922,0
            13.34748,47.42891,0
            13.34721,47.4288,0
            13.34669,47.42847,0
            13.34622,47.42808,0
            13.34551,47.42737,0
            13.34521,47.42713,0
            13.3448,47.42688,0
            13.34426,47.42664,0
            13.34355,47.42643,0
            13.3429,47.4263,0
            13.34282,47.4262,0
            13.33925,47.42549,0
            13.33588,47.42509,0
            13.33344,47.42457,0
            13.33172,47.424,0
            13.32708,47.42202,0
            13.32357,47.42067,0
            13.32062,47.41975,0
            13.3186,47.41924,0
            13.31718,47.41904,0
            13.31597,47.41896,0
            13.31374,47.41909,0
            13.31197,47.41939,0
            13.31165,47.41948,0
            13.31139,47.41959,0
            13.31064,47.41982,0
            13.31063,47.41983,0
            13.31057,47.41984,0
            13.30882,47.42052,0
            13.30353,47.42285,0
            13.3012,47.424,0
            13.30023,47.42457,0
            13.29876,47.4256,0
            13.29605,47.42776,0
            13.29499,47.42842,0
            13.29409,47.42887,0
            13.29233,47.42949,0
            13.29026,47.42995,0
            13.28403,47.43063,0
            13.28178,47.43108,0
            13.28026,47.4315,0
            13.27536,47.43318,0
            13.27312,47.4337,0
            13.27091,47.43402,0
            13.26852,47.43411,0
            13.26442,47.43404,0
            13.2562,47.43433,0
            13.25433,47.43455,0
            13.25024,47.43533,0
            13.24631,47.43576,0
            13.24521,47.43595,0
            13.24385,47.43633,0
            13.2419,47.43718,0
            13.24008,47.43784,0
            13.23919,47.43806,0
            13.23899,47.43816,0
            13.23811,47.43834,0
            13.23706,47.43867,0
            13.23671,47.43874,0
            13.23624,47.43876,0
            13.23594,47.43871,0
            13.23553,47.43857,0
            13.23534,47.43847,0
            13.23406,47.43734,0
            13.23367,47.43714,0
            13.23311,47.43695,0
            13.23244,47.43684,0
            13.23187,47.43685,0
            13.23141,47.43692,0
            13.22983,47.43746,0
            13.22912,47.43764,0
            13.22793,47.43779,0
            13.22686,47.4378,0
            13.22626,47.43786,0
            13.22577,47.43802,0
            13.22492,47.43853,0
            13.22455,47.43863,0
            13.22413,47.43863,0
            13.2224,47.43819,0
            13.22204,47.4382,0
            13.22185,47.43825,0
            13.22175,47.4383,0
            13.22166,47.43837,0
            13.22156,47.43849,0
            13.22153,47.43859,0
            13.22153,47.43868,0
            13.22156,47.43879,0
            13.22166,47.43892,0
            13.2219,47.43906,0
            13.2221,47.4391,0
            13.22241,47.43907,0
            13.22288,47.43887,0
            13.22369,47.43778,0
            13.2251,47.43538,0
            13.22533,47.43482,0
            13.22544,47.43434,0
            13.22536,47.43327,0
            13.2242,47.42991,0
            13.22406,47.42906,0
            13.22406,47.42879,0
            13.22425,47.42776,0
            13.22459,47.42702,0
            13.22498,47.4264,0
            13.22542,47.42532,0
            13.22642,47.4233,0
            13.22671,47.4226,0
            13.22685,47.42203,0
            13.22687,47.42171,0
            13.22681,47.42087,0
            13.2267,47.42024,0
            13.22641,47.41929,0
            13.22615,47.41865,0
            13.22559,47.41757,0
            13.22466,47.41605,0
            13.22352,47.41441,0
            13.22335,47.41409,0
            13.22317,47.41362,0
            13.22309,47.41321,0
            13.22305,47.41258,0
            13.22309,47.41222,0
            13.22375,47.40964,0
            13.22402,47.40893,0
            13.22484,47.40726,0
            13.22497,47.4068,0
            13.22502,47.40631,0
            13.22501,47.40563,0
            13.225,47.40561,0
            13.22499,47.40541,0
            13.22509,47.40473,0
            13.22529,47.40411,0
            13.22536,47.40405,0
            13.22536,47.40404,0
            13.22552,47.40375,0
            13.22563,47.40341,0
            13.22631,47.40182,0
            13.22657,47.40104,0
            13.22672,47.40034,0
            13.22681,47.39892,0
            13.22673,47.39728,0
            13.22664,47.39687,0
            13.22639,47.39621,0
            13.22605,47.39565,0
            13.22565,47.39515,0
            13.22501,47.39456,0
            13.22448,47.39418,0
            13.2237,47.39375,0
            13.22089,47.39262,0
            13.22014,47.39225,0
            13.21945,47.39179,0
            13.21878,47.39118,0
            13.21788,47.39003,0
            13.21695,47.38898,0
            13.21408,47.38664,0
            13.21337,47.38596,0
            13.21247,47.38498,0
            13.21141,47.38346,0
            13.21117,47.38298,0
            13.21111,47.3829,0
            13.21059,47.38169,0
            13.21016,47.38024,0
            13.20974,47.37843,0
            13.20931,47.37748,0
            13.20771,47.37473,0
            13.20723,47.37375,0
            13.20596,47.37018,0
            13.20574,47.36977,0
            13.20559,47.36961,0
            13.20544,47.36937,0
            13.2048,47.36866,0
            13.20449,47.3681,0
            13.20378,47.36642,0
            13.20322,47.36559,0
            13.20258,47.36437,0
            13.2021,47.36376,0
            13.20135,47.36304,0
            13.20108,47.3627,0
            13.20071,47.36203,0
            13.20057,47.36161,0
            13.20023,47.35916,0
            13.20012,47.35874,0
            13.19991,47.35821,0
            13.19984,47.35809,0
            13.19931,47.35742,0
            13.19467,47.35326,0
            13.19415,47.35263,0
            13.19383,47.3521,0
            13.19364,47.35139,0
            13.19358,47.35102,0
            13.19359,47.35063,0
            13.1939,47.34773,0
            13.19389,47.34748,0
            13.19368,47.34669,0
            13.19294,47.3453,0
            13.19294,47.34529,0
            13.19249,47.34447,0
            13.19246,47.34438,0
            13.19142,47.34239,0
            13.19137,47.34235,0
            13.19018,47.3402,0
            13.19016,47.3401,0
            13.18969,47.33897,0
            13.18942,47.33807,0
            13.18931,47.33737,0
            13.18923,47.3371,0
            13.18906,47.33605,0
            13.18901,47.33597,0
            13.18863,47.33384,0
            13.18845,47.33321,0
            13.18813,47.33242,0
            13.18743,47.33127,0
            13.18726,47.33105,0
            13.18634,47.3301,0
            13.18578,47.32963,0
            13.18465,47.32902,0
            13.18435,47.32892,0
            13.1843,47.32889,0
            13.18395,47.32878,0
            13.18061,47.32803,0
            13.17977,47.32768,0
            13.17915,47.32734,0
            13.17864,47.32698,0
            13.17797,47.32633,0
            13.17634,47.32445,0
            13.17561,47.32383,0
            13.17536,47.32371,0
            13.1752,47.3236,0
            13.17495,47.32348,0
            13.17449,47.32332,0
            13.17392,47.32318,0
            13.17291,47.3231,0
            13.17182,47.3232,0
            13.1713,47.32333,0
            13.16965,47.32394,0
            13.16915,47.32408,0
            13.16842,47.32419,0
            13.1679,47.32421,0
            13.16704,47.32415,0
            13.16566,47.32392,0
            13.16473,47.3239,0
            13.16419,47.32401,0
            13.16352,47.32422,0
            13.16173,47.32506,0
            13.16065,47.32543,0
            13.15953,47.3257,0
            13.15793,47.32591,0
            13.15706,47.32595,0
            13.15563,47.32591,0
            13.14131,47.3241,0
            13.14042,47.32392,0
            13.1393,47.32361,0
            13.13848,47.32331,0
            13.13727,47.32273,0
            13.13632,47.32214,0
            13.13556,47.32154,0
            13.13465,47.32059,0
            13.13412,47.31981,0
            13.13383,47.31926,0
            13.1333,47.31798,0
            13.13303,47.31748,0
            13.1327,47.31699,0
            13.13086,47.31493,0
            13.13065,47.31462,0
            13.13042,47.31406,0
            13.13027,47.3139,0
            13.12902,47.31312,0
            13.12895,47.31305,0
            13.12858,47.3123,0
            13.1285,47.31195,0
            13.12847,47.31164,0
            13.12837,47.31146,0
            13.1283,47.31141,0
            13.12789,47.31122,0
            13.12709,47.311,0
            13.12608,47.3109,0
            13.12471,47.3105,0
            13.12432,47.31045,0
            13.12204,47.31043,0
            13.1214,47.31031,0
            13.1207,47.31025,0
            13.12013,47.31026,0
            13.11904,47.31037,0
            13.1185,47.31035,0
            13.11794,47.31025,0
            13.1174,47.31009,0
            13.11641,47.30966,0
            13.11626,47.30957,0
            13.11465,47.30832,0
            13.11464,47.30832,0
            13.11447,47.30819,0
            13.11447,47.30818,0
            13.11408,47.30794,0
            13.11278,47.30751,0
            13.11144,47.3068,0
            13.11133,47.30672,0
            13.11094,47.30624,0
            13.11087,47.30612,0
            13.10953,47.3046,0
            13.10889,47.30397,0
            13.1087,47.30383,0
            13.10743,47.30312,0
            13.10406,47.30155,0
            13.10352,47.30136,0
            13.10285,47.30119,0
            13.10102,47.30105,0
            13.1008,47.30107,0
            13.09983,47.30105,0
            13.09858,47.30092,0
            13.09823,47.30084,0
            13.09647,47.30062,0
            13.09041,47.29945,0
            13.08446,47.2978,0
            13.08252,47.29746,0
            13.0819,47.29743,0
            13.0791,47.29763,0
            13.07753,47.29751,0
            13.07151,47.29654,0
            13.06783,47.29614,0
            13.06628,47.29589,0
            13.06165,47.29479,0
            13.05971,47.29443,0
            13.05949,47.29446,0
            13.05877,47.29435,0
            13.05815,47.29437,0
            13.05784,47.29433,0
            13.05609,47.29432,0
            13.055,47.29422,0
            13.05499,47.29421,0
            13.05342,47.29402,0
            13.05263,47.294,0
            13.05117,47.29412,0
            13.05013,47.29432,0
            13.04997,47.29438,0
            13.04975,47.29441,0
            13.04851,47.29483,0
            13.04643,47.29587,0
            13.04542,47.29618,0
            13.04454,47.29637,0
            13.04348,47.29673,0
            13.042,47.29755,0
            13.0409,47.29849,0
            13.04059,47.29869,0
            13.0397,47.29908,0
            13.038,47.29965,0
            13.0367,47.30032,0
            13.03586,47.30083,0
            13.03476,47.3018,0
            13.03346,47.3031,0
            13.0328,47.30352,0
            13.03189,47.30389,0
            13.03031,47.3043,0
            13.02974,47.30452,0
            13.02795,47.30542,0
            13.02588,47.30604,0
            13.02363,47.30651,0
            13.02194,47.30671,0
            13.01662,47.30711,0
            13.01475,47.30703,0
            13.01472,47.30702,0
            13.01364,47.307,0
            13.01281,47.30705,0
            13.01092,47.30739,0
            13.0102,47.30742,0
            13.00915,47.30729,0
            13.00854,47.30712,0
            13.00808,47.30694,0
            13.00682,47.30624,0
            13.0058,47.30582,0
            13.00563,47.30569,0
            13.0052,47.30544,0
            13.00399,47.30418,0
            13.00371,47.30398,0
            13.00325,47.30374,0
            13.0028,47.30357,0
            13.00141,47.30323,0
            13.00074,47.30298,0
            13.00033,47.30276,0
            12.99997,47.30249,0
            12.99954,47.3021,0
            12.99909,47.30177,0
            12.99868,47.30157,0
            12.99795,47.30136,0
            12.99613,47.30126,0
            12.99522,47.30105,0
            12.99444,47.30072,0
            12.9933,47.29986,0
            12.99265,47.29947,0
            12.98877,47.29761,0
            12.98672,47.29683,0
            12.98514,47.29638,0
            12.98228,47.29579,0
            12.98127,47.29535,0
            12.98055,47.29512,0
            12.97955,47.29501,0
            12.97816,47.295,0
            12.97756,47.29494,0
            12.97698,47.29482,0
            12.97534,47.29433,0
            12.97491,47.29425,0
            12.97439,47.29422,0
            12.97351,47.29426,0
            12.97214,47.29417,0
            12.97119,47.29404,0
            12.97026,47.29379,0
            12.96934,47.29344,0
            12.96703,47.29239,0
            12.96654,47.29222,0
            12.96461,47.29176,0
            12.96283,47.29161,0
            12.96195,47.29162,0
            12.9604,47.29176,0
            12.95943,47.29196,0
            12.95739,47.29263,0
            12.95705,47.29271,0
            12.95611,47.29277,0
            12.95473,47.29265,0
            12.95397,47.29271,0
            12.95275,47.29294,0
            12.95175,47.29302,0
            12.9506,47.29298,0
            12.95015,47.29301,0
            12.94863,47.29327,0
            12.94667,47.29337,0
            12.94636,47.2933,0
            12.94419,47.29259,0
            12.94355,47.29245,0
            12.93865,47.29209,0
            12.93787,47.29191,0
            12.93729,47.29171,0
            12.93639,47.29127,0
            12.93575,47.29072,0
            12.9351,47.29006,0
            12.93486,47.28986,0
            12.93427,47.28951,0
            12.93371,47.28929,0
            12.93302,47.28913,0
            12.93211,47.28907,0
            12.93192,47.28908,0
            12.93101,47.28925,0
            12.92996,47.28954,0
            12.92936,47.28961,0
            12.92697,47.28957,0
            12.92616,47.2895,0
            12.92431,47.28912,0
            12.91563,47.28873,0
            12.91125,47.28877,0
            12.90978,47.28889,0
            12.90736,47.28925,0
            12.9061,47.28931,0
            12.89962,47.28863,0
            12.8946,47.28904,0
            12.89376,47.28897,0
            12.89324,47.28888,0
            12.89114,47.28828,0
            12.89008,47.28811,0
            12.89006,47.28812,0
            12.88969,47.28809,0
            12.88636,47.28815,0
            12.88549,47.28808,0
            12.88512,47.288,0
            12.88448,47.28778,0
            12.88148,47.28652,0
            12.88002,47.28606,0
            12.87607,47.28511,0
            12.87438,47.28451,0
            12.87307,47.2842,0
            12.87226,47.2841,0
            12.87107,47.28407,0
            12.86952,47.2842,0
            12.86939,47.28424,0
            12.86823,47.28443,0
            12.86677,47.28457,0
            12.86576,47.28454,0
            12.86213,47.28415,0
            12.8607,47.2841,0
            12.85967,47.28419,0
            12.85867,47.2844,0
            12.85701,47.28496,0
            12.85639,47.28507,0
            12.85213,47.28526,0
            12.85024,47.28552,0
            12.84956,47.28553,0
            12.84879,47.28548,0
            12.84833,47.28539,0
            12.84691,47.2849,0
            12.84634,47.28459,0
            12.84575,47.28408,0
            12.84561,47.2839,0
            12.84535,47.28364,0
            12.84499,47.28316,0
            12.84478,47.28298,0
            12.84425,47.28235,0
            12.84423,47.28234,0
            12.84376,47.28182,0
            12.84335,47.28144,0
            12.84292,47.28114,0
            12.84208,47.2807,0
            12.84127,47.2804,0
            12.84005,47.28011,0
            12.83943,47.28003,0
            12.83808,47.27999,0
            12.83462,47.28028,0
            12.83277,47.28033,0
            12.82764,47.27994,0
            12.82687,47.27999,0
            12.82669,47.28005,0
            12.82662,47.28009,0
            12.82661,47.28009,0
            12.82646,47.28021,0
            12.82641,47.28027,0
            12.82625,47.2806,0
            12.82618,47.28067,0
            12.82602,47.28076,0
            12.82577,47.28082,0
            12.82512,47.28073,0
            12.82494,47.28075,0
            12.82509,47.28038,0
            12.82509,47.28032,0
            12.82504,47.28012,0
            12.82501,47.27953,0
            12.82512,47.2792,0
            12.82546,47.27879,0
            12.82562,47.27869,0
            12.82601,47.27836,0
            12.82616,47.27804,0
            12.82622,47.27666,0
            12.82647,47.27547,0
            12.82647,47.27541,0
            12.82648,47.27541,0
            12.82648,47.27515,0
            12.8264,47.27482,0
            12.82607,47.27403,0
            12.82595,47.27363,0
            12.8259,47.27289,0
            12.82581,47.27248,0
            12.82525,47.27124,0
            12.82501,47.27055,0
            12.82497,47.27028,0
            12.82496,47.27027,0
            12.82493,47.26807,0
            12.82484,47.26777,0
            12.82469,47.26748,0
            12.82411,47.2668,0
            12.824,47.2665,0
            12.82399,47.26633,0
            12.82403,47.26614,0
            12.82404,47.26613,0
            12.82406,47.26607,0
            12.82445,47.26548,0
            12.82456,47.26517,0
            12.82457,47.26491,0
            12.82453,47.26475,0
            12.82422,47.2642,0
            12.82413,47.26393,0
            12.82413,47.26372,0
            12.82416,47.26359,0
            12.82465,47.2626,0
            12.82473,47.26211,0
            12.82482,47.26183,0
            12.82498,47.26158,0
            12.82546,47.26098,0
            12.82558,47.26072,0
            12.82561,47.26045,0
            12.82556,47.26018,0
            12.82544,47.25993,0
            12.82461,47.25894,0
            12.82448,47.25862,0
            12.82451,47.25829,0
            12.82499,47.2571,0
            12.82504,47.25682,0
            12.82502,47.2566,0
            12.82496,47.2564,0
            12.82483,47.25618,0
            12.82391,47.25512,0
            12.82381,47.25497,0
            12.82372,47.25469,0
            12.82372,47.2544,0
            12.82375,47.25427,0
            12.82429,47.25298,0
            12.8246,47.252,0
            12.82475,47.25166,0
            12.82481,47.25159,0
            12.82482,47.25156,0
            12.82506,47.25132,0
            12.82736,47.24979,0
            12.82755,47.24961,0
            12.82768,47.24944,0
            12.82779,47.24918,0
            12.82784,47.24895,0
            12.82783,47.24877,0
            12.82689,47.24444,0
            12.82663,47.2441,0
            12.82501,47.24271,0
            12.82482,47.24251,0
            12.82471,47.24226,0
            12.82436,47.23919,0
            12.8244,47.23881,0
            12.82449,47.2384,0
            12.82463,47.23798,0
            12.82499,47.23734,0
            12.82539,47.23684,0
            12.82612,47.23609,0
            12.82625,47.23585,0
            12.82629,47.2357,0
            12.82629,47.23544,0
            12.82621,47.23521,0
            12.82516,47.2333,0
            12.82513,47.23309,0
            12.82515,47.23288,0
            12.82568,47.23149,0
            12.8259,47.23115,0
            12.82688,47.23005,0
            12.82697,47.22982,0
            12.82691,47.22787,0
            12.82685,47.2276,0
            12.8265,47.22669,0
            12.82635,47.22613,0
            12.82635,47.22578,0
            12.82644,47.22519,0
            12.82663,47.22449,0
            12.82672,47.22258,0
            12.8267,47.22194,0
            12.82713,47.22005,0
            12.82754,47.21939,0
            12.82766,47.21912,0
            12.82774,47.21883,0
            12.82775,47.21847,0
            12.82763,47.2178,0
            12.82768,47.21758,0
            12.82775,47.21661,0
            12.82779,47.21644,0
            12.82867,47.21411,0
            12.82891,47.21372,0
            12.8291,47.2135,0
            12.82991,47.21278,0
            12.82991,47.21277,0
            12.83008,47.21264,0
            12.83116,47.21157,0
            12.8315,47.21112,0
            12.83164,47.21088,0
            12.83177,47.21055,0
            12.8319,47.20956,0
            12.83279,47.20613,0
            12.83268,47.20532,0
            12.83286,47.20318,0
            12.83295,47.20266,0
            12.83313,47.20237,0
            12.83344,47.20202,0
            12.83363,47.20174,0
            12.83404,47.20062,0
            12.83412,47.2003,0
            12.83412,47.20014,0
            12.83392,47.19918,0
            12.83393,47.19903,0
            12.83397,47.19887,0
            12.83412,47.19854,0
            12.83416,47.19838,0
            12.83417,47.19824,0
            12.83409,47.19788,0
            12.83387,47.19744,0
            12.83377,47.19731,0
            12.83348,47.19678,0
            12.83337,47.19666,0
            12.83305,47.1964,0
            12.83251,47.19609,0
            12.83221,47.19586,0
            12.83154,47.19515,0
            12.83153,47.19515,0
            12.83102,47.19446,0
            12.83055,47.1941,0
            12.83054,47.1941,0
            12.8302,47.19389,0
            12.8298,47.1937,0
            12.82931,47.19354,0
            12.82893,47.19337,0
            12.82757,47.19238,0
            12.82754,47.19237,0
            12.82701,47.19195,0
            12.82676,47.19164,0
            12.82656,47.19145,0
            12.82638,47.19118,0
            12.8262,47.19046,0
            12.82595,47.18992,0
            12.82555,47.18952,0
            12.82548,47.18939,0
            12.82547,47.18939,0
            12.82545,47.18935,0
            12.82545,47.18933,0
            12.82543,47.18931,0
            12.82542,47.18927,0
            12.82541,47.18926,0
            12.82523,47.18807,0
            12.82524,47.18776,0
            12.82533,47.18756,0
            12.82554,47.18722,0
            12.82555,47.18712,0
            12.82548,47.18681,0
            12.82542,47.18672,0
            12.82525,47.18658,0
            12.82466,47.18632,0
            12.82427,47.18603,0
            12.8242,47.18593,0
            12.82418,47.18587,0
            12.82416,47.18567,0
            12.82398,47.18513,0
            12.82396,47.18511,0
            12.8236,47.18428,0
            12.82358,47.18419,0
            12.82358,47.18402,0
            12.82359,47.18399,0
            12.82357,47.18381,0
            12.82349,47.18363,0
            12.82303,47.18299,0
            12.82291,47.18264,0
            12.82287,47.18216,0
            12.82286,47.18215,0
            12.82282,47.18196,0
            12.82275,47.18181,0
            12.82256,47.18154,0
            12.82231,47.18133,0
            12.82156,47.18091,0
            12.82129,47.18072,0
            12.82119,47.1806,0
            12.82108,47.1804,0
            12.82104,47.18028,0
            12.82103,47.17941,0
            12.82099,47.17913,0
            12.82087,47.17887,0
            12.82067,47.17864,0
            12.82022,47.1783,0
            12.82021,47.1783,0
            12.81952,47.17788,0
            12.81937,47.17776,0
            12.81937,47.17775,0
            12.81934,47.17772,0
            12.81894,47.17691,0
            12.8186,47.17647,0
            12.81854,47.17635,0
            12.81854,47.17633,0
            12.81853,47.17632,0
            12.81853,47.17607,0
            12.81849,47.1759,0
            12.81831,47.1756,0
            12.81762,47.17501,0
            12.8171,47.17473,0
            12.81697,47.1746,0
            12.81687,47.17439,0
            12.81688,47.17385,0
            12.81682,47.17345,0
            12.81659,47.17261,0
            12.81648,47.17245,0
            12.81571,47.17171,0
            12.81496,47.1708,0
            12.81385,47.16978,0
            12.81365,47.16951,0
            12.81357,47.1695,0
            12.81344,47.16943,0
            12.81329,47.16904,0
            12.81327,47.16862,0
            12.81331,47.16833,0
            12.81349,47.16803,0
            12.81366,47.16789,0
            12.81416,47.16772,0
            12.8142,47.16772,0
            12.81429,47.16761,0
            12.81449,47.16727,0
            12.81474,47.16666,0
            12.81486,47.16607,0
            12.81492,47.16527,0
            12.81499,47.16507,0
            12.81499,47.16504,0
            12.81536,47.16447,0
            12.81543,47.16425,0
            12.81543,47.16412,0
            12.81536,47.16368,0
            12.81528,47.16242,0
            12.81507,47.16199,0
            12.81506,47.16199,0
            12.81497,47.16184,0
            12.81451,47.16056,0
            12.81434,47.16028,0
            12.81401,47.1599,0
            12.81343,47.15905,0
            12.81327,47.15845,0
            12.8132,47.15835,0
            12.81311,47.15827,0
            12.81288,47.15813,0
            12.81287,47.15813,0
            12.81254,47.15794,0
            12.81244,47.15783,0
            12.81241,47.15775,0
            12.81241,47.15769,0
            12.81246,47.15757,0
            12.81259,47.15747,0
            12.81316,47.1572,0
            12.81347,47.15692,0
            12.81365,47.15655,0
            12.81375,47.15644,0
            12.81418,47.15622,0
            12.81424,47.15617,0
            12.81428,47.1561,0
            12.8143,47.15602,0
            12.81428,47.15596,0
            12.8142,47.15587,0
            12.81411,47.15582,0
            12.81408,47.15582,0
            12.81407,47.15581,0
            12.81378,47.15579,0
            12.81338,47.15586,0
            12.81329,47.15586,0
            12.81283,47.15576,0
            12.81249,47.15562,0
            12.81238,47.15551,0
            12.81235,47.15545,0
            12.81231,47.15516,0
            12.81225,47.155,0
            12.81206,47.15485,0
            12.81166,47.15463,0
            12.81146,47.15448,0
            12.81131,47.15432,0
            12.81119,47.1541,0
            12.81108,47.1535,0
            12.81102,47.15336,0
            12.81033,47.15239,0
            12.81028,47.15216,0
            12.81028,47.1519,0
            12.81024,47.15168,0
            12.80982,47.151,0
            12.8098,47.15041,0
            12.80971,47.15011,0
            12.80972,47.15003,0
            12.80975,47.14998,0
            12.8098,47.14994,0
            12.80993,47.14993,0
            12.80999,47.14995,0
            12.81005,47.15,0
            12.8101,47.1501,0
            12.8102,47.15043,0
            12.81032,47.15066,0
            12.81071,47.15111,0
            12.81114,47.15141,0
            12.81192,47.15171,0
            12.81256,47.15213,0
            12.81291,47.15248,0
            12.81302,47.15251,0
            12.81311,47.15251,0
            12.81321,47.15247,0
            12.81325,47.15241,0
            12.81323,47.15234,0
            12.81285,47.15206,0
            12.81284,47.15206,0
            12.81278,47.15198,0
            12.81274,47.15189,0
            12.8127,47.15167,0
            12.81266,47.15158,0
            12.81247,47.15138,0
            12.81233,47.15127,0
            12.81196,47.15084,0
            12.81188,47.15071,0
            12.81185,47.15061,0
            12.81185,47.1505,0
            12.81187,47.15044,0
            12.81209,47.15014,0
            12.81213,47.15003,0
            12.81213,47.14985,0
            12.81215,47.14974,0
            12.81222,47.14965,0
            12.81226,47.14963,0
            12.81229,47.14963,0
            12.8123,47.14962,0
            12.8124,47.14962,0
            12.81245,47.14964,0
            12.81253,47.14976,0
            12.81254,47.14982,0
            12.81253,47.15,0
            12.81264,47.15023,0
            12.8133,47.15096,0
            12.81445,47.15166,0
            12.81478,47.15197,0
            12.8155,47.15278,0
            12.81563,47.15286,0
            12.81581,47.15293,0
            12.81583,47.15293,0
            12.81626,47.15311,0
            12.81647,47.15314,0
            12.81654,47.15312,0
            12.81657,47.15309,0
            12.81658,47.15309,0
            12.8166,47.15304,0
            12.81659,47.15303,0
            12.81659,47.15301,0
            12.81644,47.15292,0
            12.81643,47.15292,0
            12.81642,47.15291,0
            12.81605,47.15283,0
            12.81583,47.15273,0
            12.81567,47.15258,0
            12.81555,47.15233,0
            12.81539,47.1516,0
            12.8154,47.15144,0
            12.8155,47.15109,0
            12.81551,47.15097,0
            12.81546,47.15075,0
            12.8154,47.15062,0
            12.81528,47.15047,0
            12.81509,47.15031,0
            12.8147,47.15008,0
            12.81464,47.14999,0
            12.81445,47.14938,0
            12.81445,47.14935,0
            12.81444,47.14933,0
            12.81445,47.14924,0
            12.81452,47.14913,0
            12.81457,47.14908,0
            12.81481,47.14893,0
            12.81484,47.14889,0
            12.81487,47.14887,0
            12.81491,47.14882,0
            12.81492,47.14869,0
            12.81491,47.14865,0
            12.81484,47.14857,0
            12.81471,47.1485,0
            12.81394,47.14831,0
            12.8138,47.14823,0
            12.81373,47.14812,0
            12.81371,47.14801,0
            12.81381,47.14767,0
            12.81383,47.14764,0
            12.81387,47.14744,0
            12.81384,47.1473,0
            12.8138,47.14724,0
            12.81362,47.14707,0
            12.81354,47.14696,0
            12.8135,47.14684,0
            12.81353,47.14672,0
            12.81363,47.14659,0
            12.81396,47.14628,0
            12.81424,47.1458,0
            12.81425,47.1458,0
            12.81433,47.14564,0
            12.81438,47.1454,0
            12.81434,47.14524,0
            12.81423,47.14499,0
            12.81423,47.1449,0
            12.8143,47.14476,0
            12.81439,47.14469,0
            12.81498,47.14448,0
            12.81509,47.1444,0
            12.8152,47.14428,0
            12.81548,47.14372,0
            12.81554,47.1435,0
            12.81554,47.14341,0
            12.81549,47.1433,0
            12.81542,47.14323,0
            12.81541,47.14323,0
            12.8153,47.14317,0
            12.81464,47.14301,0
            12.81404,47.14278,0
            12.81313,47.1427,0
            12.81291,47.14265,0
            12.81249,47.14249,0
            12.81237,47.14242,0
            12.81229,47.14235,0
            12.81169,47.1415,0
            12.81074,47.14076,0
            12.81015,47.13995,0
            12.81008,47.13982,0
            12.80962,47.1392,0
            12.80906,47.1387,0
            12.8089,47.13849,0
            12.80861,47.13789,0
            12.80834,47.13744,0
            12.80825,47.13721,0
            12.80809,47.13599,0
            12.80803,47.13579,0
            12.80774,47.13524,0
            12.80767,47.13502,0
            12.80764,47.13455,0
            12.80754,47.13408,0
            12.80733,47.13369,0
            12.80732,47.13369,0
            12.8073,47.13361,0
            12.80731,47.13355,0
            12.80736,47.13349,0
            12.80743,47.13346,0
            12.80751,47.13346,0
            12.80763,47.13351,0
            12.80773,47.13361,0
            12.80812,47.13416,0
            12.80835,47.13437,0
            12.80871,47.1346,0
            12.80889,47.1348,0
            12.80897,47.13505,0
            12.80905,47.13516,0
            12.80906,47.13516,0
            12.80907,47.13517,0
            12.80918,47.13521,0
            12.8093,47.13517,0
            12.80935,47.13513,0
            12.80935,47.13511,0
            12.80936,47.13509,0
            12.80935,47.135,0
            12.80898,47.13443,0
            12.80883,47.13396,0
            12.80881,47.13343,0
            12.80864,47.13319,0
            12.80799,47.1325,0
            12.80779,47.13221,0
            12.80771,47.132,0
            12.80755,47.13133,0
            12.80749,47.13124,0
            12.80727,47.13103,0
            12.80717,47.13088,0
            12.80713,47.13066,0
            12.80711,47.13014,0
            12.80722,47.12974,0
            12.80749,47.12819,0
            12.80769,47.12766,0
            12.80772,47.12744,0
            12.80768,47.12644,0
            12.80777,47.12605,0
            12.80781,47.12596,0
            12.80783,47.12585,0
            12.80785,47.12581,0
            12.80787,47.12548,0
            12.8079,47.12538,0
            12.80834,47.12498,0
            12.80843,47.12484,0
            12.80847,47.12466,0
            12.80842,47.12443,0
            12.80819,47.12389,0
            12.80818,47.12377,0
            12.80824,47.12369,0
            12.8083,47.12367,0
            12.80838,47.12367,0
            12.80853,47.12372,0
            12.80875,47.12393,0
            12.80876,47.12393,0
            12.80886,47.12409,0
            12.80893,47.12433,0
            12.80887,47.12466,0
            12.80879,47.12484,0
            12.80877,47.12495,0
            12.8088,47.12501,0
            12.80887,47.12506,0
            12.80901,47.12508,0
            12.80909,47.12505,0
            12.80916,47.12499,0
            12.80921,47.12488,0
            12.80926,47.12458,0
            12.80927,47.12458,0
            12.80941,47.12419,0
            12.80941,47.12409,0
            12.80937,47.12392,0
            12.80928,47.12378,0
            12.80913,47.12363,0
            12.80896,47.12352,0
            12.80887,47.12343,0
            12.80878,47.12329,0
            12.80874,47.12312,0
            12.80875,47.12301,0
            12.8088,47.12283,0
            12.80905,47.12245,0
            12.80941,47.12204,0
            12.80953,47.12197,0
            12.80989,47.1219,0
            12.81014,47.12194,0
            12.81028,47.122,0
            12.81041,47.12211,0
            12.81048,47.12225,0
            12.81049,47.12242,0
            12.81045,47.12256,0
            12.81026,47.12285,0
            12.81015,47.12296,0
            12.81008,47.1231,0
            12.81007,47.12317,0
            12.81011,47.12332,0
            12.81018,47.12342,0
            12.81059,47.12374,0
            12.81073,47.12389,0
            12.81124,47.12486,0
            12.81129,47.12506,0
            12.81126,47.12519,0
            12.81109,47.12555,0
            12.81108,47.12569,0
            12.81117,47.12615,0
            12.81108,47.12643,0
            12.81099,47.12659,0
            12.81093,47.12677,0
            12.81095,47.12698,0
            12.8113,47.12755,0
            12.81137,47.12763,0
            12.81148,47.12782,0
            12.81169,47.12831,0
            12.81181,47.12848,0
            12.81196,47.12862,0
            12.81197,47.12862,0
            12.81221,47.12878,0
            12.81269,47.12897,0
            12.81282,47.12899,0
            12.81294,47.12898,0
            12.81301,47.12894,0
            12.81303,47.1289,0
            12.81303,47.12888,0
            12.81304,47.12887,0
            12.81303,47.12885,0
            12.81303,47.12883,0
            12.81295,47.12874,0
            12.81255,47.12852,0
            12.81253,47.12849,0
            12.81252,47.12849,0
            12.81242,47.12833,0
            12.81241,47.12833,0
            12.8124,47.12827,0
            12.81238,47.12823,0
            12.81236,47.12801,0
            12.81239,47.12787,0
            12.81243,47.1278,0
            12.81268,47.12751,0
            12.8127,47.12747,0
            12.81274,47.12727,0
            12.81269,47.12702,0
            12.81269,47.12688,0
            12.81272,47.12676,0
            12.81287,47.12653,0
            12.81308,47.1263,0
            12.81315,47.12618,0
            12.81326,47.12583,0
            12.8133,47.12545,0
            12.81333,47.12539,0
            12.81338,47.12534,0
            12.81343,47.12532,0
            12.81353,47.12531,0
            12.8136,47.12533,0
            12.81363,47.12535,0
            12.81367,47.1254,0
            12.81369,47.12546,0
            12.81369,47.12579,0
            12.8137,47.1258,0
            12.81387,47.12629,0
            12.8139,47.12695,0
            12.81397,47.12724,0
            12.81418,47.12764,0
            12.81432,47.12784,0
            12.81477,47.12834,0
            12.81478,47.12834,0
            12.81518,47.12883,0
            12.8153,47.12889,0
            12.8154,47.1289,0
            12.8155,47.12887,0
            12.81554,47.12883,0
            12.81555,47.12879,0
            12.81554,47.12874,0
            12.81518,47.12826,0
            12.8151,47.12809,0
            12.8151,47.12794,0
            12.81514,47.12778,0
            12.81533,47.12745,0
            12.81533,47.12744,0
            12.81542,47.12728,0
            12.81585,47.12618,0
            12.81596,47.12603,0
            12.81619,47.12586,0
            12.81648,47.12578,0
            12.81759,47.1256,0
            12.8189,47.12511,0
            12.81917,47.12493,0
            12.81936,47.12469,0
            12.81977,47.12385,0
            12.81987,47.12331,0
            12.8201,47.12285,0
            12.82016,47.12253,0
            12.82016,47.12184,0
            12.82021,47.12168,0
            12.82031,47.12155,0
            12.8205,47.12141,0
            12.821,47.12127,0
            12.82124,47.12129,0
            12.82145,47.12134,0
            12.82166,47.12144,0
            12.82216,47.12179,0
            12.82238,47.12187,0
            12.8226,47.12188,0
            12.82277,47.12186,0
            12.82282,47.12184,0
            12.82285,47.12184,0
            12.82303,47.12174,0
            12.82311,47.12166,0
            12.82315,47.12159,0
            12.82318,47.12149,0
            12.82318,47.1214,0
            12.82299,47.12068,0
            12.823,47.12052,0
            12.82311,47.12041,0
            12.82316,47.12039,0
            12.82327,47.12039,0
            12.82341,47.12043,0
            12.82349,47.1205,0
            12.82365,47.12071,0
            12.82373,47.12078,0
            12.82383,47.12081,0
            12.82395,47.12081,0
            12.82403,47.12079,0
            12.82411,47.12074,0
            12.82418,47.12066,0
            12.8243,47.12042,0
            12.8243,47.1204,0
            12.82447,47.12005,0
            12.82456,47.11977,0
            12.82447,47.119,0
            12.8245,47.11887,0
            12.82455,47.11883,0
            12.82464,47.11881,0
            12.82466,47.11882,0
            12.82472,47.11882,0
            12.8248,47.11888,0
            12.82484,47.11895,0
            12.82496,47.11932,0
            12.8254,47.11983,0
            12.82541,47.11983,0
            12.82545,47.11988,0
            12.8255,47.11991,0
            12.82562,47.11994,0
            12.82574,47.11991,0
            12.82577,47.11988,0
            12.82579,47.11981,0
            12.82578,47.11977,0
            12.82532,47.1192,0
            12.82529,47.11906,0
            12.82529,47.11898,0
            12.82532,47.11889,0
            12.82552,47.11868,0
            12.8257,47.11859,0
            12.82593,47.11855,0
            12.82613,47.11855,0
            12.82636,47.11859,0
            12.82648,47.11864,0
            12.82662,47.11873,0
            12.82675,47.11889,0
            12.82689,47.11925,0
            12.8269,47.11926,0
            12.82693,47.11934,0
            12.82696,47.11967,0
            12.827,47.11975,0
            12.82705,47.11979,0
            12.82707,47.11979,0
            12.82709,47.1198,0
            12.82723,47.11979,0
            12.82725,47.11978,0
            12.82733,47.11968,0
            12.82735,47.11949,0
            12.8274,47.11931,0
            12.82743,47.11927,0
            12.82743,47.11926,0
            12.82784,47.11854,0
            12.82814,47.11817,0
            12.82822,47.11801,0
            12.82823,47.11793,0
            12.82818,47.11782,0
            12.82806,47.11768,0
            12.82736,47.11733,0
            12.82663,47.11715,0
            12.82588,47.11711,0
            12.82508,47.11694,0
            12.82404,47.11684,0
            12.82391,47.11679,0
            12.82382,47.11672,0
            12.82376,47.11658,0
            12.8238,47.11547,0
            12.82382,47.11542,0
            12.82388,47.11534,0
            12.82398,47.11528,0
            12.82405,47.11526,0
            12.82425,47.11527,0
            12.82435,47.11531,0
            12.82442,47.11536,0
            12.82467,47.11573,0
            12.82482,47.11589,0
            12.82576,47.1166,0
            12.82604,47.11676,0
            12.82625,47.11684,0
            12.82749,47.11714,0
            12.82821,47.11716,0
            12.82877,47.11707,0
            12.82944,47.11706,0
            12.83068,47.11714,0
            12.83086,47.11719,0
            12.831,47.11727,0
            12.83114,47.11739,0
            12.83135,47.11764,0
            12.83183,47.11796,0
            12.83213,47.11806,0
            12.83247,47.11807,0
            12.83278,47.11796,0
            12.83296,47.11783,0
            12.83303,47.1177,0
            12.83306,47.11759,0
            12.83302,47.11741,0
            12.83296,47.11729,0
            12.83284,47.11715,0
            12.83258,47.11697,0
            12.83256,47.11697,0
            12.83233,47.11686,0
            12.83231,47.11686,0
            12.8319,47.11663,0
            12.83163,47.11638,0
            12.83151,47.1162,0
            12.83113,47.11527,0
            12.83112,47.11527,0
            12.83108,47.11501,0
            12.83119,47.11444,0
            12.83121,47.1144,0
            12.83122,47.11432,0
            12.8312,47.11415,0
            12.83098,47.11369,0
            12.83094,47.11352,0
            12.83093,47.1131,0
            12.83088,47.11291,0
            12.83078,47.11276,0
            12.83058,47.11255,0
            12.83056,47.1125,0
            12.83056,47.11247,0
            12.83059,47.1124,0
            12.83062,47.11237,0
            12.83064,47.11237,0
            12.83068,47.11235,0
            12.83087,47.11238,0
            12.83145,47.1129,0
            12.8316,47.11297,0
            12.83169,47.11299,0
            12.8317,47.113,0
            12.83188,47.113,0
            12.83203,47.11297,0
            12.8322,47.11288,0
            12.83235,47.11268,0
            12.83258,47.11184,0
            12.83267,47.11129,0
            12.83262,47.1108,0
            12.83265,47.11061,0
            12.83275,47.11043,0
            12.83309,47.11002,0
            12.83387,47.10879,0
            12.83394,47.10858,0
            12.83398,47.10823,0
            12.83394,47.10771,0
            12.83395,47.10755,0
            12.834,47.10733,0
            12.83464,47.10564,0
            12.8347,47.10553,0
            12.83498,47.10519,0
            12.83525,47.10494,0
            12.8354,47.10472,0
            12.83558,47.10434,0
            12.8357,47.10391,0
            12.83573,47.10315,0
            12.83576,47.10303,0
            12.83599,47.10262,0
            12.83667,47.10192,0
            12.83691,47.10147,0
            12.83711,47.10125,0
            12.83716,47.101,0
            12.83717,47.10075,0
            12.83722,47.10049,0
            12.83719,47.10022,0
            12.83711,47.10006,0
            12.83699,47.09992,0
            12.83677,47.09973,0
            12.8366,47.09966,0
            12.83569,47.09954,0
            12.83546,47.09943,0
            12.8352,47.09925,0
            12.83492,47.09899,0
            12.83451,47.09851,0
            12.83423,47.09831,0
            12.83356,47.09793,0
            12.8334,47.09781,0
            12.83318,47.09755,0
            12.8331,47.0974,0
            12.83305,47.09711,0
            12.83306,47.09655,0
            12.83309,47.09633,0
            12.83332,47.09572,0
            12.83337,47.09513,0
            12.8334,47.095,0
            12.83348,47.09482,0
            12.83361,47.09463,0
            12.83385,47.09442,0
            12.83416,47.09425,0
            12.83418,47.09425,0
            12.83481,47.09398,0
            12.83557,47.09353,0
            12.836,47.09319,0
            12.83631,47.09287,0
            12.83685,47.0922,0
            12.83727,47.0918,0
            12.83744,47.09156,0
            12.83752,47.09135,0
            12.83773,47.09052,0
            12.83793,47.09011,0
            12.838,47.08987,0
            12.83801,47.08976,0
            12.83799,47.08957,0
            12.83772,47.08863,0
            12.83777,47.08793,0
            12.83784,47.08766,0
            12.83801,47.08741,0
            12.83814,47.0873,0
            12.83853,47.08711,0
            12.83903,47.08703,0
            12.84045,47.08704,0
            12.84052,47.08702,0
            12.84058,47.08696,0
            12.84059,47.08691,0
            12.84054,47.08684,0
            12.84048,47.08681,0
            12.84027,47.08679,0
            12.8401,47.08682,0
            12.83985,47.0868,0
            12.83965,47.08674,0
            12.83917,47.08651,0
            12.83913,47.08646,0
            12.8391,47.08639,0
            12.83915,47.08632,0
            12.83919,47.0863,0
            12.83925,47.0863,0
            12.83941,47.08635,0
            12.83972,47.08651,0
            12.83992,47.08655,0
            12.84012,47.08654,0
            12.84025,47.08651,0
            12.84046,47.08641,0
            12.84063,47.0862,0
            12.84108,47.08544,0
            12.84125,47.0853,0
            12.84188,47.08502,0
            12.8421,47.08486,0
            12.84235,47.08458,0
            12.8425,47.08431,0
            12.84256,47.08404,0
            12.84261,47.0811,0
            12.84254,47.08099,0
            12.8424,47.08088,0
            12.84216,47.08077,0
            12.84104,47.08045,0
            12.84084,47.08036,0
            12.83977,47.07953,0
            12.83917,47.07926,0
            12.83906,47.07924,0
            12.83905,47.07923,0
            12.83895,47.07922,0
            12.83893,47.07921,0
            12.83869,47.07919,0
            12.8385,47.07914,0
            12.83846,47.07908,0
            12.83846,47.07903,0
            12.83848,47.07899,0
            12.83857,47.07895,0
            12.83867,47.07894,0
            12.83888,47.07899,0
            12.83902,47.07905,0
            12.84024,47.0793,0
            12.84043,47.0793,0
            12.84056,47.07927,0
            12.84076,47.07918,0
            12.84117,47.0788,0
            12.84186,47.07844,0
            12.84218,47.07838,0
            12.84242,47.0783,0
            12.84247,47.07827,0
            12.84257,47.07816,0
            12.84261,47.07804,0
            12.84258,47.07792,0
            12.84247,47.07777,0
            12.8424,47.07773,0
            12.8421,47.07765,0
            12.84156,47.07765,0
            12.84152,47.07766,0
            12.84111,47.07763,0
            12.84096,47.07759,0
            12.84084,47.07751,0
            12.84069,47.07729,0
            12.84049,47.07678,0
            12.84033,47.076,0
            12.83996,47.07547,0
            12.83991,47.07535,0
            12.83991,47.07507,0
            12.84002,47.07461,0
            12.84008,47.07447,0
            12.84027,47.07431,0
            12.84057,47.07416,0
            12.84068,47.07406,0
            12.84072,47.07395,0
            12.84072,47.07387,0
            12.84062,47.07376,0
            12.84055,47.07371,0
            12.84038,47.07366,0
            12.8396,47.07364,0
            12.83936,47.07358,0
            12.8392,47.07343,0
            12.8392,47.07336,0
            12.83922,47.07331,0
            12.83929,47.07323,0
            12.83946,47.07313,0
            12.83967,47.07311,0
            12.84005,47.07317,0
            12.8402,47.07316,0
            12.84028,47.0731,0
            12.84028,47.07303,0
            12.84022,47.07296,0
            12.8398,47.07278,0
            12.83972,47.07272,0
            12.83971,47.07272,0
            12.83964,47.07265,0
            12.83943,47.07235,0
            12.83932,47.07226,0
            12.83885,47.07206,0
            12.83871,47.07196,0
            12.83859,47.07182,0
            12.83856,47.0716,0
            12.83859,47.07147,0
            12.83869,47.07131,0
            12.83892,47.0711,0
            12.83904,47.07102,0
            12.83905,47.071,0
            12.8392,47.07088,0
            12.83984,47.07011,0
            12.83995,47.06989,0
            12.84006,47.06928,0
            12.84012,47.06923,0
            12.84022,47.0692,0
            12.84031,47.0692,0
            12.84041,47.06925,0
            12.84046,47.06937,0
            12.84048,47.06953,0
            12.84053,47.06966,0
            12.84096,47.07042,0
            12.84111,47.0709,0
            12.84112,47.07091,0
            12.84112,47.07095,0
            12.84114,47.071,0
            12.84114,47.07103,0
            12.84121,47.07126,0
            12.84127,47.07132,0
            12.84136,47.07136,0
            12.84145,47.07136,0
            12.84152,47.07134,0
            12.84153,47.07133,0
            12.84154,47.07133,0
            12.84154,47.07132,0
            12.84155,47.07132,0
            12.84158,47.07126,0
            12.84158,47.07119,0
            12.84156,47.07112,0
            12.84155,47.07112,0
            12.84148,47.0709,0
            12.84146,47.07069,0
            12.84148,47.07059,0
            12.84204,47.06921,0
            12.84207,47.06896,0
            12.84198,47.06836,0
            12.84201,47.06823,0
            12.84221,47.06786,0
            12.84226,47.06771,0
            12.84228,47.06751,0
            12.84225,47.06737,0
            12.84212,47.06715,0
            12.84202,47.06708,0
            12.84157,47.06694,0
            12.84002,47.06686,0
            12.8375,47.06689,0
            12.83589,47.06669,0
            12.83558,47.06673,0
            12.8349,47.06696,0
            12.83475,47.06698,0
            12.83451,47.06697,0
            12.83431,47.0669,0
            12.83421,47.06683,0
            12.83409,47.06669,0
            12.83381,47.06619,0
            12.83371,47.06607,0
            12.83338,47.06578,0
            12.83337,47.06578,0
            12.83078,47.06373,0
            12.83077,47.06373,0
            12.83072,47.06369,0
            12.83059,47.06365,0
            12.83056,47.06365,0
            12.83054,47.06364,0
            12.83015,47.06367,0
            12.82972,47.06382,0
            12.82957,47.06392,0
            12.82917,47.0643,0
            12.82909,47.06435,0
            12.82827,47.06467,0
            12.82777,47.06493,0
            12.82761,47.06497,0
            12.82733,47.06498,0
            12.82696,47.06494,0
            12.82677,47.06496,0
            12.82623,47.06515,0
            12.8261,47.06515,0
            12.82602,47.06511,0
            12.82601,47.06509,0
            12.82603,47.06497,0
            12.82616,47.06488,0
            12.82646,47.06476,0
            12.82647,47.06475,0
            12.82719,47.06457,0
            12.82803,47.06413,0
            12.82806,47.06409,0
            12.82806,47.06403,0
            12.828,47.06396,0
            12.82791,47.06394,0
            12.82777,47.06395,0
            12.82727,47.06422,0
            12.82694,47.0643,0
            12.82611,47.06435,0
            12.82575,47.06449,0
            12.82562,47.06457,0
            12.82561,47.06457,0
            12.82529,47.06474,0
            12.82518,47.06476,0
            12.825,47.06475,0
            12.8249,47.06469,0
            12.82488,47.06465,0
            12.82488,47.06454,0
            12.82498,47.06438,0
            12.82498,47.06437,0
            12.82534,47.06393,0
            12.82561,47.06372,0
            12.82595,47.06355,0
            12.82595,47.06354,0
            12.82618,47.06344,0
            12.82628,47.06336,0
            12.82628,47.06329,0
            12.82622,47.06322,0
            12.82618,47.0632,0
            12.82608,47.06319,0
            12.82541,47.06347,0
            12.82468,47.06355,0
            12.82447,47.06362,0
            12.82361,47.06411,0
            12.82289,47.06433,0
            12.82268,47.06444,0
            12.82127,47.06577,0
            12.821,47.06607,0
            12.82074,47.06646,0
            12.82058,47.06678,0
            12.8203,47.06752,0
            12.81977,47.0684,0
            12.81968,47.06847,0
            12.81951,47.06851,0
            12.81936,47.06847,0
            12.81927,47.0684,0
            12.81922,47.06833,0
            12.81921,47.06806,0
            12.81939,47.06677,0
            12.81938,47.06675,0
            12.81925,47.06568,0
            12.81915,47.06524,0
            12.8185,47.06364,0
            12.8184,47.06351,0
            12.81833,47.06345,0
            12.81833,47.06344,0
            12.81796,47.06318,0
            12.81789,47.06316,0
            12.81776,47.06304,0
            12.8177,47.06304,0
            12.81769,47.06303,0
            12.81767,47.06303,0
            12.81766,47.06302,0
            12.81765,47.06302,0
            12.81765,47.06301,0
            12.81763,47.06301,0
            12.81763,47.063,0
            12.81762,47.063,0
            12.81762,47.06299,0
            12.8176,47.06297,0
            12.8176,47.06295,0
            12.81759,47.06295,0
            12.81759,47.06292,0
            12.8176,47.06291,0
            12.8176,47.06289,0
            12.81761,47.06289,0
            12.81761,47.06288,0
            12.81763,47.06286,0
            12.81764,47.06286,0
            12.81764,47.06285,0
            12.81766,47.06285,0
            12.81766,47.06284,0
            12.81768,47.06284,0
            12.81768,47.06283,0
            12.81772,47.06283,0
            12.81773,47.06282,0
            12.81777,47.06282,0
            12.81778,47.06283,0
            12.81782,47.06283,0
            12.81783,47.06284,0
            12.81785,47.06284,0
            12.81785,47.06285,0
            12.81786,47.06285,0
            12.81787,47.06286,0
            12.81788,47.06286,0
            12.81788,47.06287,0
            12.81804,47.06288,0
            12.81809,47.06292,0
            12.81813,47.06293,0
            12.81842,47.06322,0
            12.81897,47.06366,0
            12.8191,47.0637,0
            12.81919,47.0637,0
            12.8193,47.06367,0
            12.81976,47.06339,0
            12.82055,47.063,0
            12.82088,47.06279,0
            12.8213,47.06263,0
            12.82136,47.06257,0
            12.82144,47.06242,0
            12.82151,47.06211,0
            12.82159,47.06192,0
            12.82177,47.06163,0
            12.82263,47.06111,0
            12.82392,47.06049,0
            12.82427,47.06039,0
            12.82452,47.06036,0
            12.82537,47.06041,0
            12.82565,47.06036,0
            12.82668,47.06002,0
            12.82795,47.05978,0
            12.82942,47.05939,0
            12.83021,47.05925,0
            12.83049,47.05923,0
            12.83071,47.05926,0
            12.83144,47.0595,0
            12.8317,47.05952,0
            12.83187,47.05947,0
            12.83202,47.05937,0
            12.83208,47.05921,0
            12.83204,47.05867,0
            12.83207,47.05824,0
            12.83218,47.0576,0
            12.83226,47.05599,0
            12.83234,47.05562,0
            12.83255,47.05537,0
            12.83315,47.05486,0
            12.83359,47.05431,0
            12.83384,47.05406,0
            12.83411,47.05388,0
            12.83563,47.05312,0
            12.83613,47.05271,0
            12.83666,47.05237,0
            12.83723,47.05207,0
            12.83799,47.05132,0
            12.83885,47.05071,0
            12.83996,47.05013,0
            12.84115,47.0497,0
            12.84143,47.04968,0
            12.84208,47.04994,0
            12.84249,47.04998,0
            12.84325,47.04988,0
            12.84443,47.04947,0
            12.84478,47.04941,0
            12.84553,47.04945,0
            12.84597,47.04942,0
            12.8462,47.04937,0
            12.84652,47.0492,0
            12.84714,47.04877,0
            12.8481,47.04836,0
            12.84925,47.04758,0
            12.84936,47.04754,0
            12.85014,47.04742,0
            12.85014,47.04741,0
            12.85149,47.04727,0
            12.85169,47.04716,0
            12.85175,47.04705,0
            12.85175,47.04696,0
            12.8517,47.0468,0
            12.85153,47.04664,0
            12.85152,47.04664,0
            12.85104,47.04628,0
            12.85092,47.04608,0
            12.85085,47.04585,0
            12.85086,47.04553,0
            12.85102,47.04516,0
            12.85117,47.04494,0
            12.85136,47.04474,0
            12.85157,47.04461,0
            12.85158,47.04454,0
            12.85161,47.04451,0
            12.85188,47.04442,0
            12.85258,47.04407,0
            12.85298,47.04396,0
            12.85396,47.04383,0
            12.85432,47.04383,0
            12.85495,47.04401,0
            12.85533,47.04405,0
            12.85548,47.04401,0
            12.85563,47.04392,0
            12.85578,47.04376,0
            12.85581,47.04368,0
            12.85574,47.04357,0
            12.85554,47.04344,0
            12.85532,47.04339,0
            12.85511,47.04339,0
            12.85394,47.04352,0
            12.85349,47.04352,0
            12.85339,47.04347,0
            12.85333,47.04341,0
            12.85333,47.04337,0
            12.85338,47.0433,0
            12.85352,47.04326,0
            12.85415,47.04322,0
            12.85438,47.04317,0
            12.85507,47.04289,0
            12.85608,47.0427,0
            12.85658,47.04245,0
            12.85679,47.04226,0
            12.8569,47.04212,0
            12.85709,47.04175,0
            12.85735,47.04143,0
            12.85735,47.04142,0
            12.85764,47.04108,0
            12.85881,47.0403,0
            12.86096,47.0393,0
            12.86287,47.03824,0
            12.86298,47.0382,0
            12.86349,47.03811,0
            12.86393,47.03793,0
            12.86459,47.03759,0
            12.86475,47.03747,0
            12.86477,47.03744,0
            12.86505,47.03727,0
            12.86531,47.0372,0
            12.86557,47.03717,0
            12.86631,47.03724,0
            12.86732,47.03713,0
            12.86873,47.0371,0
            12.86891,47.03712,0
            12.86931,47.03722,0
            12.86942,47.03722,0
            12.86958,47.03717,0
            12.86963,47.03712,0
            12.86961,47.03703,0
            12.86954,47.03698,0
            12.86944,47.03694,0
            12.86774,47.03681,0
            12.86605,47.03631,0
            12.86571,47.03627,0
            12.8649,47.03626,0
            12.86423,47.03632,0
            12.86351,47.03647,0
            12.86304,47.03647,0
            12.86269,47.03662,0
            12.86233,47.03665,0
            12.86174,47.03646,0
            12.86145,47.03642,0
            12.86123,47.03644,0
            12.86045,47.03678,0
            12.8596,47.03691,0
            12.85854,47.03682,0
            12.85753,47.03703,0
            12.85659,47.03706,0
            12.85583,47.03723,0
            12.85548,47.03736,0
            12.85516,47.03764,0
            12.85511,47.03766,0
            12.85506,47.0377,0
            12.85398,47.03814,0
            12.85355,47.03817,0
            12.85313,47.03813,0
            12.85273,47.03821,0
            12.85261,47.03821,0
            12.85245,47.03816,0
            12.85218,47.038,0
            12.85201,47.03794,0
            12.8518,47.03794,0
            12.85091,47.03815,0
            12.85024,47.03817,0
            12.84959,47.0381,0
            12.84768,47.03811,0
            12.8474,47.03816,0
            12.84698,47.03831,0
            12.84567,47.03912,0
            12.84541,47.03919,0
            12.84486,47.03924,0
            12.84464,47.03929,0
            12.84358,47.03987,0
            12.84346,47.0399,0
            12.84339,47.0399,0
            12.84328,47.03986,0
            12.84325,47.03981,0
            12.84328,47.03977,0
            12.84372,47.03961,0
            12.84399,47.03935,0
            12.84452,47.03905,0
            12.84512,47.03864,0
            12.84529,47.03848,0
            12.84534,47.03841,0
            12.84599,47.03708,0
            12.84615,47.0369,0
            12.8464,47.03672,0
            12.84845,47.03563,0
            12.84879,47.03539,0
            12.84938,47.03479,0
            12.85016,47.03337,0
            12.85038,47.03307,0
            12.85114,47.03224,0
            12.85129,47.03211,0
            12.85151,47.03198,0
            12.85249,47.03162,0
            12.85268,47.0316,0
            12.8528,47.03164,0
            12.85291,47.03172,0
            12.85299,47.03188,0
            12.85327,47.03274,0
            12.85341,47.03299,0
            12.85387,47.03358,0
            12.85399,47.03369,0
            12.85409,47.03375,0
            12.85433,47.03381,0
            12.85452,47.03381,0
            12.85488,47.03373,0
            12.85712,47.03295,0
            12.85739,47.0328,0
            12.85786,47.03237,0
            12.85826,47.03212,0
            12.85892,47.03199,0
            12.85923,47.03189,0
            12.85962,47.03166,0
            12.8602,47.03109,0
            12.86041,47.03093,0
            12.8612,47.03072,0
            12.86132,47.03062,0
            12.86138,47.03051,0
            12.86141,47.03038,0
            12.86141,47.0287,0
            12.8613,47.02708,0
            12.86154,47.02561,0
            12.86176,47.02482,0
            12.86182,47.02444,0
            12.86184,47.02283,0
            12.8619,47.02258,0
            12.86206,47.02227,0
            12.86231,47.02196,0
            12.8649,47.01983,0
            12.86514,47.01959,0
            12.86548,47.01915,0
            12.86564,47.01888,0
            12.86798,47.01381,0
            12.86812,47.01332,0
            12.86823,47.01246,0
            12.8683,47.0122,0
            12.86842,47.01195,0
            12.87234,47.00607,0
            12.87399,47.00436,0
            12.87441,47.00379,0
            12.87457,47.0034,0
            12.87474,47.00251,0
            12.8748,47.00234,0
            12.87486,47.00224,0
            12.87498,47.00211,0
            12.87565,47.00167,0
            12.87571,47.0016,0
            12.87577,47.00149,0
            12.87581,47.00123,0
            12.87656,46.99924,0
            12.87664,46.99835,0
            12.8766,46.99799,0
            12.87609,46.99656,0
            12.87594,46.99627,0
            12.87436,46.9921,0
            12.87424,46.99149,0
            12.87426,46.99094,0
            12.87439,46.99036,0
            12.87454,46.98999,0
            12.87491,46.9894,0
            12.8759,46.98828,0
            12.87601,46.98819,0
            12.87639,46.98773,0
            12.8767,46.98726,0
            12.87684,46.98698,0
            12.87687,46.98659,0
            12.87677,46.98591,0
            12.87676,46.98562,0
            12.87688,46.98514,0
            12.87703,46.98486,0
            12.87729,46.98453,0
            12.87782,46.98407,0
            12.87844,46.98369,0
            12.88247,46.98177,0
            12.88327,46.98127,0
            12.88402,46.98064,0
            12.88497,46.97968,0
            12.88567,46.97917,0
            12.88729,46.97846,0
            12.88734,46.97841,0
            12.88764,46.97826,0
            12.88798,46.97803,0
            12.88887,46.97724,0
            12.89019,46.9759,0
            12.89073,46.97514,0
            12.89074,46.97511,0
            12.89192,46.97398,0
            12.89261,46.97353,0
            12.89345,46.97261,0
            12.89532,46.97085,0
            12.89536,46.97075,0
            12.89565,46.97043,0
            12.896,46.96982,0
            12.89606,46.96975,0
            12.89614,46.96942,0
            12.89617,46.96913,0
            12.89615,46.96885,0
            12.89608,46.9685,0
            12.8957,46.96725,0
            12.89565,46.96691,0
            12.89568,46.96632,0
            12.89588,46.96562,0
            12.89621,46.96492,0
            12.89638,46.9643,0
            12.8964,46.96398,0
            12.89638,46.96384,0
            12.89627,46.96351,0
            12.89612,46.96323,0
            12.89551,46.96246,0
            12.89542,46.96231,0
            12.89532,46.96206,0
            12.89524,46.96173,0
            12.89502,46.95991,0
            12.89503,46.95957,0
            12.89508,46.95922,0
            12.89522,46.95879,0
            12.89534,46.95854,0
            12.89574,46.958,0
            12.89655,46.95729,0
            12.89678,46.95704,0
            12.89696,46.95676,0
            12.89716,46.95613,0
            12.89723,46.95536,0
            12.89732,46.95492,0
            12.89754,46.95445,0
            12.89771,46.95425,0
            12.89775,46.95417,0
            12.898,46.9539,0
            12.89864,46.95338,0
            12.89896,46.95303,0
            12.89913,46.95274,0
            12.89924,46.95237,0
            12.89926,46.95201,0
            12.89882,46.94979,0
            12.89873,46.94841,0
            12.89874,46.94823,0
            12.89873,46.94819,0
            12.89878,46.94793,0
            12.89889,46.94762,0
            12.89912,46.9472,0
            12.89962,46.94566,0
            12.90044,46.94089,0
            12.90061,46.94022,0
            12.9008,46.93974,0
            12.90255,46.93649,0
            12.90294,46.93586,0
            12.90326,46.93524,0
            12.90346,46.93494,0
            12.90381,46.93459,0
            12.90477,46.9339,0
            12.90493,46.9337,0
            12.90503,46.9335,0
            12.90547,46.93186,0
            12.90548,46.93185,0
            12.90635,46.92846,0
            12.90658,46.92693,0
            12.90667,46.92669,0
            12.90685,46.92641,0
            12.90705,46.9262,0
            12.90846,46.92522,0
            12.90891,46.92479,0
            12.9104,46.92282,0
            12.91059,46.92249,0
            12.91074,46.92214,0
            12.91074,46.92212,0
            12.91076,46.92209,0
            12.91082,46.9215,0
            12.91082,46.92088,0
            12.91091,46.92035,0
            12.91119,46.91932,0
            12.91134,46.91766,0
            12.9114,46.9174,0
            12.9115,46.91713,0
            12.91295,46.91421,0
            12.91306,46.91392,0
            12.91309,46.91364,0
            12.91306,46.91325,0
            12.913,46.91302,0
            12.91284,46.91267,0
            12.91283,46.91267,0
            12.91273,46.91251,0
            12.91273,46.9125,0
            12.9105,46.90974,0
            12.91017,46.90922,0
            12.90991,46.90863,0
            12.90974,46.90805,0
            12.90959,46.90768,0
            12.9071,46.90371,0
            12.90641,46.90242,0
            12.90615,46.90158,0
            12.90593,46.90115,0
            12.90575,46.90092,0
            12.90513,46.90036,0
            12.90379,46.89856,0
            12.90229,46.89726,0
            12.90201,46.89687,0
            12.90194,46.8967,0
            12.90166,46.89509,0
            12.9016,46.8949,0
            12.90144,46.89462,0
            12.90108,46.89428,0
            12.89964,46.89352,0
            12.89856,46.89281,0
            12.89766,46.89202,0
            12.89546,46.88941,0
            12.89506,46.88904,0
            12.89367,46.88805,0
            12.89367,46.88804,0
            12.89169,46.88666,0
            12.89123,46.88628,0
            12.88967,46.88468,0
            12.88826,46.88375,0
            12.88777,46.88348,0
            12.88723,46.88328,0
            12.8828,46.88228,0
            12.88235,46.88211,0
            12.88206,46.88193,0
            12.88191,46.8818,0
            12.88167,46.8815,0
            12.88162,46.88141,0
            12.88162,46.8814,0
            12.88038,46.87899,0
            12.88034,46.87885,0
            12.88032,46.87866,0
            12.88034,46.87841,0
            12.88074,46.87763,0
            12.88083,46.87734,0
            12.88083,46.877,0
            12.88076,46.87658,0
            12.87998,46.87465,0
            12.87978,46.87347,0
            12.87968,46.87325,0
            12.8795,46.87299,0
            12.87931,46.87278,0
            12.87665,46.87035,0
            12.87653,46.87019,0
            12.87644,46.87002,0
            12.87643,46.87002,0
            12.87573,46.86861,0
            12.87559,46.86809,0
            12.87554,46.86676,0
            12.87546,46.86626,0
            12.87527,46.86576,0
            12.87454,46.86453,0
            12.8745,46.86434,0
            12.87449,46.8641,0
            12.87452,46.86389,0
            12.87463,46.86362,0
            12.87475,46.86345,0
            12.87509,46.86309,0
            12.87589,46.86238,0
            12.87596,46.86227,0
            12.87595,46.86218,0
            12.8759,46.86212,0
            12.87582,46.86207,0
            12.87569,46.86206,0
            12.8756,46.86208,0
            12.87545,46.86215,0
            12.87517,46.86249,0
            12.87496,46.86269,0
            12.87458,46.86293,0
            12.87139,46.86424,0
            12.87098,46.86449,0
            12.87072,46.8647,0
            12.87053,46.86494,0
            12.87042,46.86515,0
            12.87037,46.86531,0
            12.87,46.86746,0
            12.87001,46.86772,0
            12.87021,46.86829,0
            12.8702,46.86844,0
            12.87014,46.8685,0
            12.87003,46.86856,0
            12.86984,46.86854,0
            12.86976,46.8685,0
            12.86968,46.8684,0
            12.86957,46.86785,0
            12.86956,46.86784,0
            12.86947,46.86748,0
            12.86916,46.86686,0
            12.86873,46.86633,0
            12.86684,46.86469,0
            12.86639,46.86423,0
            12.86611,46.86385,0
            12.86553,46.86263,0
            12.8653,46.86233,0
            12.86529,46.86233,0
            12.86513,46.86215,0
            12.86474,46.86183,0
            12.86433,46.86158,0
            12.86337,46.86115,0
            12.8627,46.86079,0
            12.8622,46.86044,0
            12.86219,46.86044,0
            12.86152,46.8599,0
            12.86121,46.8596,0
            12.8603,46.85845,0
            12.85895,46.85616,0
            12.85825,46.85447,0
            12.85793,46.85394,0
            12.85389,46.84967,0
            12.85342,46.84907,0
            12.85304,46.84847,0
            12.85275,46.84789,0
            12.85245,46.84689,0
            12.85235,46.84498,0
            12.85225,46.84433,0
            12.85217,46.84408,0
            12.85196,46.84362,0
            12.85153,46.84298,0
            12.85107,46.8425,0
            12.85008,46.84165,0
            12.84988,46.84141,0
            12.84944,46.84049,0
            12.84917,46.84018,0
            12.84862,46.83981,0
            12.84795,46.83957,0
            12.84613,46.83916,0
            12.8452,46.83888,0
            12.84483,46.8387,0
            12.84454,46.8385,0
            12.84437,46.83832,0
            12.84422,46.83809,0
            12.84405,46.83773,0
            12.84395,46.8376,0
            12.84381,46.83749,0
            12.84363,46.8374,0
            12.84334,46.83733,0
            12.84294,46.83734,0
            12.8414,46.83761,0
            12.84111,46.83759,0
            12.8409,46.83752,0
            12.84074,46.83738,0
            12.8407,46.8373,0
            12.84069,46.83722,0
            12.84072,46.83706,0
            12.84089,46.83688,0
            12.84104,46.83679,0
            12.84144,46.83665,0
            12.84356,46.8361,0
            12.8442,46.83585,0
            12.84507,46.83541,0
            12.84638,46.83463,0
            12.84768,46.83396,0
            12.84779,46.83386,0
            12.84784,46.83372,0
            12.84782,46.83363,0
            12.84777,46.83355,0
            12.84764,46.83346,0
            12.84738,46.83341,0
            12.84718,46.83342,0
            12.8462,46.83359,0
            12.84593,46.83359,0
            12.84425,46.83337,0
            12.84332,46.83344,0
            12.84259,46.83367,0
            12.84002,46.83504,0
            12.83948,46.83542,0
            12.83841,46.83647,0
            12.83797,46.83682,0
            12.83766,46.83702,0
            12.83423,46.83853,0
            12.83301,46.83883,0
            12.83186,46.83893,0
            12.83166,46.83892,0
            12.83164,46.83891,0
            12.83091,46.83886,0
            12.82997,46.83869,0
            12.8294,46.83852,0
            12.82892,46.83847,0
            12.82853,46.83854,0
            12.82838,46.8386,0
            12.82819,46.83876,0
            12.82813,46.83889,0
            12.82811,46.83909,0
            12.82819,46.83944,0
            12.82817,46.83963,0
            12.82811,46.8397,0
            12.82797,46.83976,0
            12.82785,46.83976,0
            12.82778,46.83974,0
            12.82769,46.83968,0
            12.82765,46.83959,0
            12.8277,46.83903,0
            12.82778,46.83873,0
            12.8279,46.83845,0
            12.8281,46.83814,0
            12.82825,46.83798,0
            12.82872,46.83769,0
            12.82953,46.83741,0
            12.82999,46.8372,0
            12.83094,46.83649,0
            12.83225,46.8357,0
            12.83247,46.83552,0
            12.83466,46.83329,0
            12.83639,46.83198,0
            12.8364,46.83198,0
            12.83651,46.8319,0
            12.837,46.83134,0
            12.83703,46.83126,0
            12.837,46.83113,0
            12.83692,46.83104,0
            12.8368,46.83101,0
            12.83673,46.83101,0
            12.83651,46.83106,0
            12.83553,46.83162,0
            12.835,46.83183,0
            12.83263,46.83251,0
            12.82886,46.83308,0
            12.82529,46.83311,0
            12.8241,46.83301,0
            12.82317,46.83285,0
            12.82315,46.83287,0
            12.82308,46.8329,0
            12.82304,46.8329,0
            12.82303,46.83291,0
            12.82297,46.83291,0
            12.82295,46.8329,0
            12.82292,46.8329,0
            12.82291,46.83289,0
            12.82289,46.83289,0
            12.82285,46.83287,0
            12.82215,46.83286,0
            12.80688,46.8302,0
            12.80497,46.83001,0
            12.80431,46.82999,0
            12.80407,46.83001,0
            12.80407,46.83003,0
            12.80406,46.83003,0
            12.80406,46.83005,0
            12.80405,46.83005,0
            12.80405,46.83006,0
            12.80404,46.83006,0
            12.80404,46.83007,0
            12.80403,46.83007,0
            12.80403,46.83008,0
            12.80402,46.83008,0
            12.80402,46.83009,0
            12.80401,46.83009,0
            12.804,46.8301,0
            12.80399,46.8301,0
            12.80399,46.83011,0
            12.80396,46.83011,0
            12.80396,46.83012,0
            12.80387,46.83012,0
            12.80386,46.83011,0
            12.80384,46.83011,0
            12.80384,46.8301,0
            12.80382,46.8301,0
            12.80381,46.83009,0
            12.8038,46.83009,0
            12.80379,46.83008,0
            12.80378,46.83008,0
            12.80378,46.83007,0
            12.80377,46.83007,0
            12.80376,46.83006,0
            12.80376,46.83005,0
            12.80375,46.83005,0
            12.80375,46.83004,0
            12.80374,46.83004,0
            12.80374,46.83002,0
            12.80373,46.83002,0
            12.80373,46.83001,0
            12.80285,46.82993,0
            12.80201,46.82993,0
            12.80201,46.82992,0
            12.80183,46.82992,0
            12.80157,46.82988,0
            12.80157,46.82989,0
            12.80147,46.82995,0
            12.80129,46.82997,0
            12.80127,46.82996,0
            12.80124,46.82996,0
            12.80122,46.82995,0
            12.80119,46.82995,0
            12.8011,46.82989,0
            12.80061,46.82989,0
            12.79956,46.83008,0
            12.79418,46.83058,0
            12.79085,46.83075,0
            12.78945,46.83071,0
            12.78722,46.83053,0
            12.78645,46.8306,0
            12.78503,46.83094,0
            12.78502,46.83095,0
            12.78411,46.83118,0
            12.7841,46.83119,0
            12.78333,46.83135,0
            12.7804,46.83172,0
            12.77892,46.83176,0
            12.77779,46.83158,0
            12.77672,46.83126,0
            12.77389,46.83001,0
            12.7738,46.82995,0
            12.77237,46.82937,0
            12.76869,46.82818,0
            12.76732,46.82785,0
            12.76497,46.82763,0
            12.76301,46.82764,0
            12.76257,46.8277,0
            12.76187,46.8279,0
            12.76129,46.82814,0
            12.76068,46.82815,0
            12.76067,46.82814,0
            12.75944,46.828,0
            12.75793,46.82806,0
            12.75791,46.82807,0
            12.75751,46.82812,0
            12.75748,46.82815,0
            12.75747,46.82815,0
            12.75747,46.82816,0
            12.75746,46.82816,0
            12.75745,46.82817,0
            12.75744,46.82817,0
            12.75743,46.82818,0
            12.75742,46.82818,0
            12.75741,46.82819,0
            12.75735,46.82819,0
            12.75734,46.8282,0
            12.75732,46.8282,0
            12.75731,46.82819,0
            12.75726,46.82819,0
            12.75725,46.82818,0
            12.75723,46.82818,0
            12.75722,46.82817,0
            12.75721,46.82817,0
            12.75717,46.82814,0
            12.75717,46.82813,0
            12.75716,46.82812,0
            12.75716,46.82811,0
            12.75715,46.82811,0
            12.75715,46.82807,0
            12.75714,46.82806,0
            12.75714,46.82803,0
            12.75715,46.82802,0
            12.75715,46.82801,0
            12.75717,46.82799,0
            12.75717,46.82798,0
            12.75718,46.82798,0
            12.75721,46.82791,0
            12.75719,46.82777,0
            12.75714,46.82766,0
            12.75715,46.82763,0
            12.75692,46.8271,0
            12.75682,46.82693,0
            12.75586,46.82477,0
            12.75565,46.82401,0
            12.75541,46.82109,0
            12.75498,46.81998,0
            12.75494,46.8198,0
            12.7548,46.81956,0
            12.7537,46.81689,0
            12.7537,46.81687,0
            12.75098,46.81093,0
            12.75094,46.81079,0
            12.75045,46.80987,0
            12.74928,46.80828,0
            12.74915,46.80803,0
            12.74676,46.80464,0
            12.74627,46.80408,0
            12.74346,46.80131,0
            12.74282,46.80084,0
            12.74218,46.80048,0
            12.74098,46.8,0
            12.73703,46.7988,0
            12.7362,46.79842,0
            12.73548,46.79795,0
            12.73479,46.79737,0
            12.73396,46.79657,0
            12.7324,46.79528,0
            12.7318,46.79494,0
            12.7309,46.79453,0
            12.72996,46.79421,0
            12.72837,46.7939,0
            12.72684,46.79382,0
            12.72387,46.79406,0
            12.7227,46.79398,0
            12.72216,46.79388,0
            12.72128,46.7936,0
            12.72038,46.79321,0
            12.71876,46.79237,0
            12.71788,46.79203,0
            12.71723,46.79186,0
            12.71662,46.79176,0
            12.71591,46.79172,0
            12.71492,46.79177,0
            12.71343,46.79196,0
            12.71231,46.79193,0
            12.70861,46.79135,0
            12.69999,46.78814,0
            12.69311,46.78636,0
            12.69132,46.78568,0
            12.69081,46.78557,0
            12.68975,46.78549,0
            12.68237,46.78568,0
            12.68165,46.78564,0
            12.67933,46.78524,0
            12.67808,46.78518,0
            12.67681,46.78529,0
            12.67617,46.78525,0
            12.67142,46.78452,0
            12.67038,46.78444,0
            12.6691,46.78422,0
            12.66698,46.78361,0
            12.66452,46.78304,0
            12.66346,46.78291,0
            12.66218,46.78292,0
            12.6588,46.78342,0
            12.6582,46.78343,0
            12.65719,46.7833,0
            12.65674,46.78318,0
            12.65583,46.78277,0
            12.65552,46.78257,0
            12.65551,46.78257,0
            12.65443,46.78175,0
            12.65366,46.78141,0
            12.65314,46.78132,0
            12.65281,46.7813,0
            12.65069,46.78149,0
            12.64939,46.78146,0
            12.64329,46.78052,0
            12.6417,46.78019,0
            12.62959,46.77691,0
            12.62815,46.77635,0
            12.62771,46.77625,0
            12.62275,46.77573,0
            12.6224,46.77566,0
            12.61798,46.77582,0
            12.61712,46.77575,0
            12.61666,46.77566,0
            12.61575,46.7754,0
            12.61224,46.77386,0
            12.6026,46.77036,0
            12.60157,46.7701,0
            12.60156,46.77009,0
            12.60103,46.77002,0
            12.60017,46.77,0
            12.59821,46.77021,0
            12.59731,46.77025,0
            12.5962,46.7702,0
            12.59266,46.76949,0
            12.58513,46.76863,0
            12.58383,46.76862,0
            12.58382,46.76863,0
            12.58289,46.76872,0
            12.58035,46.76921,0
            12.57921,46.76932,0
            12.57814,46.76923,0
            12.5774,46.76904,0
            12.57697,46.76887,0
            12.57644,46.76857,0
            12.57643,46.76857,0
            12.57621,46.76842,0
            12.57521,46.76749,0
            12.57475,46.76715,0
            12.57403,46.76679,0
            12.56862,46.76488,0
            12.5675,46.76438,0
            12.56623,46.76372,0
            12.56257,46.76156,0
            12.56257,46.76155,0
            12.56201,46.76126,0
            12.56083,46.76079,0
            12.56008,46.76057,0
            12.55893,46.76032,0
            12.55765,46.76018,0
            12.5562,46.76017,0
            12.5506,46.76072,0
            12.54945,46.76071,0
            12.54747,46.7605,0
            12.54326,46.75983,0
            12.5385,46.75947,0
            12.53785,46.75934,0
            12.53721,46.75911,0
            12.53612,46.75855,0
            12.53507,46.75818,0
            12.53446,46.75806,0
            12.53334,46.75798,0
            12.52998,46.75829,0
            12.528,46.75837,0
            12.52154,46.75836,0
            12.51789,46.75801,0
            12.51687,46.75783,0
            12.51605,46.7576,0
            12.51362,46.7566,0
            12.51302,46.75624,0
            12.51087,46.75466,0
            12.51006,46.7542,0
            12.50605,46.75237,0
            12.50451,46.7518,0
            12.5039,46.75163,0
            12.49448,46.74975,0
            12.49325,46.74958,0
            12.48753,46.74941,0
            12.485,46.74954,0
            12.48498,46.74955,0
            12.48077,46.75007,0
            12.47953,46.75016,0
            12.47822,46.75015,0
            12.47657,46.75003,0
            12.47392,46.74962,0
            12.47281,46.74955,0
            12.47019,46.7496,0
            12.46851,46.74948,0
            12.46596,46.74896,0
            12.46523,46.74886,0
            12.46414,46.74883,0
            12.46311,46.74893,0
            12.46273,46.7489,0
            12.46204,46.74902,0
            12.45895,46.74904,0
            12.45565,46.7489,0
            12.45449,46.74899,0
            12.44918,46.74976,0
            12.44749,46.74984,0
            12.44654,46.74978,0
            12.44503,46.74955,0
            12.44422,46.74948,0
            12.4401,46.74949,0
            12.4381,46.74976,0
            12.43779,46.74976,0
            12.43605,46.7496,0
            12.43523,46.74965,0
            12.43416,46.74993,0
            12.43259,46.75058,0
            12.43067,46.75124,0
            12.43014,46.75136,0
            12.42972,46.75141,0
            12.42804,46.75137,0
            12.42773,46.75133,0
            12.42641,46.75097,0
            12.42366,46.7505,0
            12.42116,46.74947,0
            12.42099,46.74932,0
            12.42015,46.74874,0
            12.41932,46.74828,0
            12.41884,46.74793,0
            12.41844,46.74775,0
            12.41761,46.74759,0
            12.41667,46.74754,0
            12.41174,46.74626,0
            12.40852,46.74598,0
            12.40222,46.74582,0
            12.39998,46.74595,0
            12.39814,46.74574,0
            12.39708,46.74575,0
            12.3954,46.74566,0
            12.39521,46.74561,0
            12.39505,46.74554,0
            12.39489,46.74543,0
            12.39371,46.74415,0
            12.39351,46.74399,0
            12.39326,46.74387,0
            12.392,46.74352,0
            12.38844,46.74283,0
            12.38754,46.74248,0
            12.38702,46.74213,0
            12.3862,46.74145,0
            12.38586,46.74125,0
            12.38574,46.74111,0
            12.38561,46.74103,0
            12.38543,46.741,0
            12.38528,46.74092,0
            12.38499,46.74083,0
            12.38382,46.74069,0
            12.38214,46.74073,0
            12.38015,46.74047,0
            12.37744,46.7403,0
            12.37743,46.74029,0
            12.37697,46.74026,0
            12.37565,46.74033,0
            12.37307,46.74069,0
            12.37232,46.74073,0
            12.3719,46.74071,0
            12.37056,46.74053,0
            12.36905,46.7402,0
            12.36848,46.73999,0
            12.36713,46.73932,0
            12.36667,46.73918,0
            12.36215,46.73883,0
            12.3618,46.73876,0
            12.36071,46.73842,0
            12.35881,46.73769,0
            12.35265,46.73663,0
            12.34873,46.7353,0
            12.34691,46.73492,0
            12.34626,46.73469,0
            12.34544,46.73424,0
            12.34403,46.73364,0
            12.34338,46.73329,0
            12.34324,46.73324,0
            12.34272,46.7332,0
            12.34196,46.7333,0
            12.34118,46.73328,0
            12.3401,46.73314,0
            12.33904,46.73317,0
            12.33757,46.73304,0
            12.33485,46.73301,0
            12.3328,46.73283,0
            12.33052,46.73238,0
            12.32841,46.73229,0
            12.32698,46.73213,0
            12.32641,46.73198,0
            12.32458,46.7313,0
            12.32212,46.73058,0
            12.31924,46.72955,0
            12.3186,46.72939,0
            12.31765,46.72932,0
            12.31406,46.72981,0
            12.31189,46.72982,0
            12.30777,46.73027,0
            12.30609,46.73029,0
            12.30507,46.7304,0
            12.30408,46.7306,0
            12.30407,46.73061,0
            12.30286,46.73077,0
            12.30161,46.73104,0
            12.30114,46.73124,0
            12.30069,46.73154,0
            12.30043,46.73166,0
            12.29926,46.73187,0
            12.29855,46.73214,0
            12.29675,46.73233,0
            12.29596,46.73254,0
            12.29418,46.73283,0
            12.29322,46.73314,0
            12.2915,46.73344,0
            12.29119,46.73359,0
            12.29024,46.73391,0
            12.29023,46.73392,0
            12.28996,46.73402,0
            12.28779,46.73513,0
            12.28715,46.73537,0
            12.28597,46.73555,0
            12.28565,46.73564,0
            12.28467,46.73611,0
            12.28427,46.73623,0
            12.28398,46.73625,0
            12.28366,46.73623,0
            12.283,46.73609,0
            12.2827,46.73596,0
            12.28218,46.73563,0
            12.28184,46.73546,0
            12.28094,46.73522,0
            12.28075,46.73525,0
            12.27918,46.73504,0
            12.27795,46.73471,0
            12.27787,46.73466,0
            12.27682,46.73437,0
            12.27408,46.7339,0
            12.2724,46.73335,0
            12.27133,46.73282,0
            12.27096,46.73259,0
            12.26976,46.73163,0
            12.26916,46.73128,0
            12.267,46.73054,0
            12.26611,46.73033,0
            12.26597,46.73033,0
            12.26471,46.73004,0
            12.26316,46.72954,0
            12.26204,46.72906,0
            12.26199,46.72902,0
            12.26163,46.72891,0
            12.26119,46.72883,0
            12.26075,46.72882,0
            12.25897,46.72903,0
            12.25858,46.72899,0
            12.25817,46.72886,0
            12.25712,46.72826,0
            12.25673,46.72811,0
            12.25512,46.72767,0
            12.25295,46.72688,0
            12.25244,46.72674,0
            12.25184,46.72665,0
            12.24926,46.72647,0
            12.24705,46.7266,0
            12.24244,46.72651,0
            12.24169,46.72661,0
            12.24109,46.72683,0
            12.23998,46.72748,0
            12.2393,46.72772,0
            12.23892,46.7278,0
            12.23891,46.72781,0
            12.23807,46.72791,0
            12.23682,46.72817,0
            12.22872,46.73081,0
            12.22795,46.73093,0
            12.22765,46.73101,0
            12.2276,46.73107,0
            12.22752,46.73112,0
            12.22741,46.73115,0
            12.22734,46.73115,0
            12.22723,46.73111,0
            12.22717,46.73106,0
            12.22715,46.731,0
            12.22702,46.73091,0
            12.22629,46.73065,0
            12.22394,46.72956,0
            12.22364,46.72951,0
            12.2236,46.72955,0
            12.22359,46.72955,0
            12.22356,46.72957,0
            12.22354,46.72957,0
            12.22353,46.72958,0
            12.22349,46.72958,0
            12.22348,46.72959,0
            12.22341,46.72959,0
            12.2233,46.72956,0
            12.22323,46.7295,0
            12.22323,46.72949,0
            12.22321,46.72947,0
            12.22321,46.72944,0
            12.2232,46.72942,0
            12.22321,46.72941,0
            12.22321,46.72939,0
            12.22307,46.72921,0
            12.22266,46.72899,0
            12.22203,46.72879,0
            12.2215,46.72872,0
            12.22091,46.72876,0
            12.22052,46.72884,0
            12.22045,46.72889,0
            12.22044,46.72889,0
            12.22041,46.72891,0
            12.22028,46.72894,0
            12.22017,46.72893,0
            12.21971,46.72897,0
            12.2195,46.72903,0
            12.2129,46.7302,0
            12.21134,46.7303,0
            12.21078,46.7304,0
            12.20948,46.73095,0
            12.20886,46.73108,0
            12.2084,46.73109,0
            12.20545,46.73075,0
            12.20515,46.73076,0
            12.20059,46.73176,0
            12.19854,46.73208,0
            12.19022,46.73486,0
            12.18927,46.73511,0
            12.18719,46.73544,0
            12.18451,46.73564,0
            12.18282,46.73564,0
            12.18126,46.73549,0
            12.18038,46.73547,0
            12.17935,46.73552,0
            12.17671,46.73595,0
            12.17596,46.73599,0
            12.17149,46.73584,0
            12.16968,46.73594,0
            12.16338,46.73668,0
            12.1624,46.7367,0
            12.15959,46.73655,0
            12.15914,46.73659,0
            12.15849,46.73677,0
            12.1583,46.73685,0
            12.15826,46.7369,0
            12.15825,46.7369,0
            12.15814,46.73696,0
            12.15671,46.73804,0
            12.15625,46.73831,0
            12.15583,46.73848,0
            12.15534,46.73859,0
            12.15381,46.73878,0
            12.15102,46.73947,0
            12.14951,46.74023,0
            12.14898,46.74042,0
            12.14536,46.74126,0
            12.14344,46.7415,0
            12.13892,46.74236,0
            12.13755,46.74269,0
            12.13676,46.74294,0
            12.13529,46.74353,0
            12.13438,46.74369,0
            12.13424,46.74374,0
            12.13268,46.74394,0
            12.13216,46.74388,0
            12.13192,46.74381,0
            12.13121,46.74391,0
            12.13067,46.74405,0
            12.12889,46.74468,0
            12.12846,46.74479,0
            12.1273,46.74493,0
            12.12671,46.74509,0
            12.12581,46.74547,0
            12.12498,46.74608,0
            12.12483,46.74622,0
            12.12472,46.74641,0
            12.12467,46.74644,0
            12.12469,46.74649,0
            12.12469,46.7466,0
            12.12463,46.74672,0
            12.12455,46.74681,0
            12.12417,46.74704,0
            12.12378,46.74737,0
            12.12349,46.74754,0
            12.12185,46.74791,0
            12.12144,46.74805,0
            12.12133,46.74811,0
            12.1213,46.74814,0
            12.12127,46.7482,0
            12.119,46.74965,0
            12.11899,46.74965,0
            12.11815,46.75019,0
            12.1172,46.75068,0
            12.11684,46.75079,0
            12.10695,46.75474,0
            12.10696,46.75475,0
            12.10696,46.75476,0
            12.10697,46.75476,0
            12.10697,46.75481,0
            12.10696,46.75481,0
            12.10696,46.75483,0
            12.10695,46.75483,0
            12.10695,46.75484,0
            12.10694,46.75484,0
            12.10694,46.75485,0
            12.10693,46.75485,0
            12.10692,46.75486,0
            12.1069,46.75486,0
            12.10689,46.75487,0
            12.10679,46.75487,0
            12.10678,46.75486,0
            12.10676,46.75486,0
            12.10676,46.75485,0
            12.10674,46.75485,0
            12.10632,46.75515,0
            12.10564,46.75598,0
            12.10539,46.75636,0
            12.10523,46.75651,0
            12.10426,46.75718,0
            12.10424,46.75723,0
            12.10346,46.75798,0
            12.10345,46.75798,0
            12.10335,46.75806,0
            12.10215,46.75872,0
            12.09861,46.76032,0
            12.09818,46.76038,0
            12.09667,46.76035,0
            12.09643,46.76037,0
            12.09622,46.76042,0
            12.09614,46.76046,0
            12.09604,46.76054,0
            12.09555,46.76078,0
            12.09532,46.76082,0
            12.09337,46.76092,0
            12.09335,46.76093,0
            12.09333,46.76093,0
            12.0932,46.76099,0
            12.09302,46.76115,0
            12.0929,46.76119,0
            12.0927,46.76118,0
            12.09248,46.76113,0
            12.09245,46.76115,0
            12.09243,46.76115,0
            12.09241,46.76116,0
            12.09239,46.76116,0
            12.09237,46.76117,0
            12.0922,46.76117,0
            12.09219,46.76116,0
            12.09218,46.76116,0
            12.09215,46.76114,0
            12.09213,46.76114,0
            12.0921,46.76111,0
            12.09209,46.76111,0
            12.09209,46.7611,0
            12.09179,46.7611,0
            12.09178,46.76111,0
            12.09103,46.76124,0
            12.08946,46.76136,0
            12.08772,46.76139,0
            12.08684,46.76154,0
            12.08384,46.76261,0
            12.08346,46.76271,0
            12.08173,46.76287,0
            12.08063,46.7631,0
            12.08047,46.76311,0
            12.07721,46.7627,0
            12.07707,46.76265,0
            12.07536,46.76155,0
            12.07523,46.76149,0
            12.07508,46.76145,0
            12.07495,46.76145,0
            12.07467,46.76151,0
            12.07445,46.76163,0
            12.07429,46.76177,0
            12.07361,46.763,0
            12.0736,46.76304,0
            12.07341,46.7633,0
            12.07328,46.76342,0
            12.07206,46.76409,0
            12.07178,46.76419,0
            12.07158,46.76423,0
            12.07133,46.76424,0
            12.07109,46.76421,0
            12.06946,46.76358,0
            12.06858,46.76344,0
            12.06846,46.76339,0
            12.06758,46.76285,0
            12.06733,46.76274,0
            12.06611,46.76246,0
            12.06501,46.76184,0
            12.06473,46.76161,0
            12.06422,46.76109,0
            12.06394,46.76087,0
            12.06364,46.76074,0
            12.0634,46.7607,0
            12.06246,46.7607,0
            12.06094,46.76044,0
            12.06071,46.76044,0
            12.0602,46.76054,0
            12.05902,46.76094,0
            12.05883,46.76098,0
            12.05879,46.761,0
            12.05675,46.76125,0
            12.05657,46.76124,0
            12.05509,46.76098,0
            12.05485,46.76098,0
            12.05403,46.76118,0
            12.05276,46.76126,0
            12.05246,46.7612,0
            12.05245,46.76119,0
            12.05195,46.76108,0
            12.05175,46.76108,0
            12.05149,46.76116,0
            12.05129,46.76129,0
            12.05129,46.7613,0
            12.05074,46.76183,0
            12.05074,46.76184,0
            12.05057,46.76201,0
            12.05034,46.76212,0
            12.05016,46.76215,0
            12.05001,46.76214,0
            12.04887,46.76174,0
            12.04869,46.76171,0
            12.04847,46.76171,0
            12.04828,46.76175,0
            12.04812,46.76182,0
            12.04802,46.76191,0
            12.04801,46.76191,0
            12.04715,46.76289,0
            12.04701,46.76314,0
            12.04697,46.7633,0
            12.04693,46.76385,0
            12.04669,46.76521,0
            12.04662,46.76538,0
            12.04652,46.76551,0
            12.04639,46.76562,0
            12.04606,46.76577,0
            12.04525,46.76598,0
            12.04507,46.76611,0
            12.04501,46.76619,0
            12.045,46.76619,0
            12.04478,46.76655,0
            12.04459,46.76672,0
            12.04446,46.7668,0
            12.04365,46.76716,0
            12.04361,46.7672,0
            12.0436,46.7672,0
            12.04345,46.76735,0
            12.04341,46.76742,0
            12.04335,46.76767,0
            12.04338,46.76783,0
            12.04341,46.7679,0
            12.044,46.76867,0
            12.044,46.76868,0
            12.0441,46.76884,0
            12.04413,46.76901,0
            12.04409,46.76945,0
            12.04412,46.76966,0
            12.04434,46.77011,0
            12.04438,46.77028,0
            12.04438,46.7704,0
            12.04427,46.77068,0
            12.04393,46.77117,0
            12.04381,46.7713,0
            12.0436,46.77145,0
            12.04061,46.77316,0
            12.04021,46.77325,0
            12.03939,46.77333,0
            12.0388,46.77334,0
            12.0385,46.77328,0
            12.03754,46.7729,0
            12.03718,46.77281,0
            12.03363,46.77258,0
            12.03327,46.77261,0
            12.03273,46.77272,0
            12.03181,46.77299,0
            12.03154,46.7731,0
            12.03136,46.77323,0
            12.03082,46.7738,0
            12.03058,46.77398,0
            12.03003,46.77428,0
            12.02969,46.77439,0
            12.02921,46.77449,0
            12.02315,46.7746,0
            12.02271,46.77468,0
            12.0227,46.77469,0
            12.02246,46.77476,0
            12.02138,46.77525,0
            12.0209,46.77542,0
            12.01767,46.77609,0
            12.01742,46.77617,0
            12.01739,46.77617,0
            12.01702,46.77634,0
            12.01678,46.77656,0
            12.0167,46.77671,0
            12.01665,46.7769,0
            12.01669,46.77755,0
            12.01667,46.77783,0
            12.01656,46.77812,0
            12.01636,46.77842,0
            12.01443,46.78081,0
            12.01229,46.78281,0
            12.01192,46.78303,0
            12.01163,46.78316,0
            12.00564,46.78453,0
            12.00563,46.78454,0
            12.0047,46.78476,0
            12.00443,46.78488,0
            12.00397,46.78521,0
            12.00324,46.78618,0
            12.00291,46.78648,0
            12.00254,46.78674,0
            12.00182,46.78713,0
            12.00123,46.7876,0
            12.00095,46.78771,0
            12.00086,46.78771,0
            12.00083,46.78772,0
            11.99941,46.78749,0
            11.99932,46.78751,0
            11.99929,46.78753,0
            11.99925,46.78754,0
            11.99915,46.7876,0
            11.99898,46.78786,0
            11.99885,46.78823,0
            11.99884,46.78844,0
            11.99905,46.78894,0
            11.99906,46.78906,0
            11.99902,46.78915,0
            11.99884,46.7893,0
            11.99874,46.78935,0
            11.99682,46.78965,0
            11.99667,46.78971,0
            11.99647,46.78986,0
            11.99637,46.79004,0
            11.99636,46.79013,0
            11.99635,46.79014,0
            11.99636,46.79104,0
            11.99632,46.79121,0
            11.99631,46.79122,0
            11.99607,46.79183,0
            11.99603,46.79186,0
            11.99602,46.79188,0
            11.9959,46.79198,0
            11.99568,46.79209,0
            11.99542,46.79216,0
            11.99506,46.79216,0
            11.99136,46.79151,0
            11.9897,46.79067,0
            11.98952,46.79061,0
            11.98929,46.79057,0
            11.98745,46.79068,0
            11.98723,46.79072,0
            11.98705,46.79079,0
            11.98693,46.79087,0
            11.98692,46.79087,0
            11.98676,46.79101,0
            11.98675,46.79101,0
            11.98661,46.79113,0
            11.98642,46.79123,0
            11.98629,46.79126,0
            11.98592,46.79127,0
            11.9848,46.79116,0
            11.98397,46.79121,0
            11.9828,46.79139,0
            11.97721,46.79282,0
            11.97674,46.79287,0
            11.97427,46.79244,0
            11.97359,46.79247,0
            11.96708,46.79343,0
            11.96599,46.7938,0
            11.96583,46.79382,0
            11.96566,46.79381,0
            11.9655,46.79376,0
            11.96533,46.79366,0
            11.96458,46.79294,0
            11.96413,46.79257,0
            11.9615,46.79118,0
            11.96113,46.79104,0
            11.95548,46.78964,0
            11.95333,46.7887,0
            11.9528,46.78853,0
            11.95154,46.7883,0
            11.95057,46.78822,0
            11.94788,46.78824,0
            11.94632,46.78807,0
            11.94004,46.78661,0
            11.938,46.78599,0
            11.93674,46.78553,0
            11.92824,46.78158,0
            11.92778,46.78143,0
            11.92258,46.78033,0
            11.92177,46.78024,0
            11.92026,46.78023,0
            11.91902,46.78035,0
            11.91499,46.78113,0
            11.91498,46.78114,0
            11.91471,46.78117,0
            11.91471,46.78118,0
            11.91344,46.78138,0
            11.91268,46.78156,0
            11.91173,46.78187,0
            11.91083,46.78225,0
            11.90979,46.78282,0
            11.90899,46.78342,0
            11.90837,46.784,0
            11.90733,46.78485,0
            11.90556,46.78589,0
            11.90496,46.78605,0
            11.90423,46.78609,0
            11.90361,46.78595,0
            11.89927,46.78451,0
            11.89795,46.78429,0
            11.89668,46.78429,0
            11.89543,46.78452,0
            11.89516,46.7846,0
            11.89507,46.7846,0
            11.89354,46.78537,0
            11.89272,46.78572,0
            11.89259,46.78575,0
            11.89258,46.78576,0
            11.89153,46.78582,0
            11.89011,46.78574,0
            11.88946,46.78578,0
            11.88898,46.78588,0
            11.88874,46.78597,0
            11.88829,46.7862,0
            11.88797,46.78646,0
            11.8877,46.78677,0
            11.88761,46.78694,0
            11.88736,46.78761,0
            11.88691,46.78831,0
            11.88655,46.78859,0
            11.88635,46.78871,0
            11.88502,46.78926,0
            11.88168,46.7904,0
            11.88045,46.79075,0
            11.87989,46.79085,0
            11.87862,46.79094,0
            11.87773,46.79092,0
            11.8777,46.79091,0
            11.87513,46.79082,0
            11.87453,46.79074,0
            11.87414,46.79064,0
            11.87366,46.79044,0
            11.87322,46.79017,0
            11.87232,46.78931,0
            11.87195,46.78908,0
            11.87151,46.78889,0
            11.87116,46.78879,0
            11.87066,46.78872,0
            11.87017,46.78871,0
            11.86947,46.78882,0
            11.86823,46.78929,0
            11.86651,46.78976,0
            11.86367,46.7899,0
            11.86307,46.79006,0
            11.86243,46.79033,0
            11.86232,46.79042,0
            11.86231,46.79044,0
            11.86222,46.79052,0
            11.86197,46.7909,0
            11.86197,46.79091,0
            11.86183,46.79108,0
            11.86182,46.79108,0
            11.86181,46.79111,0
            11.86165,46.79126,0
            11.86144,46.7914,0
            11.86089,46.79167,0
            11.86087,46.79169,0
            11.85871,46.79275,0
            11.85828,46.79304,0
            11.85784,46.79342,0
            11.85751,46.79379,0
            11.85637,46.79472,0
            11.85568,46.79518,0
            11.85475,46.79564,0
            11.85283,46.79633,0
            11.852,46.79671,0
            11.85136,46.79709,0
            11.8512,46.79723,0
            11.85013,46.79857,0
            11.84919,46.79918,0
            11.84851,46.7997,0
            11.8485,46.7997,0
            11.84808,46.79993,0
            11.84663,46.80054,0
            11.8464,46.80069,0
            11.84617,46.80091,0
            11.8459,46.80124,0
            11.84541,46.80171,0
            11.84536,46.80179,0
            11.84359,46.80299,0
            11.8435,46.80303,0
            11.84173,46.8042,0
            11.84125,46.80443,0
            11.84054,46.80464,0
            11.83793,46.80499,0
            11.83761,46.80512,0
            11.83591,46.80614,0
            11.83585,46.8062,0
            11.83551,46.80637,0
            11.83522,46.80643,0
            11.83438,46.8065,0
            11.83414,46.80658,0
            11.83333,46.80696,0
            11.83188,46.80746,0
            11.82913,46.80814,0
            11.82905,46.80818,0
            11.82879,46.80822,0
            11.82821,46.80823,0
            11.82585,46.808,0
            11.82442,46.80801,0
            11.82277,46.80786,0
            11.82213,46.80787,0
            11.81991,46.80809,0
            11.81916,46.80808,0
            11.81794,46.80797,0
            11.81543,46.80814,0
            11.81323,46.80819,0
            11.81096,46.80836,0
            11.80937,46.80838,0
            11.80856,46.80853,0
            11.80672,46.80932,0
            11.80509,46.81028,0
            11.80323,46.81102,0
            11.8023,46.81132,0
            11.80055,46.81164,0
            11.79969,46.81173,0
            11.79724,46.81182,0
            11.79677,46.81179,0
            11.79608,46.81168,0
            11.79607,46.81167,0
            11.79251,46.81102,0
            11.79182,46.81094,0
            11.79135,46.81098,0
            11.79099,46.81105,0
            11.79025,46.81129,0
            11.79024,46.8113,0
            11.78972,46.81139,0
            11.78775,46.81143,0
            11.78622,46.81129,0
            11.78582,46.81131,0
            11.78481,46.8115,0
            11.78397,46.81179,0
            11.78312,46.812,0
            11.78288,46.81203,0
            11.78065,46.81189,0
            11.77862,46.81194,0
            11.77776,46.81179,0
            11.7771,46.81158,0
            11.77606,46.81104,0
            11.77606,46.81103,0
            11.77551,46.81078,0
            11.7745,46.81049,0
            11.7745,46.81048,0
            11.76679,46.80938,0
            11.76602,46.80934,0
            11.76399,46.80941,0
            11.7629,46.80929,0
            11.76288,46.80928,0
            11.76226,46.80922,0
            11.76134,46.8093,0
            11.75856,46.80983,0
            11.75855,46.80984,0
            11.75698,46.8101,0
            11.75437,46.81025,0
            11.75436,46.81026,0
            11.74789,46.81056,0
            11.74692,46.8107,0
            11.74554,46.81106,0
            11.74449,46.8115,0
            11.74425,46.81164,0
            11.74425,46.81165,0
            11.74361,46.81203,0
            11.74206,46.81319,0
            11.74206,46.8132,0
            11.74088,46.81404,0
            11.74037,46.81433,0
            11.7394,46.81473,0
            11.73809,46.81505,0
            11.73644,46.81518,0
            11.73279,46.81526,0
            11.7305,46.81499,0
            11.73048,46.81498,0
            11.72867,46.81476,0
            11.72812,46.81477,0
            11.72609,46.815,0
            11.72546,46.81498,0
            11.72544,46.81497,0
            11.72505,46.81493,0
            11.72159,46.8142,0
            11.72099,46.81414,0
            11.72015,46.81414,0
            11.71873,46.81433,0
            11.71724,46.81472,0
            11.7161,46.81516,0
            11.71603,46.81522,0
            11.71531,46.81558,0
            11.71361,46.81671,0
            11.71298,46.81706,0
            11.71227,46.81734,0
            11.71215,46.81735,0
            11.71209,46.81738,0
            11.71149,46.81752,0
            11.70979,46.81771,0
            11.70813,46.81774,0
            11.7067,46.81755,0
            11.70537,46.81718,0
            11.70404,46.81662,0
            11.70355,46.81649,0
            11.70354,46.81648,0
            11.70295,46.81637,0
            11.69805,46.81619,0
            11.69705,46.81605,0
            11.69704,46.81604,0
            11.69572,46.8156,0
            11.69499,46.81545,0
            11.69406,46.8154,0
            11.6933,46.81528,0
            11.69257,46.81505,0
            11.69137,46.81437,0
            11.69078,46.81421,0
            11.69036,46.81415,0
            11.68993,46.81404,0
            11.68821,46.81387,0
            11.68734,46.81361,0
            11.68675,46.81332,0
            11.68644,46.81312,0
            11.68602,46.81275,0
            11.68476,46.81134,0
            11.68393,46.81052,0
            11.68367,46.81019,0
            11.68279,46.80878,0
            11.68014,46.80639,0
            11.67934,46.80583,0
            11.67932,46.80583,0
            11.67618,46.80441,0
            11.67573,46.80416,0
            11.675,46.80364,0
            11.67467,46.80333,0
            11.67286,46.80099,0
            11.67138,46.79925,0
            11.67058,46.79773,0
            11.67007,46.79707,0
            11.66896,46.79606,0
            11.66878,46.79584,0
            11.66775,46.79419,0
            11.66731,46.79374,0
            11.66597,46.79261,0
            11.66589,46.79252,0
            11.66589,46.79251,0
            11.6656,46.79211,0
            11.66548,46.79184,0
            11.66537,46.79142,0
            11.66533,46.79061,0
            11.66539,46.79034,0
            11.66605,46.7885,0
            11.66677,46.78709,0
            11.66704,46.78645,0
            11.66728,46.78605,0
            11.66774,46.78556,0
            11.66844,46.78494,0
            11.66882,46.78442,0
            11.66907,46.78381,0
            11.66941,46.78276,0
            11.67009,46.78175,0
            11.67018,46.78146,0
            11.67015,46.78124,0
            11.66909,46.77959,0
            11.66897,46.77929,0
            11.66884,46.77879,0
            11.66849,46.77792,0
            11.66806,46.77737,0
            11.66694,46.77621,0
            11.66662,46.77594,0
            11.66562,46.77527,0
            11.66532,46.77518,0
            11.66504,46.77514,0
            11.6646,46.77516,0
            11.66437,46.77514,0
            11.66422,46.77506,0
            11.6641,46.77496,0
            11.66408,46.77491,0
            11.66408,46.77483,0
            11.66463,46.77388,0
            11.66493,46.77311,0
            11.66496,46.77268,0
            11.66499,46.77258,0
            11.6646,46.7696,0
            11.66453,46.76938,0
            11.66439,46.76914,0
            11.66418,46.76889,0
            11.66187,46.76687,0
            11.65966,46.76539,0
            11.65898,46.76487,0
            11.65846,46.7644,0
            11.65766,46.7635,0
            11.65511,46.76104,0
            11.65464,46.76045,0
            11.65326,46.75839,0
            11.65283,46.75793,0
            11.65149,46.7567,0
            11.65126,46.75636,0
            11.65094,46.75525,0
            11.65075,46.75481,0
            11.6501,46.7538,0
            11.64918,46.75274,0
            11.64789,46.75157,0
            11.64766,46.75132,0
            11.64739,46.75089,0
            11.64727,46.75061,0
            11.64722,46.75034,0
            11.64732,46.74903,0
            11.64738,46.74875,0
            11.64766,46.74794,0
            11.64775,46.74777,0
            11.64775,46.74776,0
            11.64802,46.74744,0
            11.64821,46.74728,0
            11.64977,46.74626,0
            11.64995,46.7461,0
            11.65172,46.74404,0
            11.65187,46.74373,0
            11.65227,46.74164,0
            11.65226,46.7408,0
            11.65211,46.74024,0
            11.65168,46.73924,0
            11.65139,46.7388,0
            11.65123,46.73837,0
            11.65118,46.7381,0
            11.65125,46.73664,0
            11.65073,46.73414,0
            11.65044,46.73333,0
            11.65037,46.73287,0
            11.65033,46.73278,0
            11.65014,46.73264,0
            11.65007,46.73264,0
            11.64997,46.73259,0
            11.6499,46.73251,0
            11.64984,46.7324,0
            11.64986,46.7323,0
            11.64984,46.73227,0
            11.6497,46.73219,0
            11.64966,46.73218,0
            11.64965,46.73217,0
            11.64899,46.73214,0
            11.64722,46.73185,0
            11.64688,46.73183,0
            11.64649,46.73176,0
            11.64649,46.73175,0
            11.64608,46.73161,0
            11.6457,46.73141,0
            11.64514,46.731,0
            11.64449,46.73036,0
            11.6442,46.73019,0
            11.64375,46.73005,0
            11.64343,46.73005,0
            11.6434,46.73006,0
            11.64332,46.73006,0
            11.64322,46.73002,0
            11.64318,46.72996,0
            11.64318,46.72992,0
            11.6432,46.72988,0
            11.64322,46.72987,0
            11.64333,46.72968,0
            11.64345,46.72955,0
            11.64353,46.72952,0
            11.64374,46.72906,0
            11.64399,46.72863,0
            11.64399,46.72862,0
            11.64668,46.72384,0
            11.64698,46.72309,0
            11.64709,46.7227,0
            11.64718,46.72213,0
            11.6472,46.72159,0
            11.64707,46.72034,0
            11.64712,46.71987,0
            11.64723,46.71962,0
            11.64742,46.71931,0
            11.64776,46.7189,0
            11.64777,46.71887,0
            11.64779,46.71885,0
            11.64812,46.71822,0
            11.64807,46.71788,0
            11.64806,46.71788,0
            11.64806,46.71787,0
            11.64805,46.71786,0
            11.64805,46.71785,0
            11.64804,46.71784,0
            11.64804,46.71781,0
            11.64786,46.71772,0
            11.64759,46.71752,0
            11.64758,46.71752,0
            11.64739,46.71731,0
            11.64735,46.71724,0
            11.64733,46.71712,0
            11.64735,46.71704,0
            11.64748,46.71687,0
            11.64763,46.71674,0
            11.64778,46.71666,0
            11.64963,46.71643,0
            11.65058,46.71657,0
            11.65059,46.71658,0
            11.65138,46.7167,0
            11.65167,46.71671,0
            11.65167,46.7167,0
            11.65171,46.7167,0
            11.65208,46.71637,0
            11.65235,46.71586,0
            11.65244,46.71538,0
            11.65243,46.71362,0
            11.65238,46.71361,0
            11.65236,46.71359,0
            11.65235,46.71359,0
            11.65233,46.71357,0
            11.65229,46.71336,0
            11.6523,46.71324,0
            11.65232,46.71321,0
            11.65235,46.71321,0
            11.65236,46.7132,0
            11.65237,46.7132,0
            11.65203,46.71086,0
            11.65191,46.71047,0
            11.6519,46.71047,0
            11.65189,46.71046,0
            11.65188,46.71046,0
            11.65188,46.71045,0
            11.65187,46.71045,0
            11.65186,46.71044,0
            11.65186,46.71043,0
            11.65185,46.71042,0
            11.65185,46.71038,0
            11.65186,46.71037,0
            11.65186,46.71036,0
            11.65187,46.71036,0
            11.65187,46.71035,0
            11.65188,46.71035,0
            11.65188,46.71034,0
            11.65189,46.71034,0
            11.65189,46.71033,0
            11.6519,46.71033,0
            11.65191,46.71032,0
            11.65193,46.71032,0
            11.65193,46.71031,0
            11.65202,46.71031,0
            11.65203,46.71032,0
            11.65205,46.71032,0
            11.65205,46.71033,0
            11.65207,46.71033,0
            11.65207,46.71034,0
            11.65208,46.71034,0
            11.65208,46.71035,0
            11.65214,46.71037,0
            11.65247,46.7104,0
            11.65207,46.71044,0
            11.65207,46.71045,0
            11.65206,46.71045,0
            11.65206,46.71046,0
            11.65204,46.71046,0
            11.65204,46.71047,0
            11.65201,46.71047,0
            11.65201,46.71048,0
            11.65193,46.71048,0
            11.65193,46.71047,0
            11.6519,46.71047,0
            11.65189,46.71046,0
            11.65188,46.71046,0
            11.65188,46.71045,0
            11.65187,46.71045,0
            11.65186,46.71044,0
            11.65186,46.71043,0
            11.65185,46.71042,0
            11.65185,46.71038,0
            11.65186,46.71037,0
            11.65186,46.71036,0
            11.65187,46.71036,0
            11.65187,46.71035,0
            11.65188,46.71035,0
            11.65188,46.71034,0
            11.65189,46.71034,0
            11.65189,46.71033,0
            11.6519,46.71033,0
            11.65189,46.7099,0
            11.65176,46.70908,0
            11.65157,46.70849,0
            11.65142,46.70821,0
            11.65125,46.70799,0
            11.65043,46.70723,0
            11.65037,46.70721,0
            11.65017,46.70705,0
            11.65008,46.70692,0
            11.65002,46.70692,0
            11.65002,46.70691,0
            11.65,46.70691,0
            11.64999,46.7069,0
            11.64998,46.7069,0
            11.64998,46.70689,0
            11.64997,46.70689,0
            11.64996,46.70688,0
            11.64996,46.70687,0
            11.64995,46.70687,0
            11.64995,46.70685,0
            11.64994,46.70685,0
            11.64994,46.70682,0
            11.64995,46.70681,0
            11.6498,46.70671,0
            11.64941,46.70631,0
            11.64916,46.70593,0
            11.6488,46.70486,0
            11.6488,46.70483,0
            11.64876,46.70473,0
            11.64866,46.70419,0
            11.64868,46.70415,0
            11.64871,46.70413,0
            11.64845,46.70309,0
            11.64834,46.7028,0
            11.64832,46.7028,0
            11.64831,46.70279,0
            11.6483,46.70279,0
            11.64828,46.70277,0
            11.64827,46.70277,0
            11.64825,46.70275,0
            11.64824,46.70275,0
            11.64824,46.70274,0
            11.64822,46.70272,0
            11.64822,46.7027,0
            11.64821,46.70269,0
            11.64821,46.70264,0
            11.64822,46.70263,0
            11.64822,46.70262,0
            11.64823,46.70261,0
            11.64823,46.7026,0
            11.64826,46.70257,0
            11.64815,46.70237,0
            11.64813,46.70229,0
            11.64718,46.70092,0
            11.6471,46.70084,0
            11.64541,46.69822,0
            11.64536,46.69808,0
            11.64455,46.69679,0
            11.64455,46.69678,0
            11.64169,46.69225,0
            11.64132,46.69186,0
            11.64103,46.69165,0
            11.64062,46.69145,0
            11.63993,46.69123,0
            11.6399,46.69123,0
            11.63851,46.6908,0
            11.6379,46.69056,0
            11.63562,46.68934,0
            11.62919,46.68656,0
            11.62852,46.68619,0
            11.62696,46.68517,0
            11.62687,46.68514,0
            11.62503,46.68405,0
            11.62444,46.68386,0
            11.62436,46.6839,0
            11.62432,46.6839,0
            11.62431,46.68391,0
            11.62423,46.68391,0
            11.62422,46.6839,0
            11.62419,46.6839,0
            11.62418,46.68389,0
            11.62416,46.68389,0
            11.62415,46.68388,0
            11.62414,46.68388,0
            11.62411,46.68386,0
            11.6241,46.68386,0
            11.62408,46.68384,0
            11.62408,46.68383,0
            11.62406,46.68381,0
            11.62406,46.6838,0
            11.62405,46.68379,0
            11.62405,46.68372,0
            11.62406,46.68371,0
            11.62406,46.6837,0
            11.62408,46.68367,0
            11.62386,46.68339,0
            11.62384,46.68333,0
            11.62348,46.68292,0
            11.62314,46.68243,0
            11.62162,46.67848,0
            11.6214,46.67808,0
            11.61381,46.66778,0
            11.61331,46.66731,0
            11.61008,46.66474,0
            11.61007,46.66474,0
            11.60957,46.66433,0
            11.60956,46.66433,0
            11.60817,46.66325,0
            11.60781,46.66289,0
            11.6077,46.6627,0
            11.60763,46.66249,0
            11.6076,46.66231,0
            11.60766,46.66081,0
            11.60762,46.6607,0
            11.60747,46.66051,0
            11.60736,46.66042,0
            11.60667,46.66008,0
            11.60508,46.65886,0
            11.60497,46.65881,0
            11.60495,46.65879,0
            11.60388,46.65828,0
            11.60327,46.65807,0
            11.60202,46.65788,0
            11.60148,46.65774,0
            11.60138,46.65769,0
            11.60064,46.65751,0
            11.60064,46.6575,0
            11.59903,46.65713,0
            11.59821,46.65708,0
            11.59783,46.65702,0
            11.59763,46.65695,0
            11.59727,46.65676,0
            11.59725,46.65674,0
            11.59673,46.65651,0
            11.59634,46.65643,0
            11.59506,46.6564,0
            11.59338,46.65622,0
            11.59266,46.656,0
            11.59229,46.65581,0
            11.59213,46.65565,0
            11.59184,46.65525,0
            11.59184,46.65524,0
            11.59116,46.65428,0
            11.59116,46.65427,0
            11.59081,46.65377,0
            11.5908,46.65377,0
            11.59005,46.65279,0
            11.58718,46.65098,0
            11.58665,46.65053,0
            11.5864,46.65018,0
            11.58603,46.64986,0
            11.58427,46.64856,0
            11.58317,46.64799,0
            11.58303,46.64788,0
            11.58299,46.64788,0
            11.58222,46.64751,0
            11.58208,46.64749,0
            11.58205,46.6475,0
            11.58193,46.64747,0
            11.58187,46.6474,0
            11.58187,46.64736,0
            11.5819,46.6473,0
            11.58202,46.64725,0
            11.58221,46.6471,0
            11.58244,46.64685,0
            11.58267,46.64666,0
            11.58303,46.64646,0
            11.58336,46.64637,0
            11.58373,46.6462,0
            11.58447,46.64597,0
            11.58455,46.64591,0
            11.58471,46.64585,0
            11.58483,46.64583,0
            11.58484,46.64581,0
            11.58494,46.64577,0
            11.58504,46.64577,0
            11.58513,46.64581,0
            11.58516,46.64587,0
            11.58516,46.64591,0
            11.58514,46.64595,0
            11.58517,46.64601,0
            11.58518,46.64616,0
            11.58574,46.64716,0
            11.58603,46.64749,0
            11.58629,46.64769,0
            11.58671,46.64825,0
            11.58692,46.64865,0
            11.58718,46.649,0
            11.58729,46.64911,0
            11.5874,46.64918,0
            11.5876,46.64921,0
            11.58779,46.64917,0
            11.58794,46.64907,0
            11.58798,46.64897,0
            11.58798,46.64888,0
            11.58796,46.64883,0
            11.5879,46.64875,0
            11.58725,46.6482,0
            11.58685,46.64778,0
            11.58653,46.64737,0
            11.58641,46.64717,0
            11.58626,46.64678,0
            11.58616,46.64628,0
            11.5861,46.64618,0
            11.5861,46.64613,0
            11.58613,46.64607,0
            11.58557,46.64543,0
            11.58513,46.64505,0
            11.58512,46.64505,0
            11.58462,46.64472,0
            11.58378,46.64429,0
            11.5829,46.64397,0
            11.58201,46.64375,0
            11.58059,46.64357,0
            11.58058,46.64356,0
            11.57905,46.64337,0
            11.57903,46.64336,0
            11.57879,46.64333,0
            11.57814,46.64317,0
            11.57724,46.64286,0
            11.5768,46.64266,0
            11.576,46.64219,0
            11.57599,46.64219,0
            11.57487,46.64134,0
            11.57105,46.63891,0
            11.5704,46.63857,0
            11.56742,46.63749,0
            11.56398,46.636,0
            11.56157,46.63515,0
            11.56084,46.63483,0
            11.56019,46.63447,0
            11.55977,46.63418,0
            11.55834,46.6328,0
            11.5575,46.63215,0
            11.55749,46.63215,0
            11.55686,46.63177,0
            11.55311,46.62994,0
            11.55214,46.62929,0
            11.5515,46.62866,0
            11.55119,46.62826,0
            11.55088,46.62772,0
            11.54999,46.62582,0
            11.54953,46.62523,0
            11.54898,46.62472,0
            11.54672,46.6232,0
            11.54592,46.62252,0
            11.54495,46.62143,0
            11.54351,46.62019,0
            11.54194,46.61862,0
            11.54128,46.61776,0
            11.54085,46.61696,0
            11.54063,46.61639,0
            11.54018,46.6149,0
            11.53985,46.61418,0
            11.5396,46.61382,0
            11.53959,46.61379,0
            11.53919,46.61334,0
            11.53784,46.6121,0
            11.5375,46.61173,0
            11.53708,46.61116,0
            11.53675,46.61053,0
            11.53648,46.60984,0
            11.53647,46.60983,0
            11.53538,46.60685,0
            11.53513,46.6058,0
            11.5349,46.60402,0
            11.53478,46.60346,0
            11.53384,46.60072,0
            11.53368,46.60006,0
            11.53359,46.59941,0
            11.53358,46.59911,0
            11.53351,46.59879,0
            11.53348,46.59842,0
            11.53333,46.59761,0
            11.53308,46.59688,0
            11.53257,46.59599,0
            11.53182,46.59508,0
            11.53182,46.59507,0
            11.53042,46.59351,0
            11.53042,46.5935,0
            11.52679,46.58838,0
            11.52477,46.58578,0
            11.52449,46.58527,0
            11.52427,46.58466,0
            11.52418,46.58416,0
            11.52419,46.58184,0
            11.524,46.5805,0
            11.52338,46.57797,0
            11.52331,46.57753,0
            11.52334,46.57643,0
            11.52349,46.57489,0
            11.5235,46.57394,0
            11.52234,46.56935,0
            11.52206,46.56861,0
            11.5216,46.56784,0
            11.5213,46.56743,0
            11.521,46.5671,0
            11.52001,46.56625,0
            11.51726,46.56455,0
            11.51643,46.5639,0
            11.51481,46.56228,0
            11.51451,46.56186,0
            11.51429,46.56143,0
            11.51307,46.55808,0
            11.51303,46.5579,0
            11.51302,46.55789,0
            11.51295,46.55749,0
            11.51293,46.55707,0
            11.51301,46.55654,0
            11.5132,46.55591,0
            11.51405,46.5544,0
            11.51417,46.55413,0
            11.51428,46.55397,0
            11.51439,46.55361,0
            11.51443,46.55334,0
            11.51444,46.55261,0
            11.51435,46.55213,0
            11.5138,46.55062,0
            11.51336,46.54988,0
            11.51298,46.54948,0
            11.51113,46.54787,0
            11.50966,46.54624,0
            11.50745,46.54428,0
            11.50547,46.54275,0
            11.50484,46.54217,0
            11.50386,46.54086,0
            11.50328,46.54028,0
            11.50204,46.53929,0
            11.50167,46.53894,0
            11.50057,46.53771,0
            11.50008,46.53725,0
            11.49966,46.53693,0
            11.49901,46.53653,0
            11.49604,46.53508,0
            11.49542,46.53471,0
            11.49492,46.53435,0
            11.49454,46.53401,0
            11.49348,46.53282,0
            11.49172,46.5313,0
            11.49138,46.53093,0
            11.49113,46.53059,0
            11.49087,46.53012,0
            11.4903,46.52874,0
            11.48988,46.52807,0
            11.48946,46.52758,0
            11.48484,46.523,0
            11.48315,46.52178,0
            11.48282,46.5215,0
            11.48281,46.5215,0
            11.48281,46.52149,0
            11.48211,46.5208,0
            11.48164,46.52017,0
            11.48114,46.5196,0
            11.48092,46.51941,0
            11.4809,46.51938,0
            11.47953,46.51829,0
            11.47952,46.51829,0
            11.47857,46.51732,0
            11.47828,46.51692,0
            11.47828,46.51691,0
            11.47732,46.51532,0
            11.47695,46.51483,0
            11.47652,46.51439,0
            11.4762,46.51413,0
            11.4755,46.51368,0
            11.47421,46.51313,0
            11.47342,46.51292,0
            11.47137,46.51259,0
            11.47093,46.51248,0
            11.46996,46.51213,0
            11.46951,46.51192,0
            11.46884,46.51149,0
            11.46812,46.51087,0
            11.46812,46.51086,0
            11.46685,46.50929,0
            11.46625,46.50871,0
            11.46559,46.50824,0
            11.46495,46.5079,0
            11.4622,46.50674,0
            11.46105,46.50613,0
            11.46026,46.5056,0
            11.45893,46.50455,0
            11.45825,46.50412,0
            11.45581,46.50282,0
            11.45498,46.50224,0
            11.45339,46.50094,0
            11.45053,46.49921,0
            11.4499,46.49889,0
            11.44892,46.49848,0
            11.44258,46.49622,0
            11.44198,46.49592,0
            11.44139,46.49554,0
            11.4398,46.49416,0
            11.43947,46.49392,0
            11.43839,46.49336,0
            11.43718,46.49298,0
            11.43588,46.49279,0
            11.43291,46.49273,0
            11.43195,46.49257,0
            11.43126,46.4924,0
            11.43009,46.49191,0
            11.42989,46.49179,0
            11.42988,46.49179,0
            11.42709,46.49012,0
            11.42608,46.48973,0
            11.42513,46.48951,0
            11.42388,46.4894,0
            11.42289,46.48945,0
            11.42211,46.48958,0
            11.42122,46.48983,0
            11.42077,46.49,0
            11.41281,46.49383,0
            11.41157,46.49432,0
            11.41035,46.49462,0
            11.40917,46.49478,0
            11.40845,46.49482,0
            11.40717,46.49478,0
            11.40631,46.49468,0
            11.39886,46.49337,0
            11.39519,46.49285,0
            11.39394,46.49284,0
            11.39047,46.49315,0
            11.38957,46.49317,0
            11.38768,46.49303,0
            11.38766,46.49302,0
            11.38611,46.49297,0
            11.3835,46.49326,0
            11.37832,46.49337,0
            11.37735,46.49332,0
            11.37673,46.49324,0
            11.37043,46.492,0
            11.36685,46.49116,0
            11.36624,46.49108,0
            11.36473,46.49103,0
            11.36337,46.49115,0
            11.36109,46.49147,0
            11.36005,46.49153,0
            11.35746,46.49134,0
            11.35166,46.49045,0
            11.34894,46.48992,0
            11.3461,46.4891,0
            11.34488,46.48858,0
            11.34383,46.48822,0
            11.34266,46.48798,0
            11.33926,46.48769,0
            11.33467,46.48673,0
            11.32984,46.48534,0
            11.32899,46.48502,0
            11.32792,46.4845,0
            11.32675,46.48377,0
            11.32334,46.48113,0
            11.32254,46.48062,0
            11.3208,46.47968,0
            11.31962,46.47877,0
            11.31921,46.47835,0
            11.31486,46.47283,0
            11.31385,46.47167,0
            11.31253,46.47033,0
            11.31147,46.46937,0
            11.30734,46.46609,0
            11.30625,46.46505,0
            11.30521,46.46372,0
            11.30474,46.46292,0
            11.30428,46.46189,0
            11.30408,46.46125,0
            11.3039,46.4604,0
            11.30381,46.45918,0
            11.30387,46.45829,0
            11.30415,46.45702,0
            11.30445,46.45619,0
            11.30494,46.45522,0
            11.30568,46.45407,0
            11.30911,46.44946,0
            11.31412,46.44416,0
            11.3154,46.44258,0
            11.31586,46.44184,0
            11.3163,46.44098,0
            11.31677,46.43973,0
            11.31701,46.4387,0
            11.31712,46.43773,0
            11.31713,46.437,0
            11.31703,46.43581,0
            11.3156,46.42643,0
            11.31533,46.42536,0
            11.31478,46.42396,0
            11.31403,46.42267,0
            11.30496,46.40912,0
            11.30495,46.40912,0
            11.29614,46.39553,0
            11.29551,46.39423,0
            11.29551,46.39421,0
            11.29519,46.39334,0
            11.29518,46.39333,0
            11.29059,46.37516,0
            11.29047,46.37422,0
            11.29041,46.37291,0
            11.29053,46.36914,0
            11.29025,46.36531,0
            11.29004,46.36403,0
            11.28965,46.36251,0
            11.28714,46.35567,0
            11.28714,46.35565,0
            11.2863,46.35389,0
            11.28507,46.35197,0
            11.28507,46.35196,0
            11.28156,46.34712,0
            11.28081,46.34583,0
            11.28018,46.34442,0
            11.27914,46.34145,0
            11.27913,46.34145,0
            11.27583,46.33209,0
            11.27559,46.3316,0
            11.27496,46.33057,0
            11.26964,46.32352,0
            11.26824,46.32199,0
            11.26641,46.32041,0
            11.25966,46.31542,0
            11.25754,46.31356,0
            11.25643,46.31241,0
            11.2553,46.31107,0
            11.25529,46.31104,0
            11.24701,46.30103,0
            11.24701,46.30102,0
            11.23949,46.29183,0
            11.2383,46.28999,0
            11.2375,46.28851,0
            11.23643,46.28585,0
            11.2362,46.2851,0
            11.23347,46.27307,0
            11.23312,46.27198,0
            11.23278,46.27122,0
            11.229,46.26503,0
            11.2283,46.26405,0
            11.22753,46.26317,0
            11.22014,46.25584,0
            11.2185,46.2546,0
            11.21531,46.25239,0
            11.21399,46.25134,0
            11.21286,46.25029,0
            11.21285,46.25027,0
            11.21063,46.24826,0
            11.20982,46.24768,0
            11.20909,46.24723,0
            11.20787,46.24662,0
            11.20017,46.24338,0
            11.17142,46.23373,0
            11.1587,46.22895,0
            11.1587,46.22894,0
            11.15396,46.22714,0
            11.15394,46.22714,0
            11.15259,46.22663,0
            11.15258,46.22662,0
            11.15086,46.22595,0
            11.14921,46.22514,0
            11.14847,46.22468,0
            11.14747,46.22392,0
            11.14698,46.22347,0
            11.14615,46.22254,0
            11.14581,46.22208,0
            11.14532,46.22126,0
            11.14431,46.21922,0
            11.14431,46.2192,0
            11.13763,46.20541,0
            11.13682,46.20408,0
            11.13593,46.20299,0
            11.13452,46.20164,0
            11.13368,46.20097,0
            11.12803,46.19707,0
            11.12802,46.19707,0
            11.12528,46.19509,0
            11.12428,46.19427,0
            11.12427,46.19425,0
            11.1236,46.1937,0
            11.12359,46.1937,0
            11.11848,46.18951,0
            11.11747,46.18853,0
            11.11664,46.18754,0
            11.11127,46.1792,0
            11.10467,46.16959,0
            11.10402,46.16881,0
            11.09598,46.16094,0
            11.09597,46.16092,0
            11.09468,46.15967,0
            11.09395,46.15883,0
            11.09349,46.15817,0
            11.09281,46.15679,0
            11.08872,46.14541,0
            11.08423,46.13639,0
            11.08419,46.13634,0
            11.08262,46.13305,0
            11.08242,46.13251,0
            11.08218,46.13159,0
            11.08205,46.13048,0
            11.08205,46.12973,0
            11.08215,46.12892,0
            11.08243,46.12778,0
            11.08283,46.12677,0
            11.08601,46.12044,0
            11.08632,46.11963,0
            11.0865,46.11901,0
            11.08675,46.11781,0
            11.08674,46.11781,0
            11.08723,46.11372,0
            11.08763,46.11206,0
            11.08922,46.10658,0
            11.08923,46.10657,0
            11.08957,46.10539,0
            11.08958,46.10538,0
            11.09006,46.10395,0
            11.09059,46.1028,0
            11.09144,46.10142,0
            11.09248,46.1001,0
            11.10343,46.08842,0
            11.10376,46.08797,0
            11.10417,46.0873,0
            11.10458,46.08642,0
            11.10472,46.08602,0
            11.10495,46.08498,0
            11.10506,46.08306,0
            11.10507,46.08305,0
            11.10512,46.08217,0
            11.1053,46.08078,0
            11.10588,46.07793,0
            11.10588,46.07787,0
            11.10665,46.07444,0
            11.11002,46.06419,0
            11.11018,46.06306,0
            11.11017,46.06218,0
            11.11009,46.06164,0
            11.10879,46.05592,0
            11.10874,46.05519,0
            11.10876,46.054,0
            11.10895,46.05242,0
            11.1092,46.05137,0
            11.10953,46.0504,0
            11.11012,46.04908,0
            11.11079,46.04793,0
            11.11154,46.04688,0
            11.11246,46.04579,0
            11.11677,46.04146,0
            11.11758,46.04045,0
            11.11758,46.04044,0
            11.1177,46.04029,0
            11.11771,46.04026,0
            11.118,46.03983,0
            11.11851,46.03891,0
            11.1188,46.03828,0
            11.12172,46.02998,0
            11.12184,46.02942,0
            11.12194,46.02861,0
            11.12193,46.01853,0
            11.12125,46.01059,0
            11.12077,46.00006,0
            11.12062,45.99896,0
            11.12034,45.99764,0
            11.12004,45.99659,0
            11.11954,45.99528,0
            11.11877,45.99367,0
            11.11797,45.99233,0
            11.11666,45.99054,0
            11.11029,45.98364,0
            11.10954,45.98255,0
            11.10906,45.98158,0
            11.1089,45.98114,0
            11.10862,45.97987,0
            11.10572,45.95911,0
            11.10547,45.95797,0
            11.10512,45.95683,0
            11.10246,45.95099,0
            11.10246,45.95097,0
            11.10168,45.94929,0
            11.10072,45.94756,0
            11.09979,45.94628,0
            11.09818,45.94449,0
            11.09463,45.94136,0
            11.09462,45.94136,0
            11.08976,45.93708,0
            11.08178,45.9294,0
            11.08044,45.92849,0
            11.07924,45.92789,0
            11.07811,45.92746,0
            11.07711,45.92717,0
            11.07592,45.92693,0
            11.07465,45.92678,0
            11.07376,45.92674,0
            11.07231,45.92678,0
            11.07076,45.92699,0
            11.0661,45.92792,0
            11.06414,45.92814,0
            11.06267,45.92813,0
            11.06183,45.92807,0
            11.06049,45.92788,0
            11.05866,45.92739,0
            11.05761,45.92699,0
            11.05681,45.92661,0
            11.03988,45.91699,0
            11.03836,45.91596,0
            11.03835,45.91596,0
            11.03716,45.91504,0
            11.03611,45.91408,0
            11.0347,45.91258,0
            11.03469,45.91258,0
            11.03469,45.91257,0
            11.02918,45.9053,0
            11.02917,45.9053,0
            11.02644,45.90169,0
            11.0255,45.90063,0
            11.02424,45.89942,0
            11.02305,45.89844,0
            11.01794,45.89471,0
            11.01682,45.89381,0
            11.01629,45.89332,0
            11.01536,45.89228,0
            11.01482,45.89152,0
            11.01234,45.88676,0
            11.01233,45.88676,0
            11.0097,45.88144,0
            11.00912,45.87975,0
            11.00733,45.87131,0
            11.00721,45.87091,0
            11.0072,45.87091,0
            11.00702,45.8704,0
            11.00638,45.8692,0
            11.00138,45.86211,0
            11.00101,45.86145,0
            11.00073,45.86082,0
            11.00045,45.85984,0
            11.00037,45.85901,0
            11.00038,45.85837,0
            11.00043,45.85794,0
            11.00062,45.85704,0
            11.00125,45.85483,0
            11.00135,45.85397,0
            11.00134,45.85325,0
            11.00127,45.85273,0
            11.00114,45.85218,0
            11.00016,45.84971,0
            11.00014,45.84969,0
            10.99988,45.84886,0
            10.99967,45.84758,0
            10.99966,45.84642,0
            10.99977,45.84555,0
            11.0001,45.84432,0
            11.00052,45.84336,0
            11.00052,45.84334,0
            11.00073,45.84295,0
            11.00076,45.84292,0
            11.00204,45.84069,0
            11.00237,45.83986,0
            11.00238,45.83985,0
            11.00253,45.83934,0
            11.00264,45.83878,0
            11.00273,45.83795,0
            11.00302,45.8297,0
            11.00309,45.82913,0
            11.00385,45.826,0
            11.00409,45.8224,0
            11.00418,45.82175,0
            11.00432,45.82115,0
            11.00438,45.82102,0
            11.00446,45.82074,0
            11.00477,45.82004,0
            11.00515,45.81936,0
            11.00592,45.81832,0
            11.00866,45.81528,0
            11.00918,45.81461,0
            11.00961,45.81394,0
            11.01062,45.81205,0
            11.01156,45.81059,0
            11.01277,45.80921,0
            11.01505,45.80698,0
            11.01551,45.8064,0
            11.02037,45.79829,0
            11.02078,45.79732,0
            11.02105,45.79619,0
            11.02109,45.79578,0
            11.02108,45.79471,0
            11.02104,45.79435,0
            11.02047,45.79147,0
            11.02046,45.79146,0
            11.01992,45.78894,0
            11.01968,45.78824,0
            11.0194,45.78763,0
            11.01865,45.7865,0
            11.01791,45.7856,0
            11.01789,45.78559,0
            11.01667,45.78411,0
            11.01608,45.78308,0
            11.0114,45.77241,0
            11.01088,45.77155,0
            11.01029,45.7708,0
            11.00963,45.77013,0
            11.00847,45.76919,0
            11.00744,45.76854,0
            10.99973,45.76444,0
            10.99893,45.76393,0
            10.99815,45.76328,0
            10.99739,45.76243,0
            10.99466,45.75885,0
            10.99464,45.75884,0
            10.98833,45.75066,0
            10.98733,45.74971,0
            10.98674,45.74925,0
            10.98586,45.74867,0
            10.98456,45.74798,0
            10.97236,45.74286,0
            10.96611,45.7397,0
            10.96455,45.73909,0
            10.96379,45.73886,0
            10.96236,45.73853,0
            10.95864,45.73794,0
            10.95653,45.7374,0
            10.95482,45.73678,0
            10.95373,45.73628,0
            10.94615,45.73233,0
            10.94388,45.73082,0
            10.94305,45.73016,0
            10.94141,45.72864,0
            10.94007,45.7271,0
            10.93223,45.7158,0
            10.92735,45.71043,0
            10.92638,45.70908,0
            10.92189,45.7007,0
            10.92181,45.7005,0
            10.92156,45.70007,0
            10.92074,45.69891,0
            10.92028,45.6984,0
            10.91905,45.69726,0
            10.91014,45.69113,0
            10.90939,45.69052,0
            10.90863,45.68978,0
            10.90782,45.68884,0
            10.90721,45.68793,0
            10.90689,45.68731,0
            10.90652,45.68644,0
            10.9063,45.68573,0
            10.90544,45.68197,0
            10.90464,45.67949,0
            10.90399,45.67806,0
            10.90294,45.67612,0
            10.89582,45.66576,0
            10.89508,45.6645,0
            10.89416,45.6625,0
            10.89316,45.65979,0
            10.89236,45.658,0
            10.89185,45.65715,0
            10.8891,45.65341,0
            10.8891,45.6534,0
            10.88304,45.64539,0
            10.87985,45.64203,0
            10.87835,45.64011,0
            10.87785,45.63961,0
            10.87627,45.63833,0
            10.8742,45.63627,0
            10.86623,45.62697,0
            10.86622,45.62697,0
            10.86107,45.62095,0
            10.85572,45.61552,0
            10.85572,45.61551,0
            10.85514,45.61493,0
            10.85514,45.61492,0
            10.85457,45.61434,0
            10.85444,45.61425,0
            10.85347,45.6133,0
            10.85346,45.6133,0
            10.85232,45.61206,0
            10.85161,45.6111,0
            10.84998,45.60806,0
            10.84888,45.60636,0
            10.84796,45.60515,0
            10.83959,45.5959,0
            10.83907,45.59525,0
            10.83797,45.59365,0
            10.8362,45.59043,0
            10.83544,45.58919,0
            10.83472,45.58822,0
            10.83352,45.58703,0
            10.83241,45.58615,0
            10.83128,45.58542,0
            10.83044,45.58497,0
            10.82927,45.58444,0
            10.82799,45.58397,0
            10.8256,45.58335,0
            10.81762,45.58214,0
            10.81642,45.58186,0
            10.81362,45.58097,0
            10.81172,45.58013,0
            10.80988,45.5791,0
            10.80876,45.57835,0
            10.807,45.5769,0
            10.8061,45.57597,0
            10.80535,45.57507,0
            10.80443,45.57368,0
            10.80367,45.57212,0
            10.80316,45.57044,0
            10.80206,45.56503,0
            10.79977,45.55663,0
            10.79923,45.55537,0
            10.79856,45.55433,0
            10.79787,45.55353,0
            10.79691,45.55265,0
            10.79606,45.55203,0
            10.79525,45.55153,0
            10.79211,45.54984,0
            10.79196,45.54985,0
            10.79096,45.54944,0
            10.79035,45.54936,0
            10.78996,45.5494,0
            10.78964,45.54948,0
            10.78943,45.54957,0
            10.78919,45.54975,0
            10.78918,45.54975,0
            10.78892,45.54997,0
            10.78808,45.55084,0
            10.78791,45.55095,0
            10.7877,45.55103,0
            10.78706,45.55109,0
            10.78697,45.55112,0
            10.78683,45.55123,0
            10.78679,45.55139,0
            10.78674,45.55146,0
            10.78666,45.55153,0
            10.78651,45.55161,0
            10.78643,45.55163,0
            10.78602,45.55161,0
            10.78588,45.55155,0
            10.78351,45.55091,0
            10.78331,45.55088,0
            10.78322,45.55089,0
            10.7829,45.55099,0
            10.78282,45.55108,0
            10.7826,45.55124,0
            10.78226,45.55138,0
            10.78188,45.55144,0
            10.78161,45.55143,0
            10.78134,45.55138,0
            10.781,45.55124,0
            10.78078,45.55108,0
            10.78075,45.55104,0
            10.7805,45.55091,0
            10.7803,45.55085,0
            10.78021,45.55085,0
            10.77941,45.551,0
            10.7794,45.55101,0
            10.7794,45.55102,0
            10.77939,45.55102,0
            10.77939,45.55103,0
            10.77938,45.55103,0
            10.77938,45.55104,0
            10.77937,45.55104,0
            10.77959,45.55136,0
            10.77977,45.55171,0
            10.77979,45.5518,0
            10.77991,45.55205,0
            10.77999,45.55235,0
            10.77998,45.5526,0
            10.78007,45.55272,0
            10.78023,45.55284,0
            10.78046,45.55287,0
            10.78058,45.55295,0
            10.78062,45.553,0
            10.78064,45.55308,0
            10.78064,45.55315,0
            10.78054,45.55327,0
            10.78047,45.55331,0
            10.78026,45.55335,0
            10.77994,45.55353,0
            10.77943,45.55419,0
            10.77898,45.55457,0
            10.77812,45.55519,0
            10.77755,45.55568,0
            10.77681,45.55712,0
            10.77649,45.55726,0
            10.77633,45.55727,0
            10.77617,45.55724,0
            10.77542,45.55681,0
            10.77524,45.55676,0
            10.77505,45.55674,0
            10.77467,45.55676,0
            10.77104,45.55801,0
            10.77068,45.55817,0
            10.76863,45.5594,0
            10.76851,45.55952,0
            10.76809,45.55982,0
            10.76631,45.56087,0
            10.76576,45.56113,0
            10.76522,45.56148,0
            10.76477,45.56185,0
            10.76335,45.56465,0
            10.76334,45.56472,0
            10.76329,45.56476,0
            10.76299,45.566,0
            10.76283,45.56637,0
            10.76261,45.56675,0
            10.75872,45.57163,0
            10.75856,45.57203,0
            10.75858,45.57205,0
            10.75858,45.57206,0
            10.75859,45.57206,0
            10.75859,45.57212,0
            10.75858,45.57212,0
            10.75858,45.57214,0
            10.75857,45.57214,0
            10.75857,45.57215,0
            10.75856,45.57215,0
            10.75855,45.57216,0
            10.75854,45.57216,0
            10.75854,45.57217,0
            10.75852,45.57217,0
            10.75852,45.57218,0
            10.75849,45.57218,0
            10.75848,45.57219,0
            10.75841,45.57219,0
            10.75841,45.57218,0
            10.75838,45.57218,0
            10.75838,45.57217,0
            10.75835,45.57217,0
            10.75835,45.57216,0
            10.75834,45.57216,0
            10.75834,45.57215,0
            10.75833,45.57215,0
            10.75832,45.57214,0
            10.75832,45.57213,0
            10.75831,45.57213,0
            10.75831,45.57212,0
            10.75341,45.57112,0
            10.75291,45.57092,0
            10.75202,45.57034,0
            10.7516,45.57013,0
            10.74956,45.5695,0
            10.74914,45.56942,0
            10.74824,45.56937,0
            10.74653,45.56974,0
            10.74652,45.56975,0
            10.7433,45.57045,0
            10.74232,45.57053,0
            10.7402,45.57057,0
            10.74,45.57051,0
            10.73978,45.57035,0
            10.73836,45.56897,0
            10.73807,45.56876,0
            10.73595,45.56769,0
            10.73459,45.56655,0
            10.73394,45.5661,0
            10.7338,45.56606,0
            10.73379,45.56605,0
            10.73209,45.56618,0
            10.73016,45.56582,0
            10.72977,45.56527,0
            10.72973,45.56513,0
            10.72973,45.56501,0
            10.72977,45.56492,0
            10.72988,45.56479,0
            10.73019,45.56453,0
            10.73024,45.56444,0
            10.73024,45.56438,0
            10.73023,45.56437,0
            10.73023,45.56434,0
            10.73016,45.56426,0
            10.73012,45.56424,0
            10.72976,45.56418,0
            10.72941,45.56418,0
            10.72862,45.5643,0
            10.72824,45.5643,0
            10.72801,45.56427,0
            10.72799,45.56426,0
            10.72697,45.56421,0
            10.725,45.56428,0
            10.72499,45.56427,0
            10.72498,45.56427,0
            10.72496,45.56425,0
            10.72496,45.56422,0
            10.72499,45.56418,0
            10.72506,45.56415,0
            10.72615,45.56395,0
            10.72629,45.5639,0
            10.72634,45.56386,0
            10.72634,45.56385,0
            10.72635,45.56385,0
            10.72635,45.56383,0
            10.72637,45.56381,0
            10.72637,45.56376,0
            10.72629,45.56368,0
            10.72626,45.56368,0
            10.72625,45.56367,0
            10.72478,45.56357,0
            10.72473,45.56355,0
            10.7247,45.56352,0
            10.7247,45.56347,0
            10.72471,45.56346,0
            10.72471,45.56345,0
            10.72473,45.56343,0
            10.72475,45.56343,0
            10.72479,45.56341,0
            10.72611,45.56314,0
            10.72699,45.56283,0
            10.727,45.56281,0
            10.727,45.56275,0
            10.72697,45.56272,0
            10.72688,45.5627,0
            10.72568,45.56274,0
            10.72568,45.56273,0
            10.72565,45.56273,0
            10.72558,45.56269,0
            10.7255,45.56258,0
            10.72546,45.56244,0
            10.72545,45.56243,0
            10.72481,45.56009,0
            10.7248,45.55986,0
            10.72489,45.55924,0
            10.72489,45.55901,0
            10.72484,45.55887,0
            10.72478,45.55878,0
            10.72478,45.55876,0
            10.72476,45.55875,0
            10.72474,45.55871,0
            10.72391,45.55805,0
            10.72355,45.55769,0
            10.72339,45.55747,0
            10.7233,45.55728,0
            10.72353,45.55696,0
            10.72403,45.55657,0
            10.72412,45.55643,0
            10.72453,45.55535,0
            10.72462,45.55446,0
            10.72461,45.55426,0
            10.7246,45.55425,0
            10.7246,45.55423,0
            10.72433,45.55405,0
            10.72343,45.55365,0
            10.72338,45.55364,0
            10.72125,45.55257,0
            10.7211,45.55252,0
            10.72044,45.5537,0
            10.7203,45.55402,0
            10.72031,45.55405,0
            10.72023,45.55424,0
            10.72023,45.55426,0
            10.7202,45.55433,0
            10.72021,45.55433,0
            10.72021,45.55434,0
            10.72022,45.55434,0
            10.72025,45.55437,0
            10.72025,45.55438,0
            10.72026,45.55438,0
            10.72026,45.5544,0
            10.72027,45.55441,0
            10.72027,45.55445,0
            10.72026,45.55445,0
            10.72026,45.55447,0
            10.72022,45.55451,0
            10.72021,45.55451,0
            10.7202,45.55452,0
            10.72019,45.55452,0
            10.72019,45.55453,0
            10.72016,45.55453,0
            10.72015,45.55454,0
            10.72013,45.55454,0
            10.72009,45.55457,0
            10.72,45.55469,0
            10.71995,45.55472,0
            10.71908,45.55622,0
            10.71908,45.55623,0
            10.71813,45.55753,0
            10.71796,45.55784,0
            10.71782,45.55821,0
            10.71765,45.55853,0
            10.71578,45.56057,0
            10.71544,45.56111,0
            10.71512,45.56178,0
            10.71387,45.56133,0
            10.71512,45.56178,0
            10.71544,45.56111,0
            10.71578,45.56057,0
            10.71765,45.55853,0
            10.71782,45.55821,0
            10.71796,45.55784,0
            10.71813,45.55753,0
            10.71908,45.55623,0
            10.71908,45.55622,0
            10.71995,45.55472,0
            10.71995,45.55468,0
            10.72,45.55451,0
            10.71999,45.55451,0
            10.71999,45.5545,0
            10.71998,45.5545,0
            10.71998,45.55449,0
            10.71997,45.55449,0
            10.71997,45.55448,0
            10.71996,45.55448,0
            10.71996,45.55447,0
            10.71995,45.55446,0
            10.71995,45.55444,0
            10.71994,45.55443,0
            10.71994,45.55441,0
            10.71995,45.55441,0
            10.71995,45.55438,0
            10.71996,45.55438,0
            10.71996,45.55437,0
            10.71997,45.55436,0
            10.71997,45.55435,0
            10.71998,45.55435,0
            10.71999,45.55434,0
            10.72,45.55434,0
            10.72,45.55433,0
            10.72002,45.55433,0
            10.72002,45.55432,0
            10.72004,45.55432,0
            10.72005,45.55431,0
            10.72008,45.55431,0
            10.72021,45.55415,0
            10.72021,45.55414,0
            10.72026,45.55405,0
            10.7203,45.55402,0
            10.72044,45.5537,0
            10.72199,45.55099,0
            10.72199,45.55094,0
            10.722,45.55094,0
            10.7221,45.55077,0
            10.7221,45.55076,0
            10.72209,45.55076,0
            10.72209,45.55071,0
            10.7221,45.55071,0
            10.7221,45.5507,0
            10.72211,45.5507,0
            10.72211,45.55069,0
            10.72212,45.55069,0
            10.72212,45.55068,0
            10.72215,45.55068,0
            10.72215,45.55067,0
            10.72219,45.55067,0
            10.72267,45.55014,0
            10.7236,45.54829,0
            10.72366,45.54822,0
            10.72367,45.54819,0
            10.72379,45.54806,0
            10.72389,45.54784,0
            10.72388,45.54784,0
            10.72388,45.54783,0
            10.72387,45.54783,0
            10.72387,45.54781,0
            10.72386,45.54781,0
            10.72386,45.54779,0
            10.72387,45.54779,0
            10.72387,45.54777,0
            10.72388,45.54777,0
            10.72388,45.54776,0
            10.72389,45.54776,0
            10.72389,45.54775,0
            10.72391,45.54775,0
            10.72391,45.54774,0
            10.72396,45.54774,0
            10.72408,45.54758,0
            10.72408,45.54757,0
            10.72407,45.54757,0
            10.72407,45.54754,0
            10.72408,45.54753,0
            10.72408,45.54752,0
            10.72409,45.54751,0
            10.72409,45.5475,0
            10.7241,45.5475,0
            10.7241,45.54749,0
            10.72411,45.54749,0
            10.72412,45.54748,0
            10.72413,45.54748,0
            10.72414,45.54747,0
            10.72416,45.54747,0
            10.72416,45.54746,0
            10.72419,45.54746,0
            10.7243,45.54736,0
            10.7243,45.54735,0
            10.72433,45.54732,0
            10.72439,45.5472,0
            10.7244,45.5472,0
            10.72444,45.54716,0
            10.72448,45.54706,0
            10.72452,45.54686,0
            10.72453,45.54656,0
            10.72438,45.54448,0
            10.72441,45.54424,0
            10.7245,45.54391,0
            10.72549,45.54237,0
            10.7255,45.54237,0
            10.72557,45.5422,0
            10.7257,45.54199,0
            10.72581,45.54174,0
            10.72613,45.54074,0
            10.72729,45.5379,0
            10.72736,45.5375,0
            10.72751,45.53578,0
            10.72748,45.53486,0
            10.7274,45.53442,0
            10.72673,45.53246,0
            10.72647,45.53114,0
            10.72643,45.53066,0
            10.72644,45.53035,0
            10.72662,45.52982,0
            10.72722,45.52876,0
            10.72732,45.52848,0
            10.72739,45.52815,0
            10.7274,45.52815,0
            10.72772,45.52721,0
            10.72796,45.52674,0
            10.72869,45.52559,0
            10.72874,45.52545,0
            10.72877,45.52526,0
            10.72876,45.52526,0
            10.72875,45.52525,0
            10.72874,45.52525,0
            10.72874,45.52524,0
            10.72873,45.52524,0
            10.72873,45.52523,0
            10.72872,45.52523,0
            10.72872,45.52522,0
            10.72871,45.52521,0
            10.72871,45.52519,0
            10.7287,45.52518,0
            10.7287,45.52516,0
            10.72871,45.52516,0
            10.72871,45.52513,0
            10.72872,45.52513,0
            10.72872,45.52512,0
            10.72876,45.52508,0
            10.72877,45.52508,0
            10.72878,45.52507,0
            10.7288,45.52507,0
            10.7288,45.52506,0
            10.72884,45.52506,0
            10.72894,45.52486,0
            10.72961,45.52264,0
            10.72983,45.51959,0
            10.73057,45.51755,0
            10.73166,45.51406,0
            10.73192,45.51338,0
            10.73481,45.50724,0
            10.73481,45.50717,0
            10.73482,45.50716,0
            10.73484,45.50708,0
            10.73485,45.50707,0
            10.73503,45.50617,0
            10.73504,45.50616,0
            10.73504,45.50613,0
            10.73511,45.50602,0
            10.73511,45.506,0
            10.7351,45.50599,0
            10.7351,45.50598,0
            10.73511,45.50598,0
            10.73511,45.50595,0
            10.73512,45.50595,0
            10.73512,45.50594,0
            10.73513,45.50594,0
            10.73513,45.50593,0
            10.73514,45.50593,0
            10.73513,45.50577,0
            10.73512,45.50575,0
            10.73512,45.50565,0
            10.73513,45.50564,0
            10.73527,45.505,0
            10.73535,45.5048,0
            10.73542,45.50451,0
            10.73541,45.50435,0
            10.73546,45.50411,0
            10.73545,45.50411,0
            10.73542,45.50408,0
            10.73542,45.50407,0
            10.73541,45.50406,0
            10.73541,45.50401,0
            10.73542,45.504,0
            10.73542,45.50399,0
            10.73543,45.50398,0
            10.73543,45.50397,0
            10.73544,45.50397,0
            10.73546,45.50395,0
            10.73547,45.50395,0
            10.73548,45.50394,0
            10.7355,45.50394,0
            10.73551,45.50393,0
            10.73553,45.50393,0
            10.73559,45.50364,0
            10.73563,45.50357,0
            10.73575,45.50302,0
            10.73582,45.50284,0
            10.73678,45.50113,0
            10.73722,45.49965,0
            10.73734,45.49935,0
            10.73797,45.49826,0
            10.73811,45.49788,0
            10.73869,45.49484,0
            10.73868,45.49428,0
            10.73857,45.49374,0
            10.73656,45.48853,0
            10.73616,45.48775,0
            10.73503,45.48631,0
            10.73462,45.48587,0
            10.73437,45.48567,0
            10.73368,45.48528,0
            10.73268,45.48486,0
            10.73217,45.4845,0
            10.73112,45.48358,0
            10.72938,45.48257,0
            10.72921,45.48243,0
            10.72899,45.4821,0
            10.72796,45.47788,0
            10.72783,45.47765,0
            10.72777,45.47758,0
            10.72777,45.47757,0
            10.72584,45.47603,0
            10.72512,45.47517,0
            10.725,45.47496,0
            10.72489,45.47466,0
            10.72446,45.47299,0
            10.72431,45.47256,0
            10.72357,45.47119,0
            10.72327,45.47087,0
            10.72301,45.47069,0
            10.72241,45.47039,0
            10.72241,45.4704,0
            10.72237,45.4704,0
            10.72237,45.47041,0
            10.72235,45.47041,0
            10.72235,45.4704,0
            10.72231,45.4704,0
            10.72231,45.47039,0
            10.72229,45.47039,0
            10.72229,45.47038,0
            10.72228,45.47038,0
            10.72227,45.47037,0
            10.72227,45.47036,0
            10.72226,45.47036,0
            10.72226,45.47034,0
            10.7218,45.47014,0
            10.72146,45.46991,0
            10.72134,45.46978,0
            10.72133,45.46978,0
            10.72111,45.46948,0
            10.72104,45.46929,0
            10.7207,45.46749,0
            10.72071,45.46711,0
            10.72062,45.46648,0
            10.72033,45.46563,0
            10.72003,45.46419,0
            10.71979,45.46358,0
            10.71957,45.46333,0
            10.71927,45.46306,0
            10.71894,45.46285,0
            10.71836,45.46264,0
            10.71823,45.46264,0
            10.71821,45.46263,0
            10.71819,45.46263,0
            10.71808,45.46257,0
            10.71804,45.46252,0
            10.71804,45.4625,0
            10.71803,45.46249,0
            10.71803,45.46243,0
            10.71805,45.4624,0
            10.71781,45.46213,0
            10.71699,45.45987,0
            10.71694,45.45982,0
            10.71662,45.45903,0
            10.71655,45.45877,0
            10.71654,45.45876,0
            10.71584,45.45635,0
            10.71525,45.45482,0
            10.71522,45.45478,0
            10.71437,45.45266,0
            10.71418,45.45232,0
            10.71368,45.4517,0
            10.71365,45.45163,0
            10.71338,45.45128,0
            10.71308,45.45113,0
            10.71302,45.45113,0
            10.71288,45.45107,0
            10.71279,45.45096,0
            10.71279,45.45092,0
            10.71278,45.4509,0
            10.71279,45.45088,0
            10.71279,45.45085,0
            10.71281,45.45082,0
            10.71278,45.45052,0
            10.71037,45.44692,0
            10.71006,45.44659,0
            10.70973,45.44636,0
            10.70855,45.44579,0
            10.70853,45.44581,0
            10.70843,45.44586,0
            10.7084,45.44586,0
            10.70838,45.44587,0
            10.70827,45.44587,0
            10.70818,45.44585,0
            10.70817,45.44584,0
            10.70816,45.44584,0
            10.70815,45.44583,0
            10.70814,45.44583,0
            10.70805,45.44575,0
            10.70803,45.4457,0
            10.70803,45.44563,0
            10.70806,45.44557,0
            10.70752,45.4453,0
            10.70715,45.44505,0
            10.70525,45.44338,0
            10.70483,45.44313,0
            10.70254,45.44231,0
            10.70209,45.44209,0
            10.70177,45.44187,0
            10.70017,45.44044,0
            10.70009,45.4404,0
            10.70007,45.44038,0
            10.70002,45.44037,0
            10.69999,45.44035,0
            10.69962,45.4403,0
            10.69936,45.44034,0
            10.69929,45.44033,0
            10.69919,45.44039,0
            10.69916,45.44039,0
            10.69914,45.4404,0
            10.699,45.4404,0
            10.69888,45.44034,0
            10.69883,45.44027,0
            10.69883,45.44025,0
            10.69882,45.44023,0
            10.69883,45.44017,0
            10.6989,45.44008,0
            10.69897,45.43974,0
            10.69897,45.43945,0
            10.69923,45.4367,0
            10.69926,45.43659,0
            10.70025,45.43512,0
            10.70073,45.4339,0
            10.70116,45.43205,0
            10.70125,45.4313,0
            10.70159,45.43115,0
            10.70189,45.43092,0
            10.7019,45.43092,0
            10.70194,45.43079,0
            10.70194,45.43074,0
            10.70167,45.43018,0
            10.70161,45.42999,0
            10.70162,45.42848,0
            10.70166,45.42832,0
            10.70177,45.42816,0
            10.7019,45.42806,0
            10.70218,45.42794,0
            10.70239,45.42789,0
            10.70509,45.42758,0
            10.7056,45.42758,0
            10.70605,45.4277,0
            10.70617,45.42776,0
            10.70652,45.42802,0
            10.70664,45.42819,0
            10.70674,45.4285,0
            10.70675,45.4287,0
            10.70676,45.42872,0
            10.70671,45.43004,0
            10.70669,45.43009,0
            10.70669,45.43012,0
            10.70663,45.43024,0
            10.70652,45.43036,0
            10.70625,45.43053,0
            10.70593,45.4306,0
            10.70564,45.43059,0
            10.7054,45.43052,0
            10.70512,45.43035,0
            10.70497,45.43013,0
            10.70493,45.43002,0
            10.70477,45.42981,0
            10.7046,45.42968,0
            10.70442,45.42959,0
            10.70417,45.42952,0
            10.70381,45.42947,0
            10.70369,45.4294,0
            10.68966,45.4293,0
            10.63992,45.43245,0
            10.61336,45.43375,0
            10.61334,45.43376,0
            10.60255,45.43426,0
            10.59881,45.4346,0
            10.59634,45.43498,0
            10.53835,45.44578,0
            10.53584,45.4464,0
            10.5303,45.44806,0
            10.5279,45.44864,0
            10.52356,45.44937,0
            10.49804,45.45182,0
            10.48354,45.4535,0
            10.47603,45.45387,0
            10.47225,45.45421,0
            10.46977,45.45458,0
            10.45329,45.45859,0
            10.43247,45.46292,0
            10.42995,45.46329,0
            10.42838,45.46342,0
            10.42836,45.46343,0
            10.39955,45.46583,0
            10.38415,45.4684,0
            10.37669,45.4701,0
            10.37668,45.47011,0
            10.3628,45.47322,0
            10.36279,45.47323,0
            10.31756,45.48341,0
            10.29126,45.48993,0
            10.27475,45.49526,0
            10.25031,45.50215,0
            10.2398,45.50456,0
            10.23956,45.50468,0
            10.23769,45.50514,0
            10.23708,45.50542,0
            10.23655,45.50578,0
            10.23631,45.50602,0
            10.23616,45.50624,0
            10.23607,45.50646,0
            10.23601,45.50676,0
            10.23605,45.50709,0
            10.23614,45.50732,0
            10.2363,45.50756,0
            10.23665,45.50789,0
            10.23716,45.50815,0
            10.23753,45.50826,0
            10.2379,45.50832,0
            10.23855,45.50831,0
            10.23901,45.50822,0
            10.23962,45.50796,0
            10.23987,45.50777,0
            10.24014,45.50748,0
            10.24034,45.50706,0
            10.24039,45.50678,0
            10.24039,45.50649,0
            10.24034,45.50633,0
            10.24034,45.50625,0
            10.24026,45.50594,0
            10.24008,45.50552,0
            10.23957,45.50475,0
            10.23897,45.50411,0
            10.23461,45.5006,0
            10.23449,45.50055,0
            10.23218,45.49869,0
            10.23076,45.49735,0
            10.22955,45.49587,0
            10.22863,45.49436,0
            10.22825,45.49355,0
            10.22673,45.48907,0
            10.22672,45.48906,0
            10.22448,45.48233,0
            10.22447,45.48232,0
            10.21859,45.46469,0
            10.21817,45.46362,0
            10.20413,45.43368,0
            10.17247,45.37123,0
            10.17245,45.37121,0
            10.14023,45.30647,0
            10.13965,45.30511,0
            10.13884,45.30267,0
            10.13883,45.30266,0
            10.13157,45.27989,0
            10.13156,45.27988,0
            10.1135,45.2232,0
            10.11302,45.22193,0
            10.11237,45.22049,0
            10.09218,45.18496,0
            10.09218,45.18495,0
            10.08288,45.16862,0
            10.08288,45.1686,0
            10.076,45.1565,0
            10.07552,45.1555,0
            10.0748,45.15373,0
            10.07157,45.14249,0
            10.07142,45.14209,0
            10.07034,45.13823,0
            10.07028,45.1381,0
            10.06949,45.13555,0
            10.06912,45.13455,0
            10.06838,45.13294,0
            10.06032,45.11882,0
            10.05961,45.11782,0
            10.05854,45.11657,0
            10.05749,45.11552,0
            10.05659,45.11473,0
            10.05556,45.11393,0
            10.05431,45.11308,0
            10.0531,45.11236,0
            10.05131,45.11144,0
            10.04848,45.1103,0
            10.04847,45.11029,0
            10.03036,45.10394,0
            10.0149,45.09658,0
            10.0149,45.09657,0
            10.0117,45.09503,0
            10.01168,45.09503,0
            10.01027,45.09434,0
            10.01025,45.09434,0
            9.992,45.08566,0
            9.97778,45.08019,0
            9.97479,45.07877,0
            9.97224,45.07734,0
            9.96039,45.06951,0
            9.96035,45.06947,0
            9.95723,45.06747,0
            9.95553,45.06651,0
            9.95203,45.06476,0
            9.94903,45.06352,0
            9.94472,45.0621,0
            9.94361,45.06192,0
            9.94192,45.06182,0
            9.94128,45.0617,0
            9.941,45.06158,0
            9.9408,45.06146,0
            9.94037,45.06106,0
            9.93958,45.05979,0
            9.93956,45.05972,0
            9.93403,45.04894,0
            9.93332,45.04731,0
            9.92451,45.01936,0
            9.92382,45.01765,0
            9.92341,45.01679,0
            9.91485,45.00109,0
            9.91408,44.99937,0
            9.91328,44.99704,0
            9.91307,44.9962,0
            9.91274,44.99422,0
            9.9126,44.99198,0
            9.91331,44.97065,0
            9.9132,44.96947,0
            9.91283,44.96784,0
            9.91246,44.96681,0
            9.91205,44.96592,0
            9.91141,44.96479,0
            9.91077,44.96388,0
            9.90809,44.96055,0
            9.90743,44.95955,0
            9.90723,44.95934,0
            9.90708,44.95923,0
            9.9069,44.95914,0
            9.9067,44.95908,0
            9.90635,44.95904,0
            9.90595,44.95909,0
            9.90563,44.95922,0
            9.90542,44.95938,0
            9.90533,44.95949,0
            9.90525,44.95968,0
            9.90524,44.95988,0
            9.9053,44.96004,0
            9.90535,44.96012,0
            9.90551,44.96027,0
            9.90572,44.96039,0
            9.90605,44.96047,0
            9.90633,44.9605,0
            9.90976,44.96043,0
            9.91018,44.96038,0
            9.91078,44.9602,0
            9.91207,44.95968,0
            9.91242,44.95959,0
            9.95877,44.93987,0
            10.00582,44.91694,0
            10.00584,44.91694,0
            10.04741,44.89669,0
            10.04937,44.89591,0
            10.05129,44.8953,0
            10.05129,44.89529,0
            10.05338,44.89476,0
            10.05472,44.8945,0
            10.14598,44.88059,0
            10.16233,44.87784,0
            10.16234,44.87783,0
            10.21791,44.86841,0
            10.21834,44.86828,0
            10.22397,44.86725,0
            10.22397,44.86724,0
            10.22626,44.86654,0
            10.22815,44.86609,0
            10.2286,44.86594,0
            10.22903,44.86574,0
            10.22938,44.86551,0
            10.22986,44.86504,0
            10.23001,44.86481,0
            10.23039,44.86393,0
            10.23047,44.86349,0
            10.23049,44.86254,0
            10.23052,44.86233,0
            10.23056,44.86223,0
            10.23058,44.86151,0
            10.23063,44.8611,0
            10.23068,44.86093,0
            10.23092,44.85926,0
            10.23097,44.85791,0
            10.23086,44.85671,0
            10.23064,44.85562,0
            10.23029,44.85454,0
            10.22993,44.85368,0
            10.22887,44.85195,0
            10.22848,44.85143,0
            10.22638,44.84905,0
            10.21477,44.83779,0
            10.21319,44.83604,0
            10.21235,44.83493,0
            10.21166,44.83388,0
            10.21106,44.8328,0
            10.19511,44.79738,0
            10.19463,44.79655,0
            10.19392,44.79551,0
            10.19183,44.79286,0
            10.1918,44.79284,0
            10.19062,44.79136,0
            10.19062,44.79135,0
            10.18142,44.77972,0
            10.18084,44.77885,0
            10.17981,44.77706,0
            10.16645,44.74917,0
            10.16539,44.74738,0
            10.16392,44.74549,0
            10.16253,44.74409,0
            10.1608,44.74267,0
            10.1594,44.74174,0
            10.15796,44.74089,0
            10.12406,44.72337,0
            10.11319,44.71864,0
            10.11097,44.71737,0
            10.1102,44.71683,0
            10.10921,44.71603,0
            10.10809,44.71498,0
            10.10295,44.70862,0
            10.10212,44.70769,0
            10.1011,44.70673,0
            10.09993,44.70578,0
            10.0917,44.69978,0
            10.08987,44.69801,0
            10.08841,44.69611,0
            10.08822,44.69591,0
            10.08633,44.69444,0
            10.08577,44.69393,0
            10.0853,44.69339,0
            10.08492,44.69281,0
            10.08463,44.6922,0
            10.08397,44.68963,0
            10.08397,44.68949,0
            10.08358,44.68807,0
            10.08339,44.6876,0
            10.08302,44.68688,0
            10.08302,44.68687,0
            10.0823,44.68588,0
            10.08153,44.68509,0
            10.07995,44.68371,0
            10.07995,44.6837,0
            10.07834,44.68231,0
            10.07833,44.68231,0
            10.07827,44.68225,0
            10.07826,44.68225,0
            10.07745,44.68155,0
            10.07638,44.68078,0
            10.07571,44.68039,0
            10.07468,44.67989,0
            10.06804,44.67721,0
            10.06746,44.67689,0
            10.06608,44.67588,0
            10.06541,44.67521,0
            10.06007,44.66887,0
            10.05354,44.65815,0
            10.05034,44.65407,0
            10.04998,44.65348,0
            10.04956,44.65262,0
            10.04831,44.64855,0
            10.0481,44.64813,0
            10.04692,44.64618,0
            10.04692,44.64617,0
            10.04675,44.64588,0
            10.04654,44.64537,0
            10.04645,44.64504,0
            10.04628,44.64401,0
            10.04607,44.64328,0
            10.04583,44.64277,0
            10.04549,44.64232,0
            10.04367,44.64052,0
            10.04366,44.64052,0
            10.04298,44.63994,0
            10.04232,44.63953,0
            10.04197,44.63936,0
            10.03964,44.63857,0
            10.03915,44.63836,0
            10.03863,44.63805,0
            10.0381,44.63756,0
            10.0366,44.63578,0
            10.03607,44.63541,0
            10.03563,44.63517,0
            10.03485,44.6349,0
            10.03049,44.63374,0
            10.02944,44.63334,0
            10.02875,44.63301,0
            10.02792,44.63253,0
            10.02791,44.63251,0
            10.02172,44.62867,0
            10.02142,44.62856,0
            10.02101,44.62848,0
            10.02094,44.62848,0
            10.02091,44.62847,0
            10.01851,44.62839,0
            10.0141,44.62853,0
            10.01359,44.62846,0
            10.0131,44.6283,0
            10.01272,44.62809,0
            10.01251,44.62792,0
            10.01104,44.62641,0
            10.00751,44.62409,0
            10.00693,44.62385,0
            10.00644,44.62371,0
            10.00609,44.62365,0
            10.00608,44.62364,0
            10.00394,44.62329,0
            10.00317,44.62309,0
            10.00274,44.62293,0
            10.00186,44.62247,0
            10.00132,44.62205,0
            9.99998,44.62084,0
            9.99946,44.62052,0
            9.99709,44.61944,0
            9.99665,44.61919,0
            9.99311,44.6164,0
            9.99191,44.6156,0
            9.9914,44.61535,0
            9.99022,44.61495,0
            9.98762,44.61443,0
            9.98653,44.61412,0
            9.98543,44.61365,0
            9.98484,44.61332,0
            9.9843,44.61293,0
            9.98349,44.61215,0
            9.98302,44.61149,0
            9.98287,44.6112,0
            9.98265,44.61062,0
            9.98264,44.61061,0
            9.98251,44.61007,0
            9.98221,44.60819,0
            9.98212,44.60789,0
            9.98211,44.60788,0
            9.982,44.60759,0
            9.98187,44.60736,0
            9.98162,44.60703,0
            9.981,44.60642,0
            9.97705,44.60339,0
            9.97705,44.60338,0
            9.97167,44.59927,0
            9.96805,44.59733,0
            9.96763,44.59701,0
            9.96671,44.59615,0
            9.96608,44.59567,0
            9.96061,44.59219,0
            9.9606,44.59219,0
            9.95865,44.59093,0
            9.95643,44.58987,0
            9.95591,44.58968,0
            9.95535,44.58953,0
            9.95534,44.58952,0
            9.95249,44.58881,0
            9.95198,44.58857,0
            9.95166,44.58833,0
            9.95138,44.58803,0
            9.95115,44.58766,0
            9.95108,44.5874,0
            9.95105,44.58692,0
            9.95111,44.58669,0
            9.95146,44.58577,0
            9.95149,44.58546,0
            9.95135,44.58497,0
            9.95123,44.58477,0
            9.95101,44.5845,0
            9.94991,44.58362,0
            9.94962,44.58332,0
            9.94937,44.58295,0
            9.94928,44.58274,0
            9.94917,44.58234,0
            9.94899,44.58065,0
            9.94892,44.58031,0
            9.94881,44.58004,0
            9.94804,44.5789,0
            9.9479,44.57858,0
            9.94787,44.57833,0
            9.94779,44.57802,0
            9.9478,44.57762,0
            9.94794,44.57714,0
            9.94821,44.57665,0
            9.95105,44.57321,0
            9.9512,44.57294,0
            9.95129,44.57259,0
            9.95136,44.57125,0
            9.95149,44.57084,0
            9.95267,44.56896,0
            9.95276,44.56875,0
            9.95283,44.56838,0
            9.95283,44.56815,0
            9.95278,44.56787,0
            9.95272,44.5677,0
            9.95251,44.56733,0
            9.95233,44.56712,0
            9.95207,44.56689,0
            9.95162,44.5666,0
            9.95125,44.56644,0
            9.95051,44.56627,0
            9.94945,44.56615,0
            9.949,44.56602,0
            9.94848,44.56577,0
            9.94815,44.5655,0
            9.94388,44.56071,0
            9.94388,44.5607,0
            9.94072,44.55719,0
            9.94062,44.55696,0
            9.94056,44.55668,0
            9.94056,44.55654,0
            9.9406,44.55629,0
            9.94087,44.55553,0
            9.94091,44.55529,0
            9.9409,44.55505,0
            9.94054,44.55375,0
            9.94051,44.5535,0
            9.94054,44.55327,0
            9.94061,44.55306,0
            9.94083,44.55272,0
            9.94083,44.55271,0
            9.94101,44.55254,0
            9.94957,44.54597,0
            9.94988,44.54558,0
            9.95006,44.54515,0
            9.95022,44.54245,0
            9.9501,44.54208,0
            9.94914,44.54069,0
            9.94898,44.54035,0
            9.94893,44.54012,0
            9.94894,44.53983,0
            9.94903,44.53951,0
            9.94913,44.53934,0
            9.94961,44.53871,0
            9.94972,44.53852,0
            9.94981,44.53822,0
            9.94982,44.53801,0
            9.94979,44.53776,0
            9.9497,44.53753,0
            9.94933,44.53686,0
            9.94926,44.53667,0
            9.94924,44.53653,0
            9.94929,44.53612,0
            9.94939,44.53583,0
            9.94967,44.5355,0
            9.94988,44.53535,0
            9.95034,44.53512,0
            9.95201,44.53473,0
            9.9525,44.5345,0
            9.95281,44.53428,0
            9.95295,44.53415,0
            9.95296,44.53413,0
            9.95298,44.53412,0
            9.95339,44.5336,0
            9.95339,44.53359,0
            9.95369,44.53321,0
            9.95406,44.53295,0
            9.95524,44.53236,0
            9.95554,44.53217,0
            9.95602,44.53174,0
            9.95621,44.53149,0
            9.9563,44.53132,0
            9.95642,44.53097,0
            9.9566,44.5298,0
            9.95665,44.52912,0
            9.95651,44.52751,0
            9.95618,44.52621,0
            9.95616,44.52581,0
            9.95633,44.52434,0
            9.9563,44.5239,0
            9.95623,44.52364,0
            9.95568,44.52255,0
            9.95563,44.52234,0
            9.9556,44.52202,0
            9.95561,44.52182,0
            9.95579,44.52131,0
            9.95596,44.52103,0
            9.95612,44.52084,0
            9.95637,44.52061,0
            9.95677,44.52036,0
            9.9572,44.52018,0
            9.95852,44.51977,0
            9.962,44.51777,0
            9.96201,44.51777,0
            9.9626,44.51742,0
            9.9631,44.51699,0
            9.96325,44.5168,0
            9.96339,44.51654,0
            9.96345,44.51634,0
            9.96349,44.51572,0
            9.96341,44.51535,0
            9.96328,44.51505,0
            9.96315,44.51483,0
            9.96289,44.51452,0
            9.96169,44.51345,0
            9.96077,44.51275,0
            9.95728,44.5098,0
            9.95615,44.50894,0
            9.95596,44.50883,0
            9.95532,44.50856,0
            9.95493,44.50844,0
            9.95418,44.50831,0
            9.95354,44.50829,0
            9.95178,44.50838,0
            9.95139,44.50834,0
            9.95096,44.50825,0
            9.95037,44.50805,0
            9.94983,44.50776,0
            9.94962,44.5076,0
            9.94929,44.50728,0
            9.9478,44.50512,0
            9.9477,44.50478,0
            9.9477,44.50457,0
            9.94772,44.50451,0
            9.94772,44.50447,0
            9.9478,44.50425,0
            9.94788,44.50411,0
            9.94823,44.50376,0
            9.94868,44.50349,0
            9.94904,44.50335,0
            9.94947,44.50326,0
            9.95199,44.50298,0
            9.95239,44.50286,0
            9.95278,44.50266,0
            9.95298,44.50252,0
            9.95317,44.50234,0
            9.95331,44.50215,0
            9.95331,44.50214,0
            9.95342,44.50196,0
            9.95351,44.50163,0
            9.95344,44.50112,0
            9.95333,44.50088,0
            9.95304,44.50053,0
            9.95277,44.50032,0
            9.95186,44.49979,0
            9.95173,44.49969,0
            9.95139,44.4993,0
            9.95126,44.49898,0
            9.95122,44.49865,0
            9.95126,44.49794,0
            9.95127,44.49792,0
            9.95127,44.49778,0
            9.95122,44.49751,0
            9.95106,44.49714,0
            9.94854,44.49424,0
            9.94854,44.49423,0
            9.94572,44.49104,0
            9.94526,44.49063,0
            9.93542,44.48297,0
            9.9351,44.48264,0
            9.93494,44.4824,0
            9.93479,44.48205,0
            9.93134,44.46344,0
            9.93128,44.46325,0
            9.93117,44.46261,0
            9.93095,44.46023,0
            9.9309,44.45714,0
            9.93096,44.45604,0
            9.93126,44.45337,0
            9.93127,44.45336,0
            9.93152,44.45177,0
            9.93153,44.45176,0
            9.9316,44.4514,0
            9.9316,44.45085,0
            9.93149,44.45033,0
            9.93148,44.45032,0
            9.93123,44.44967,0
            9.93097,44.44936,0
            9.93047,44.44887,0
            9.92973,44.44835,0
            9.91982,44.44332,0
            9.91935,44.44314,0
            9.91324,44.44013,0
            9.9128,44.43996,0
            9.91182,44.4397,0
            9.91071,44.43962,0
            9.90944,44.43977,0
            9.90217,44.4413,0
            9.90153,44.44138,0
            9.90031,44.44142,0
            9.89916,44.44131,0
            9.89807,44.4411,0
            9.89699,44.44076,0
            9.89649,44.44055,0
            9.89481,44.43966,0
            9.8948,44.43966,0
            9.89225,44.43827,0
            9.89223,44.43827,0
            9.88883,44.43641,0
            9.88882,44.43641,0
            9.88846,44.43617,0
            9.88803,44.4358,0
            9.88773,44.43545,0
            9.88743,44.43498,0
            9.88723,44.43456,0
            9.8871,44.43404,0
            9.88636,44.42867,0
            9.88533,44.4255,0
            9.88507,44.42505,0
            9.88473,44.42463,0
            9.88438,44.42431,0
            9.88337,44.42362,0
            9.88335,44.42362,0
            9.88261,44.42314,0
            9.8826,44.42314,0
            9.87394,44.41746,0
            9.87308,44.41668,0
            9.87268,44.41623,0
            9.86935,44.41141,0
            9.86521,44.40664,0
            9.85982,44.40079,0
            9.85804,44.39905,0
            9.85753,44.39866,0
            9.85753,44.39865,0
            9.8567,44.39796,0
            9.85645,44.39779,0
            9.85225,44.39436,0
            9.85224,44.39436,0
            9.85042,44.3929,0
            9.84957,44.39209,0
            9.84922,44.39169,0
            9.84896,44.39125,0
            9.84881,44.39085,0
            9.8487,44.39025,0
            9.8487,44.38971,0
            9.84972,44.38577,0
            9.84997,44.38523,0
            9.85305,44.38055,0
            9.85342,44.38012,0
            9.85414,44.3795,0
            9.85471,44.3791,0
            9.85525,44.3788,0
            9.86487,44.37422,0
            9.86547,44.37385,0
            9.86637,44.37312,0
            9.87623,44.36406,0
            9.87717,44.36342,0
            9.8954,44.3545,0
            9.89646,44.35379,0
            9.89685,44.35343,0
            9.90171,44.34784,0
            9.90171,44.34783,0
            9.90257,44.34679,0
            9.903,44.34617,0
            9.90342,44.34533,0
            9.90377,44.34432,0
            9.90378,44.34431,0
            9.90518,44.3398,0
            9.90519,44.33979,0
            9.90605,44.33713,0
            9.90816,44.33276,0
            9.90817,44.33276,0
            9.91021,44.32858,0
            9.91069,44.32787,0
            9.91116,44.32733,0
            9.91183,44.32672,0
            9.91184,44.32672,0
            9.91323,44.3257,0
            9.91324,44.3257,0
            9.91805,44.32234,0
            9.91806,44.32234,0
            9.92156,44.31988,0
            9.92257,44.31904,0
            9.92333,44.31825,0
            9.92367,44.31781,0
            9.9241,44.31713,0
            9.93076,44.30449,0
            9.93076,44.30447,0
            9.93485,44.29668,0
            9.93564,44.29559,0
            9.93614,44.29507,0
            9.94219,44.28982,0
            9.94285,44.2891,0
            9.94348,44.28815,0
            9.9445,44.28589,0
            9.94509,44.28503,0
            9.94798,44.28179,0
            9.94838,44.28122,0
            9.94867,44.28072,0
            9.95186,44.27379,0
            9.95203,44.27322,0
            9.95208,44.27283,0
            9.95208,44.2724,0
            9.95204,44.27206,0
            9.95191,44.27154,0
            9.95171,44.27106,0
            9.95063,44.26929,0
            9.95035,44.26875,0
            9.95023,44.26841,0
            9.95011,44.26787,0
            9.94924,44.25944,0
            9.94904,44.25874,0
            9.94882,44.25824,0
            9.94834,44.25752,0
            9.94372,44.25236,0
            9.94352,44.25204,0
            9.94321,44.25132,0
            9.94312,44.25095,0
            9.94306,44.2504,0
            9.94312,44.24973,0
            9.94327,44.2492,0
            9.94343,44.24881,0
            9.94377,44.24825,0
            9.94406,44.24788,0
            9.94461,44.24736,0
            9.95126,44.24253,0
            9.95156,44.24225,0
            9.95199,44.24172,0
            9.95229,44.24124,0
            9.95251,44.24072,0
            9.95265,44.2401,0
            9.95266,44.23952,0
            9.95263,44.23919,0
            9.95255,44.23881,0
            9.95233,44.23823,0
            9.95107,44.23612,0
            9.95085,44.2356,0
            9.95069,44.23497,0
            9.95064,44.23441,0
            9.95063,44.23441,0
            9.9507,44.23213,0
            9.95071,44.2321,0
            9.95081,44.22937,0
            9.95089,44.22884,0
            9.95106,44.22829,0
            9.95146,44.2275,0
            9.95178,44.22706,0
            9.95178,44.22705,0
            9.95194,44.22687,0
            9.95194,44.22686,0
            9.9524,44.22638,0
            9.95519,44.22404,0
            9.95523,44.22402,0
            9.95616,44.22322,0
            9.95617,44.22322,0
            9.95652,44.22285,0
            9.95693,44.22232,0
            9.96074,44.21619,0
            9.96074,44.21618,0
            9.9623,44.21364,0
            9.96256,44.21308,0
            9.96274,44.21253,0
            9.96317,44.20983,0
            9.9632,44.20912,0
            9.96298,44.20794,0
            9.96259,44.20701,0
            9.95979,44.20292,0
            9.9593,44.20245,0
            9.95891,44.20217,0
            9.95791,44.20168,0
            9.95708,44.20143,0
            9.95256,44.20069,0
            9.95161,44.2004,0
            9.9511,44.20017,0
            9.95066,44.19991,0
            9.95065,44.19991,0
            9.95014,44.19953,0
            9.94818,44.19762,0
            9.9477,44.19724,0
            9.94697,44.19675,0
            9.94501,44.19573,0
            9.94492,44.1957,0
            9.94222,44.1943,0
            9.93335,44.18817,0
            9.93209,44.18751,0
            9.9317,44.18736,0
            9.93169,44.18735,0
            9.93098,44.18709,0
            9.92654,44.18593,0
            9.92595,44.18572,0
            9.92519,44.18534,0
            9.92482,44.18509,0
            9.92423,44.18457,0
            9.92401,44.18431,0
            9.92365,44.18376,0
            9.92328,44.18286,0
            9.92325,44.18282,0
            9.92325,44.18276,0
            9.92198,44.17875,0
            9.92195,44.17857,0
            9.92065,44.17476,0
            9.92064,44.17476,0
            9.92059,44.1746,0
            9.92058,44.17459,0
            9.9204,44.17403,0
            9.91996,44.17324,0
            9.91948,44.1726,0
            9.91948,44.17259,0
            9.91514,44.16691,0
            9.91455,44.16633,0
            9.91388,44.16578,0
            9.91387,44.16578,0
            9.9084,44.16243,0
            9.9078,44.16196,0
            9.90688,44.16104,0
            9.9065,44.16055,0
            9.9061,44.1599,0
            9.90514,44.15796,0
            9.90505,44.15793,0
            9.90505,44.15792,0
            9.90504,44.15792,0
            9.90461,44.15734,0
            9.90461,44.15733,0
            9.90416,44.1569,0
            9.90403,44.15684,0
            9.9036,44.15656,0
            9.9029,44.15622,0
            9.90201,44.15593,0
            9.90104,44.15579,0
            9.90036,44.15581,0
            9.89961,44.15595,0
            9.8993,44.15605,0
            9.89842,44.15646,0
            9.8984,44.15646,0
            9.89817,44.15657,0
            9.89807,44.15655,0
            9.8971,44.15702,0
            9.89708,44.15702,0
            9.88562,44.16146,0
            9.88256,44.16283,0
            9.88047,44.16396,0
            9.87822,44.16536,0
            9.87664,44.1665,0
            9.87441,44.16837,0
            9.87331,44.16943,0
            9.87208,44.17076,0
            9.8707,44.1725,0
            9.86386,44.18217,0
            9.86333,44.1831,0
            9.86023,44.18999,0
            9.86023,44.19001,0
            9.8577,44.19561,0
            9.85718,44.19633,0
            9.85649,44.19698,0
            9.85578,44.19747,0
            9.85485,44.19793,0
            9.85423,44.19815,0
            9.85342,44.19836,0
            9.85267,44.19849,0
            9.84171,44.19973,0
            9.83903,44.19976,0
            9.81393,44.19824,0
            9.81311,44.19831,0
            9.81206,44.19852,0
            9.81118,44.19882,0
            9.80972,44.19952,0
            9.8097,44.19954,0
            9.79939,44.20464,0
            9.79852,44.20499,0
            9.79742,44.20527,0
            9.79647,44.20539,0
            9.78463,44.20583,0
            9.78285,44.20599,0
            9.77978,44.20653,0
            9.77896,44.20674,0
            9.77672,44.20747,0
            9.7747,44.20834,0
            9.77301,44.20928,0
            9.76498,44.2146,0
            9.76497,44.2146,0
            9.75662,44.22015,0
            9.75661,44.22015,0
            9.75372,44.22263,0
            9.75276,44.22327,0
            9.75197,44.22366,0
            9.75091,44.22404,0
            9.75,44.22426,0
            9.74549,44.22506,0
            9.74464,44.22512,0
            9.74337,44.22506,0
            9.74247,44.22491,0
            9.73921,44.22414,0
            9.73829,44.22399,0
            9.73763,44.22394,0
            9.73673,44.22395,0
            9.7354,44.22414,0
            9.73441,44.22442,0
            9.73356,44.22479,0
            9.71551,44.23501,0
            9.71451,44.23546,0
            9.71325,44.23591,0
            9.71184,44.2363,0
            9.70392,44.23771,0
            9.70247,44.23788,0
            9.70127,44.2379,0
            9.69795,44.23757,0
            9.69728,44.23757,0
            9.69612,44.23769,0
            9.69527,44.23789,0
            9.69433,44.23822,0
            9.69356,44.23862,0
            9.69356,44.23863,0
            9.69168,44.24002,0
            9.69084,44.2405,0
            9.69007,44.2408,0
            9.68858,44.24116,0
            9.68764,44.24126,0
            9.68762,44.24127,0
            9.68681,44.2413,0
            9.68613,44.24127,0
            9.68041,44.24024,0
            9.67578,44.23899,0
            9.67413,44.23867,0
            9.67255,44.23855,0
            9.66991,44.23866,0
            9.66751,44.2385,0
            9.6665,44.23828,0
            9.66548,44.23797,0
            9.66203,44.23662,0
            9.65993,44.23604,0
            9.65818,44.23574,0
            9.65612,44.23559,0
            9.65481,44.2356,0
            9.65356,44.23569,0
            9.65111,44.23604,0
            9.65106,44.23609,0
            9.65072,44.23616,0
            9.65066,44.2362,0
            9.65065,44.2362,0
            9.65063,44.23622,0
            9.6506,44.23623,0
            9.65051,44.23635,0
            9.65049,44.23651,0
            9.65052,44.23662,0
            9.6506,44.23671,0
            9.65066,44.23675,0
            9.65067,44.23675,0
            9.65073,44.23679,0
            9.65087,44.23683,0
            9.65098,44.23684,0
            9.65116,44.23682,0
            9.65133,44.23674,0
            9.65135,44.23672,0
            9.65136,44.23672,0
            9.65179,44.23635,0
            9.65206,44.23621,0
            9.65249,44.23606,0
            9.65252,44.23606,0
            9.65254,44.23605,0
            9.65398,44.23588,0
            9.65415,44.23592,0
            9.65603,44.23698,0
            9.65617,44.2371,0
            9.65622,44.23717,0
            9.65625,44.23727,0
            9.65622,44.2374,0
            9.65612,44.23752,0
            9.65601,44.23758,0
            9.65581,44.23763,0
            9.6557,44.23763,0
            9.65557,44.2376,0
            9.65536,44.23751,0
            9.65434,44.23688,0
            9.65422,44.23676,0
            9.65401,44.23642,0
            9.65396,44.23637,0
            9.65384,44.2363,0
            9.65382,44.2363,0
            9.65372,44.23626,0
            9.65352,44.23625,0
            9.65322,44.23632,0
            9.65269,44.23657,0
            9.65255,44.23666,0
            9.65242,44.23678,0
            9.65233,44.23693,0
            9.65215,44.23781,0
            9.65207,44.23801,0
            9.65193,44.23815,0
            9.65175,44.23827,0
            9.65146,44.23836,0
            9.65119,44.23838,0
            9.6508,44.23831,0
            9.6489,44.23778,0
            9.64881,44.23777,0
            9.64858,44.23779,0
            9.64853,44.23781,0
            9.64853,44.23782,0
            9.64851,44.23782,0
            9.64842,44.23789,0
            9.64834,44.23799,0
            9.64837,44.23814,0
            9.64827,44.23829,0
            9.64699,44.23806,0
            9.64601,44.23769,0
            9.64521,44.23731,0
            9.64481,44.23723,0
            9.6448,44.23722,0
            9.64445,44.23723,0
            9.644,44.23737,0
            9.64287,44.23796,0
            9.64261,44.23804,0
            9.64199,44.23813,0
            9.64131,44.23811,0
            9.64105,44.23807,0
            9.64063,44.23789,0
            9.64047,44.23776,0
            9.64039,44.23766,0
            9.64039,44.23765,0
            9.64032,44.23755,0
            9.63963,44.23593,0
            9.63892,44.23492,0
            9.63888,44.23479,0
            9.63886,44.23456,0
            9.63889,44.23427,0
            9.63942,44.23214,0
            9.63939,44.23187,0
            9.63927,44.23164,0
            9.63911,44.23147,0
            9.63726,44.23012,0
            9.63652,44.22951,0
            9.63569,44.22861,0
            9.63513,44.22823,0
            9.63183,44.22687,0
            9.63181,44.22687,0
            9.63143,44.22665,0
            9.63121,44.22646,0
            9.63099,44.2262,0
            9.63066,44.22554,0
            9.63027,44.22512,0
            9.6298,44.22481,0
            9.62936,44.22445,0
            9.62918,44.22415,0
            9.62914,44.22397,0
            9.62904,44.22086,0
            9.62887,44.22043,0
            9.62844,44.21963,0
            9.62824,44.21912,0
            9.62823,44.21898,0
            9.62826,44.21882,0
            9.62836,44.21864,0
            9.62839,44.21862,0
            9.62845,44.21851,0
            9.62899,44.21807,0
            9.62913,44.2179,0
            9.62922,44.2177,0
            9.62925,44.2175,0
            9.62924,44.21738,0
            9.62923,44.21737,0
            9.62917,44.2172,0
            9.62906,44.21704,0
            9.62896,44.21694,0
            9.62824,44.21655,0
            9.62812,44.21646,0
            9.62811,44.21646,0
            9.6281,44.21644,0
            9.62797,44.21634,0
            9.62796,44.21632,0
            9.62795,44.21632,0
            9.6278,44.21612,0
            9.62774,44.21598,0
            9.62752,44.21511,0
            9.62751,44.2151,0
            9.62748,44.21501,0
            9.62735,44.21483,0
            9.62715,44.21465,0
            9.62714,44.21465,0
            9.62584,44.21382,0
            9.62584,44.21381,0
            9.62583,44.21381,0
            9.6252,44.21332,0
            9.6235,44.21175,0
            9.62327,44.21139,0
            9.62317,44.2111,0
            9.62265,44.20201,0
            9.62264,44.20199,0
            9.62263,44.20168,0
            9.62266,44.20148,0
            9.62274,44.20121,0
            9.62285,44.20099,0
            9.62315,44.20061,0
            9.6254,44.1986,0
            9.62689,44.19777,0
            9.62696,44.19771,0
            9.62724,44.19763,0
            9.62733,44.19763,0
            9.62735,44.19762,0
            9.62834,44.19762,0
            9.62846,44.1976,0
            9.62861,44.19751,0
            9.62865,44.19745,0
            9.62867,44.19733,0
            9.6285,44.19697,0
            9.62845,44.19673,0
            9.62844,44.19672,0
            9.62833,44.19593,0
            9.62826,44.19581,0
            9.62786,44.19544,0
            9.62748,44.19516,0
            9.6274,44.19504,0
            9.62738,44.19497,0
            9.62738,44.19489,0
            9.6274,44.19482,0
            9.62742,44.1948,0
            9.62769,44.1943,0
            9.62769,44.19429,0
            9.62779,44.19415,0
            9.62836,44.19385,0
            9.62852,44.19371,0
            9.62855,44.19364,0
            9.62856,44.19364,0
            9.62857,44.19359,0
            9.62855,44.19353,0
            9.62846,44.19339,0
            9.62838,44.19331,0
            9.62834,44.1932,0
            9.62834,44.19315,0
            9.62835,44.19314,0
            9.62866,44.19233,0
            9.62869,44.19216,0
            9.62866,44.19201,0
            9.62854,44.19185,0
            9.6282,44.19159,0
            9.62819,44.19152,0
            9.62818,44.19151,0
            9.62819,44.19144,0
            9.62822,44.1914,0
            9.62844,44.19122,0
            9.62853,44.19111,0
            9.62854,44.19104,0
            9.62852,44.19097,0
            9.62849,44.19093,0
            9.62797,44.19058,0
            9.6279,44.1905,0
            9.62787,44.19038,0
            9.62798,44.19013,0
            9.62798,44.19005,0
            9.62796,44.18999,0
            9.62775,44.18976,0
            9.62766,44.18948,0
            9.62759,44.18936,0
            9.62714,44.18893,0
            9.62701,44.18871,0
            9.62687,44.18858,0
            9.62651,44.18837,0
            9.6264,44.18825,0
            9.62617,44.18769,0
            9.62574,44.1873,0
            9.62534,44.18713,0
            9.62519,44.187,0
            9.62504,44.18667,0
            9.62489,44.18654,0
            9.6246,44.18644,0
            9.62436,44.18632,0
            9.62436,44.18631,0
            9.62408,44.18614,0
            9.62395,44.18611,0
            9.62381,44.18612,0
            9.62374,44.18615,0
            9.62372,44.18617,0
            9.6237,44.18623,0
            9.62374,44.18631,0
            9.62386,44.18638,0
            9.62398,44.1864,0
            9.62399,44.18641,0
            9.62422,44.18646,0
            9.62455,44.18658,0
            9.62469,44.18671,0
            9.62474,44.18683,0
            9.62473,44.18696,0
            9.62465,44.18725,0
            9.62466,44.1874,0
            9.6247,44.18748,0
            9.62489,44.18763,0
            9.62513,44.18774,0
            9.62521,44.1878,0
            9.62524,44.18781,0
            9.62531,44.1879,0
            9.62535,44.18799,0
            9.62536,44.18809,0
            9.62521,44.18848,0
            9.6252,44.1886,0
            9.62524,44.1887,0
            9.62533,44.18882,0
            9.62545,44.1889,0
            9.62557,44.18895,0
            9.62563,44.18896,0
            9.62564,44.18897,0
            9.62575,44.18899,0
            9.62575,44.189,0
            9.62589,44.18904,0
            9.62602,44.18912,0
            9.6261,44.1892,0
            9.62616,44.1893,0
            9.62616,44.18932,0
            9.62617,44.18933,0
            9.62618,44.1894,0
            9.62612,44.19012,0
            9.62613,44.19112,0
            9.62609,44.19151,0
            9.62613,44.19174,0
            9.6261,44.19183,0
            9.62603,44.19188,0
            9.62601,44.19188,0
            9.62601,44.19189,0
            9.62593,44.19188,0
            9.62587,44.19183,0
            9.62584,44.19177,0
            9.62584,44.19172,0
            9.62591,44.19142,0
            9.6258,44.19041,0
            9.62561,44.18978,0
            9.62553,44.1896,0
            9.62542,44.18949,0
            9.62542,44.18948,0
            9.62485,44.18918,0
            9.62412,44.18849,0
            9.62327,44.18796,0
            9.62308,44.18787,0
            9.62284,44.1878,0
            9.6228,44.1878,0
            9.62278,44.18779,0
            9.62244,44.18778,0
            9.62223,44.18773,0
            9.62208,44.18763,0
            9.622,44.18755,0
            9.62186,44.18728,0
            9.62142,44.18688,0
            9.62129,44.18668,0
            9.62126,44.18658,0
            9.62125,44.18657,0
            9.62122,44.1864,0
            9.62132,44.18547,0
            9.62129,44.18533,0
            9.62085,44.18473,0
            9.62078,44.18448,0
            9.62073,44.18352,0
            9.6208,44.18334,0
            9.62103,44.183,0
            9.62164,44.18251,0
            9.62174,44.1824,0
            9.62184,44.18222,0
            9.62187,44.18213,0
            9.62208,44.18067,0
            9.62215,44.18052,0
            9.62243,44.18024,0
            9.62286,44.1799,0
            9.62287,44.17986,0
            9.62288,44.17986,0
            9.62288,44.17979,0
            9.62286,44.17979,0
            9.62286,44.17978,0
            9.62285,44.17978,0
            9.62285,44.17977,0
            9.62284,44.17977,0
            9.62284,44.17976,0
            9.62283,44.17976,0
            9.62283,44.17974,0
            9.62282,44.17974,0
            9.62282,44.17971,0
            9.62283,44.17971,0
            9.62283,44.17969,0
            9.62284,44.17969,0
            9.62284,44.17968,0
            9.62285,44.17967,0
            9.62286,44.17967,0
            9.62286,44.17966,0
            9.62288,44.17966,0
            9.62288,44.17965,0
            9.62293,44.17965,0
            9.62289,44.17957,0
            9.62269,44.17885,0
            9.62261,44.17872,0
            9.62252,44.17862,0
            9.62251,44.17862,0
            9.6205,44.17688,0
            9.61941,44.17583,0
            9.61921,44.17557,0
            9.61919,44.17557,0
            9.61919,44.17556,0
            9.61917,44.17556,0
            9.61917,44.17555,0
            9.61916,44.17555,0
            9.61916,44.17554,0
            9.61915,44.17554,0
            9.61915,44.17549,0
            9.6191,44.17539,0
            9.61784,44.17426,0
            9.61784,44.17425,0
            9.61767,44.1741,0
            9.61707,44.17381,0
            9.61678,44.17373,0
            9.61608,44.17365,0
            9.61489,44.1733,0
            9.61475,44.17323,0
            9.61474,44.17321,0
            9.61473,44.17334,0
            9.61501,44.1739,0
            9.61512,44.17404,0
            9.61516,44.17406,0
            9.61524,44.17407,0
            9.61524,44.17406,0
            9.61538,44.17404,0
            9.61545,44.174,0
            9.61547,44.174,0
            9.61562,44.17392,0
            9.61589,44.17383,0
            9.61594,44.1738,0
            9.61594,44.17377,0
            9.61593,44.17375,0
            9.61589,44.17372,0
            9.61569,44.17374,0
            9.61536,44.17391,0
            9.61524,44.17406,0
            9.61524,44.17407,0
            9.61516,44.17406,0
            9.61512,44.17404,0
            9.61501,44.1739,0
            9.61473,44.17334,0
            9.61474,44.17321,0
            9.61475,44.17323,0
            9.61489,44.1733,0
            9.61608,44.17365,0
            9.61678,44.17373,0
            9.61707,44.17381,0
            9.61767,44.1741,0
            9.61784,44.17425,0
            9.61784,44.17426,0
            9.6191,44.17539,0
            9.61915,44.1754,0
            9.61922,44.17546,0
            9.61924,44.17546,0
            9.61924,44.17547,0
            9.61927,44.17547,0
            9.61927,44.17548,0
            9.61928,44.17548,0
            9.61928,44.17549,0
            9.61929,44.17549,0
            9.61929,44.1755,0
            9.6193,44.1755,0
            9.6193,44.17553,0
            9.61929,44.17553,0
            9.61949,44.17579,0
            9.61958,44.17597,0
            9.6205,44.17688,0
            9.62251,44.17862,0
            9.62252,44.17862,0
            9.62261,44.17872,0
            9.62269,44.17885,0
            9.62289,44.17957,0
            9.62293,44.17965,0
            9.62299,44.17965,0
            9.62299,44.17966,0
            9.62301,44.17966,0
            9.62301,44.17967,0
            9.62302,44.17967,0
            9.62302,44.17968,0
            9.62303,44.17968,0
            9.62303,44.17969,0
            9.62304,44.17969,0
            9.62304,44.17976,0
            9.62303,44.17976,0
            9.62303,44.17977,0
            9.62302,44.17977,0
            9.62302,44.17978,0
            9.62301,44.17978,0
            9.623,44.17979,0
            9.62299,44.17979,0
            9.62299,44.1798,0
            9.62288,44.1798,0
            9.62288,44.17979,0
            9.62288,44.17986,0
            9.62287,44.17986,0
            9.62286,44.1799,0
            9.62243,44.18024,0
            9.62215,44.18052,0
            9.62208,44.18067,0
            9.62187,44.18213,0
            9.62184,44.18222,0
            9.62174,44.1824,0
            9.62164,44.18251,0
            9.62103,44.183,0
            9.6208,44.18334,0
            9.62073,44.18352,0
            9.62078,44.18448,0
            9.62085,44.18473,0
            9.62129,44.18533,0
            9.62132,44.18547,0
            9.62122,44.1864,0
            9.62125,44.18657,0
            9.62126,44.18658,0
            9.62129,44.18668,0
            9.62142,44.18688,0
            9.62186,44.18728,0
            9.622,44.18755,0
            9.62208,44.18763,0
            9.62223,44.18773,0
            9.62244,44.18778,0
            9.62278,44.18779,0
            9.6228,44.1878,0
            9.62284,44.1878,0
            9.62308,44.18787,0
            9.62327,44.18796,0
            9.62412,44.18849,0
            9.62485,44.18918,0
            9.62542,44.18948,0
            9.62542,44.18949,0
            9.62553,44.1896,0
            9.62561,44.18978,0
            9.6258,44.19041,0
            9.62591,44.19142,0
            9.62584,44.19172,0
            9.62584,44.19177,0
            9.62587,44.19183,0
            9.62593,44.19188,0
            9.62601,44.19189,0
            9.62601,44.19188,0
            9.62603,44.19188,0
            9.6261,44.19183,0
            9.62613,44.19174,0
            9.62609,44.19151,0
            9.62613,44.19112,0
            9.62612,44.19012,0
            9.62618,44.1894,0
            9.62617,44.18933,0
            9.62616,44.18932,0
            9.62616,44.1893,0
            9.6261,44.1892,0
            9.62602,44.18912,0
            9.62589,44.18904,0
            9.62575,44.189,0
            9.62575,44.18899,0
            9.62564,44.18897,0
            9.62563,44.18896,0
            9.62557,44.18895,0
            9.62545,44.1889,0
            9.62533,44.18882,0
            9.62524,44.1887,0
            9.6252,44.1886,0
            9.62521,44.18848,0
            9.62536,44.18809,0
            9.62535,44.18799,0
            9.62531,44.1879,0
            9.62524,44.18781,0
            9.62521,44.1878,0
            9.62513,44.18774,0
            9.62489,44.18763,0
            9.6247,44.18748,0
            9.62466,44.1874,0
            9.62465,44.18725,0
            9.62473,44.18696,0
            9.62474,44.18683,0
            9.62469,44.18671,0
            9.62455,44.18658,0
            9.62422,44.18646,0
            9.62399,44.18641,0
            9.62398,44.1864,0
            9.62386,44.18638,0
            9.62374,44.18631,0
            9.6237,44.18623,0
            9.62372,44.18617,0
            9.62374,44.18615,0
            9.62381,44.18612,0
            9.62395,44.18611,0
            9.62408,44.18614,0
            9.62436,44.18631,0
            9.62436,44.18632,0
            9.6246,44.18644,0
            9.62489,44.18654,0
            9.62504,44.18667,0
            9.62519,44.187,0
            9.62534,44.18713,0
            9.62574,44.1873,0
            9.62617,44.18769,0
            9.6264,44.18825,0
            9.62651,44.18837,0
            9.62687,44.18858,0
            9.62701,44.18871,0
            9.62714,44.18893,0
            9.62759,44.18936,0
            9.62766,44.18948,0
            9.62775,44.18976,0
            9.62796,44.18999,0
            9.62798,44.19005,0
            9.62798,44.19013,0
            9.62787,44.19038,0
            9.6279,44.1905,0
            9.62797,44.19058,0
            9.62849,44.19093,0
            9.62852,44.19097,0
            9.62854,44.19104,0
            9.62853,44.19111,0
            9.62844,44.19122,0
            9.62822,44.1914,0
            9.62819,44.19144,0
            9.62818,44.19151,0
            9.62819,44.19152,0
            9.6282,44.19159,0
            9.62854,44.19185,0
            9.62866,44.19201,0
            9.62869,44.19216,0
            9.62866,44.19233,0
            9.62835,44.19314,0
            9.62834,44.19315,0
            9.62834,44.1932,0
            9.62838,44.19331,0
            9.62846,44.19339,0
            9.62855,44.19353,0
            9.62857,44.19359,0
            9.62856,44.19364,0
            9.62855,44.19364,0
            9.62852,44.19371,0
            9.62836,44.19385,0
            9.62779,44.19415,0
            9.62769,44.19429,0
            9.62769,44.1943,0
            9.62742,44.1948,0
            9.6274,44.19482,0
            9.62738,44.19489,0
            9.62738,44.19497,0
            9.6274,44.19504,0
            9.62748,44.19516,0
            9.62786,44.19544,0
            9.62826,44.19581,0
            9.62833,44.19593,0
            9.62844,44.19672,0
            9.62845,44.19673,0
            9.6285,44.19697,0
            9.62867,44.19733,0
            9.62865,44.19745,0
            9.62861,44.19751,0
            9.62846,44.1976,0
            9.62834,44.19762,0
            9.62735,44.19762,0
            9.62733,44.19763,0
            9.62724,44.19763,0
            9.62696,44.19771,0
            9.62689,44.19777,0
            9.6254,44.1986,0
            9.62315,44.20061,0
            9.62285,44.20099,0
            9.62274,44.20121,0
            9.62266,44.20148,0
            9.62263,44.20168,0
            9.62264,44.20199,0
            9.62265,44.20201,0
            9.62317,44.2111,0
            9.62327,44.21139,0
            9.6235,44.21175,0
            9.6252,44.21332,0
            9.62583,44.21381,0
            9.62584,44.21381,0
            9.62584,44.21382,0
            9.62714,44.21465,0
            9.62715,44.21465,0
            9.62735,44.21483,0
            9.62748,44.21501,0
            9.62751,44.2151,0
            9.62752,44.21511,0
            9.62774,44.21598,0
            9.6278,44.21612,0
            9.62795,44.21632,0
            9.62796,44.21632,0
            9.62797,44.21634,0
            9.6281,44.21644,0
            9.62811,44.21646,0
            9.62812,44.21646,0
            9.62824,44.21655,0
            9.62896,44.21694,0
            9.62906,44.21704,0
            9.62917,44.2172,0
            9.62923,44.21737,0
            9.62924,44.21738,0
            9.62925,44.2175,0
            9.62922,44.2177,0
            9.62913,44.2179,0
            9.62899,44.21807,0
            9.62845,44.21851,0
            9.62839,44.21862,0
            9.62836,44.21864,0
            9.62826,44.21882,0
            9.62823,44.21898,0
            9.62824,44.21912,0
            9.62844,44.21963,0
            9.62887,44.22043,0
            9.62904,44.22086,0
            9.62914,44.22397,0
            9.62918,44.22415,0
            9.62936,44.22445,0
            9.6298,44.22481,0
            9.63027,44.22512,0
            9.63066,44.22554,0
            9.63099,44.2262,0
            9.63121,44.22646,0
            9.63143,44.22665,0
            9.63181,44.22687,0
            9.63183,44.22687,0
            9.63513,44.22823,0
            9.63569,44.22861,0
            9.63652,44.22951,0
            9.63726,44.23012,0
            9.63911,44.23147,0
            9.63927,44.23164,0
            9.63939,44.23187,0
            9.63942,44.23214,0
            9.63889,44.23427,0
            9.63886,44.23456,0
            9.63888,44.23479,0
            9.63892,44.23492,0
            9.63963,44.23593,0
            9.64032,44.23755,0
            9.64039,44.23765,0
            9.64039,44.23766,0
            9.64047,44.23776,0
            9.64063,44.23789,0
            9.64105,44.23807,0
            9.64131,44.23811,0
            9.64199,44.23813,0
            9.64261,44.23804,0
            9.64287,44.23796,0
            9.644,44.23737,0
            9.64445,44.23723,0
            9.6448,44.23722,0
            9.64481,44.23723,0
            9.64521,44.23731,0
            9.64601,44.23769,0
            9.64699,44.23806,0
            9.64784,44.23823,0
            9.64808,44.23818,0
            9.64821,44.23813,0
            9.64842,44.23789,0
            9.64851,44.23782,0
            9.64853,44.23782,0
            9.64853,44.23781,0
            9.64858,44.23779,0
            9.64881,44.23777,0
            9.6489,44.23778,0
            9.6508,44.23831,0
            9.65119,44.23838,0
            9.65146,44.23836,0
            9.65175,44.23827,0
            9.65193,44.23815,0
            9.65207,44.23801,0
            9.65215,44.23781,0
            9.65233,44.23693,0
            9.65242,44.23678,0
            9.65255,44.23666,0
            9.65269,44.23657,0
            9.65322,44.23632,0
            9.65352,44.23625,0
            9.65372,44.23626,0
            9.65382,44.2363,0
            9.65384,44.2363,0
            9.65396,44.23637,0
            9.65401,44.23642,0
            9.65422,44.23676,0
            9.65434,44.23688,0
            9.65536,44.23751,0
            9.65557,44.2376,0
            9.6557,44.23763,0
            9.65581,44.23763,0
            9.65601,44.23758,0
            9.65612,44.23752,0
            9.65622,44.2374,0
            9.65625,44.23727,0
            9.65622,44.23717,0
            9.65617,44.2371,0
            9.65612,44.23706,0
            9.65584,44.23697,0
            9.65531,44.23693,0
            9.65509,44.23687,0
            9.65508,44.23686,0
            9.65504,44.23685,0
            9.65486,44.2367,0
            9.65477,44.23656,0
            9.65456,44.23565,0
            9.65445,44.23549,0
            9.65428,44.23536,0
            9.65402,44.23524,0
            9.65383,44.23519,0
            9.65362,44.23517,0
            9.65245,44.23535,0
            9.65219,44.23534,0
            9.65191,44.23528,0
            9.65168,44.23518,0
            9.65152,44.23515,0
            9.6513,44.23517,0
            9.65117,44.23523,0
            9.65114,44.23526,0
            9.6511,44.23528,0
            9.65104,44.23535,0
            9.65103,44.23549,0
            9.65105,44.23557,0
            9.65116,44.23569,0
            9.6512,44.23571,0
            9.65123,44.23574,0
            9.65125,44.23574,0
            9.65139,44.2358,0
            9.65146,44.23581,0
            9.65311,44.23559,0
            9.65312,44.23558,0
            9.65322,44.23563,0
            9.65465,44.23543,0
            9.656,44.23535,0
            9.65682,44.23536,0
            9.65825,44.23548,0
            9.65947,44.23569,0
            9.66065,44.236,0
            9.66182,44.23641,0
            9.66458,44.23754,0
            9.66564,44.2379,0
            9.66714,44.23824,0
            9.66913,44.23843,0
            9.67267,44.23832,0
            9.67385,44.23839,0
            9.67614,44.23882,0
            9.68043,44.24013,0
            9.68293,44.24063,0
            9.68293,44.24064,0
            9.68395,44.24083,0
            9.68526,44.24099,0
            9.68636,44.24102,0
            9.68797,44.24076,0
            9.689,44.24042,0
            9.69384,44.23797,0
            9.69456,44.23766,0
            9.69557,44.23737,0
            9.69664,44.23721,0
            9.69749,44.23718,0
            9.69897,44.23725,0
            9.70139,44.23749,0
            9.70267,44.23753,0
            9.70369,44.23749,0
            9.70527,44.23729,0
            9.71196,44.23608,0
            9.71308,44.2358,0
            9.71523,44.23501,0
            9.71604,44.23463,0
            9.73363,44.22466,0
            9.73473,44.22423,0
            9.73573,44.22399,0
            9.73666,44.22388,0
            9.7375,44.22386,0
            9.73869,44.22396,0
            9.74182,44.22467,0
            9.74183,44.22468,0
            9.74267,44.22487,0
            9.74361,44.22501,0
            9.7447,44.22504,0
            9.74556,44.22497,0
            9.75038,44.22409,0
            9.75127,44.22384,0
            9.7518,44.22364,0
            9.75302,44.223,0
            9.7535,44.22267,0
            9.75695,44.21968,0
            9.76469,44.21452,0
            9.7647,44.21452,0
            9.7647,44.21451,0
            9.77318,44.20886,0
            9.77473,44.20797,0
            9.77671,44.20708,0
            9.77871,44.20646,0
            9.78151,44.20595,0
            9.78294,44.20581,0
            9.79662,44.2053,0
            9.79765,44.20514,0
            9.79893,44.20475,0
            9.81036,44.1991,0
            9.81164,44.19856,0
            9.81295,44.19825,0
            9.81382,44.19816,0
            9.81474,44.19816,0
            9.83945,44.19969,0
            9.84197,44.19963,0
            9.84933,44.19881,0
            9.84934,44.1988,0
            9.8531,44.19834,0
            9.85383,44.19818,0
            9.85456,44.19795,0
            9.85546,44.19755,0
            9.85629,44.19702,0
            9.85677,44.19661,0
            9.85711,44.19626,0
            9.85749,44.19575,0
            9.85773,44.19533,0
            9.85854,44.19353,0
            9.85854,44.19351,0
            9.85856,44.19348,0
            9.85857,44.19344,0
            9.85858,44.19344,0
            9.86326,44.18301,0
            9.86392,44.18187,0
            9.87049,44.17262,0
            9.87211,44.17058,0
            9.87326,44.16934,0
            9.8745,44.16816,0
            9.87655,44.16645,0
            9.87656,44.16645,0
            9.87917,44.16463,0
            9.88227,44.16288,0
            9.88467,44.16177,0
            9.88467,44.16176,0
            9.89678,44.15706,0
            9.89897,44.15599,0
            9.90088,44.15477,0
            9.90195,44.15393,0
            9.90329,44.15265,0
            9.91182,44.14179,0
            9.91274,44.14073,0
            9.91417,44.13935,0
            9.91576,44.13807,0
            9.91576,44.13806,0
            9.93347,44.12428,0
            9.93478,44.1231,0
            9.93545,44.12242,0
            9.93647,44.12121,0
            9.93755,44.11962,0
            9.94146,44.11296,0
            9.94148,44.1129,0
            9.94519,44.10669,0
            9.9452,44.10669,0
            9.94531,44.10653,0
            9.94532,44.10653,0
            9.94574,44.10596,0
            9.94628,44.10537,0
            9.94628,44.10536,0
            9.94726,44.10439,0
            9.94796,44.10379,0
            9.94902,44.10301,0
            9.95064,44.10203,0
            9.96286,44.09594,0
            9.96542,44.09433,0
            9.96689,44.09329,0
            9.96923,44.09131,0
            9.97089,44.08964,0
            9.97199,44.08836,0
            9.97882,44.07969,0
            9.97934,44.0791,0
            9.98123,44.07732,0
            9.9829,44.07606,0
            10.00763,44.06101,0
            10.00993,44.05985,0
            10.01135,44.05926,0
            10.01335,44.05857,0
            10.02557,44.05501,0
            10.02558,44.055,0
            10.0328,44.05289,0
            10.03525,44.05197,0
            10.03666,44.05131,0
            10.05128,44.04355,0
            10.07035,44.03508,0
            10.07216,44.03448,0
            10.07347,44.03414,0
            10.07511,44.03383,0
            10.0816,44.03289,0
            10.0826,44.03267,0
            10.08493,44.03198,0
            10.08735,44.03095,0
            10.08907,44.02997,0
            10.09887,44.02366,0
            10.09888,44.02366,0
            10.10021,44.02298,0
            10.10118,44.02257,0
            10.10292,44.02196,0
            10.10408,44.02164,0
            10.11105,44.0201,0
            10.11271,44.01964,0
            10.11493,44.0188,0
            10.12757,44.01245,0
            10.1287,44.01178,0
            10.13296,44.00887,0
            10.1332,44.00867,0
            10.14014,44.00389,0
            10.14014,44.00388,0
            10.14309,44.00183,0
            10.14377,44.00127,0
            10.14382,44.00125,0
            10.14481,44.00032,0
            10.1455,43.99956,0
            10.14601,43.99891,0
            10.14924,43.99395,0
            10.14985,43.99312,0
            10.15078,43.99209,0
            10.15174,43.9912,0
            10.15271,43.99043,0
            10.1565,43.9878,0
            10.15651,43.9878,0
            10.17506,43.97501,0
            10.18415,43.96976,0
            10.18585,43.96858,0
            10.187,43.96764,0
            10.19043,43.96457,0
            10.19044,43.96457,0
            10.21073,43.94639,0
            10.21233,43.94458,0
            10.22479,43.92683,0
            10.22653,43.92465,0
            10.22802,43.92299,0
            10.239,43.91169,0
            10.23902,43.91168,0
            10.24196,43.90866,0
            10.24527,43.90571,0
            10.24531,43.90569,0
            10.25089,43.90075,0
            10.25089,43.90074,0
            10.2566,43.8957,0
            10.25813,43.89412,0
            10.25859,43.89356,0
            10.27165,43.87552,0
            10.27165,43.87551,0
            10.27276,43.87398,0
            10.27276,43.87397,0
            10.27522,43.87054,0
            10.27639,43.86855,0
            10.28196,43.85744,0
            10.28346,43.85497,0
            10.28346,43.85496,0
            10.28691,43.84936,0
            10.28691,43.84935,0
            10.29067,43.84327,0
            10.31091,43.81629,0
            10.31223,43.81428,0
            10.3133,43.81239,0
            10.3143,43.81022,0
            10.31618,43.80533,0
            10.31619,43.80532,0
            10.321,43.79271,0
            10.32101,43.79271,0
            10.32147,43.79171,0
            10.32276,43.78946,0
            10.32411,43.78763,0
            10.32565,43.78588,0
            10.32718,43.7844,0
            10.32826,43.78349,0
            10.33084,43.78163,0
            10.35328,43.76747,0
            10.35435,43.76662,0
            10.35547,43.76553,0
            10.35654,43.76422,0
            10.35717,43.76324,0
            10.35791,43.76171,0
            10.35825,43.76068,0
            10.35848,43.75962,0
            10.35859,43.75866,0
            10.35858,43.75732,0
            10.35845,43.75627,0
            10.35824,43.75539,0
            10.35554,43.74688,0
            10.35554,43.74685,0
            10.35453,43.74369,0
            10.35453,43.74366,0
            10.35376,43.74127,0
            10.35376,43.74124,0
            10.35335,43.73994,0
            10.35334,43.73993,0
            10.35124,43.73328,0
            10.351,43.73202,0
            10.34894,43.71129,0
            10.34896,43.71023,0
            10.34922,43.70832,0
            10.35136,43.70066,0
            10.35137,43.70066,0
            10.35418,43.69063,0
            10.3543,43.69001,0
            10.35439,43.6892,0
            10.35441,43.68849,0
            10.35436,43.68841,0
            10.3542,43.68687,0
            10.35403,43.68658,0
            10.35383,43.68639,0
            10.35364,43.68627,0
            10.35326,43.68615,0
            10.35305,43.68612,0
            10.35304,43.68611,0
            10.35277,43.68602,0
            10.35267,43.68596,0
            10.3525,43.68581,0
            10.35247,43.68576,0
            10.35241,43.68555,0
            10.35243,43.68539,0
            10.35247,43.68529,0
            10.35252,43.68522,0
            10.35266,43.68509,0
            10.35282,43.685,0
            10.3531,43.68493,0
            10.35541,43.68482,0
            10.3557,43.68488,0
            10.35599,43.68503,0
            10.35618,43.68523,0
            10.35641,43.68568,0
            10.3565,43.68594,0
            10.3582,43.68965,0
            10.35854,43.69023,0
            10.35945,43.69215,0
            10.35994,43.69289,0
            10.36055,43.69353,0
            10.36141,43.69417,0
            10.36209,43.69454,0
            10.36264,43.69478,0
            10.36352,43.69507,0
            10.36903,43.69609,0
            10.37022,43.69642,0
            10.37101,43.69675,0
            10.37585,43.69936,0
            10.37586,43.69936,0
            10.37672,43.69982,0
            10.37804,43.70035,0
            10.37912,43.70067,0
            10.38015,43.70089,0
            10.38123,43.70104,0
            10.38238,43.7011,0
            10.3824,43.70111,0
            10.38453,43.70101,0
            10.38558,43.70084,0
            10.3867,43.70058,0
            10.38902,43.69983,0
            10.38959,43.69969,0
            10.39106,43.69953,0
            10.39198,43.69957,0
            10.39541,43.70004,0
            10.39706,43.70007,0
            10.40363,43.69941,0
            10.40527,43.69908,0
            10.40684,43.6986,0
            10.40792,43.69811,0
            10.40897,43.69745,0
            10.41127,43.69548,0
            10.41238,43.6947,0
            10.41328,43.69425,0
            10.4147,43.69375,0
            10.42358,43.69182,0
            10.42513,43.69161,0
            10.42807,43.6914,0
            10.4301,43.69108,0
            10.43186,43.69059,0
            10.43358,43.68992,0
            10.44635,43.68409,0
            10.45797,43.67944,0
            10.46656,43.67475,0
            10.46658,43.67473,0
            10.46905,43.67338,0
            10.47044,43.67273,0
            10.47192,43.67216,0
            10.47325,43.67178,0
            10.47456,43.6715,0
            10.47592,43.67131,0
            10.47813,43.67118,0
            10.49155,43.6716,0
            10.49276,43.67155,0
            10.5274,43.66741,0
            10.52899,43.667,0
            10.52996,43.66662,0
            10.53052,43.66635,0
            10.53159,43.66567,0
            10.53225,43.66512,0
            10.53301,43.66426,0
            10.53374,43.66322,0
            10.53856,43.65517,0
            10.53913,43.65435,0
            10.5399,43.65351,0
            10.54034,43.65314,0
            10.54106,43.65263,0
            10.54149,43.65238,0
            10.543,43.6517,0
            10.5508,43.64893,0
            10.55197,43.64831,0
            10.5529,43.64758,0
            10.56087,43.63902,0
            10.56107,43.63885,0
            10.56471,43.63499,0
            10.56532,43.63445,0
            10.56633,43.63373,0
            10.56726,43.63331,0
            10.56842,43.63297,0
            10.56922,43.63284,0
            10.56977,43.6328,0
            10.57111,43.63284,0
            10.57112,43.63285,0
            10.57252,43.63308,0
            10.57466,43.63364,0
            10.57654,43.63404,0
            10.57782,43.63417,0
            10.57787,43.63421,0
            10.58591,43.63429,0
            10.58662,43.63425,0
            10.59765,43.63288,0
            10.59978,43.63275,0
            10.60136,43.6328,0
            10.60251,43.63293,0
            10.6037,43.63315,0
            10.60497,43.63348,0
            10.60582,43.63377,0
            10.60694,43.63425,0
            10.60774,43.63468,0
            10.60924,43.63564,0
            10.62127,43.64478,0
            10.6227,43.64573,0
            10.6238,43.64625,0
            10.62437,43.64646,0
            10.62554,43.64678,0
            10.62637,43.64693,0
            10.62816,43.64705,0
            10.64512,43.64675,0
            10.64623,43.64682,0
            10.64755,43.647,0
            10.64916,43.64747,0
            10.65008,43.64786,0
            10.65142,43.64859,0
            10.65143,43.64859,0
            10.6587,43.65276,0
            10.65925,43.65293,0
            10.6595,43.65296,0
            10.65974,43.65294,0
            10.65994,43.65288,0
            10.66019,43.65272,0
            10.66024,43.65266,0
            10.66035,43.65245,0
            10.66032,43.65224,0
            10.66023,43.65209,0
            10.66009,43.65196,0
            10.66001,43.65191,0
            10.65982,43.65184,0
            10.65962,43.6518,0
            10.65913,43.65183,0
            10.65879,43.65192,0
            10.65844,43.65208,0
            10.65821,43.65225,0
            10.65645,43.65386,0
            10.65643,43.65395,0
            10.65642,43.65395,0
            10.65642,43.65396,0
            10.65626,43.65411,0
            10.65626,43.65412,0
            10.65625,43.65413,0
            10.65625,43.65414,0
            10.65623,43.65417,0
            10.65623,43.65422,0
            10.65622,43.65424,0
            10.65621,43.65437,0
            10.65625,43.6545,0
            10.65624,43.65467,0
            10.65622,43.65469,0
            10.65622,43.6547,0
            10.65616,43.65477,0
            10.65593,43.6549,0
            10.6559,43.6549,0
            10.65588,43.65491,0
            10.65586,43.65491,0
            10.65584,43.65492,0
            10.65564,43.65492,0
            10.65543,43.65486,0
            10.65538,43.65483,0
            10.65537,43.65483,0
            10.65534,43.65481,0
            10.65534,43.6548,0
            10.65497,43.65449,0
            10.65493,43.65443,0
            10.65491,43.65437,0
            10.65491,43.65423,0
            10.65498,43.65411,0
            10.65514,43.65399,0
            10.65514,43.65398,0
            10.65515,43.65397,0
            10.65515,43.65394,0
            10.6552,43.65387,0
            10.6552,43.65384,0
            10.65521,43.65383,0
            10.65521,43.65365,0
            10.6552,43.65365,0
            10.6551,43.65319,0
            10.65512,43.65279,0
            10.65518,43.65253,0
            10.65603,43.65072,0
            10.6561,43.6505,0
            10.65616,43.65015,0
            10.65612,43.64945,0
            10.65583,43.64808,0
            10.6552,43.64718,0
            10.65455,43.64661,0
            10.65405,43.64633,0
            10.65098,43.64522,0
            10.65071,43.64509,0
            10.65047,43.64493,0
            10.65039,43.64491,0
            10.65032,43.64486,0
            10.64998,43.64449,0
            10.64982,43.64421,0
            10.64969,43.6438,0
            10.64968,43.64332,0
            10.65009,43.64206,0
            10.65014,43.642,0
            10.65057,43.64031,0
            10.65075,43.6398,0
            10.65079,43.63957,0
            10.65078,43.63956,0
            10.65078,43.6395,0
            10.65079,43.6395,0
            10.65079,43.63948,0
            10.6508,43.63948,0
            10.6508,43.63947,0
            10.65081,43.63947,0
            10.65081,43.63946,0
            10.65082,43.63946,0
            10.65083,43.63945,0
            10.65084,43.63945,0
            10.65084,43.63944,0
            10.65086,43.63944,0
            10.65087,43.63943,0
            10.65091,43.63943,0
            10.65115,43.63932,0
            10.65146,43.63913,0
            10.65287,43.6379,0
            10.65509,43.63617,0
            10.65534,43.63592,0
            10.65839,43.63197,0
            10.65914,43.6307,0
            10.65969,43.62926,0
            10.65979,43.62887,0
            10.65982,43.62846,0
            10.65977,43.6283,0
            10.65973,43.62828,0
            10.65968,43.62822,0
            10.65967,43.62818,0
            10.65965,43.62815,0
            10.65965,43.62806,0
            10.65969,43.62796,0
            10.65971,43.62794,0
            10.65972,43.62794,0
            10.65974,43.62791,0
            10.65985,43.62785,0
            10.65999,43.62782,0
            10.66034,43.6276,0
            10.66078,43.62708,0
            10.66085,43.62704,0
            10.66547,43.62126,0
            10.66639,43.62041,0
            10.66685,43.62007,0
            10.66806,43.61937,0
            10.67,43.61861,0
            10.67101,43.6184,0
            10.6717,43.61833,0
            10.67249,43.61832,0
            10.67405,43.6185,0
            10.67434,43.61849,0
            10.67442,43.61844,0
            10.67464,43.61839,0
            10.67483,43.61841,0
            10.67519,43.61819,0
            10.67555,43.61784,0
            10.67564,43.61779,0
            10.67833,43.61544,0
            10.68217,43.61347,0
            10.68217,43.61346,0
            10.68736,43.61105,0
            10.68922,43.61029,0
            10.68947,43.61013,0
            10.68985,43.60981,0
            10.68995,43.60956,0
            10.68993,43.60954,0
            10.68992,43.60954,0
            10.68991,43.60953,0
            10.68991,43.60952,0
            10.6899,43.60951,0
            10.6899,43.6095,0
            10.68989,43.60949,0
            10.68989,43.60948,0
            10.68988,43.60947,0
            10.68988,43.60942,0
            10.68989,43.60941,0
            10.68989,43.6094,0
            10.6899,43.60939,0
            10.6899,43.60938,0
            10.68994,43.60934,0
            10.68995,43.60934,0
            10.68997,43.60932,0
            10.69002,43.60931,0
            10.69003,43.6093,0
            10.69004,43.6093,0
            10.69009,43.60914,0
            10.69011,43.60896,0
            10.69015,43.60886,0
            10.69017,43.60858,0
            10.69012,43.60686,0
            10.69021,43.60647,0
            10.69046,43.60598,0
            10.69047,43.60598,0
            10.6908,43.60556,0
            10.69115,43.60526,0
            10.69271,43.60427,0
            10.69324,43.60379,0
            10.69382,43.60304,0
            10.69391,43.60288,0
            10.69391,43.60287,0
            10.69396,43.60278,0
            10.69467,43.60064,0
            10.69457,43.6006,0
            10.69453,43.60057,0
            10.69452,43.60055,0
            10.6945,43.60054,0
            10.69448,43.6005,0
            10.69448,43.60048,0
            10.69447,43.60046,0
            10.69447,43.6004,0
            10.69452,43.60031,0
            10.69467,43.60023,0
            10.69483,43.60023,0
            10.69491,43.60026,0
            10.69798,43.59537,0
            10.69799,43.59537,0
            10.7006,43.59111,0
            10.70112,43.58992,0
            10.70388,43.58188,0
            10.70388,43.58184,0
            10.70393,43.5817,0
            10.70408,43.5807,0
            10.70405,43.58067,0
            10.70405,43.58066,0
            10.70404,43.58065,0
            10.70403,43.5806,0
            10.70402,43.58059,0
            10.70402,43.58055,0
            10.70405,43.58047,0
            10.70411,43.5804,0
            10.7042,43.58035,0
            10.70438,43.58032,0
            10.70453,43.58036,0
            10.70466,43.58046,0
            10.70466,43.58047,0
            10.70467,43.58048,0
            10.70507,43.58055,0
            10.7184,43.58039,0
            10.71882,43.58044,0
            10.71939,43.58059,0
            10.7198,43.58076,0
            10.72295,43.58277,0
            10.72361,43.58203,0
            10.72402,43.58167,0
            10.72403,43.58165,0
            10.72448,43.58138,0
            10.72637,43.58052,0
            10.7266,43.58034,0
            10.72673,43.5802,0
            10.72673,43.58018,0
            10.72684,43.58004,0
            10.72689,43.57989,0
            10.72718,43.57772,0
            10.72711,43.57723,0
            10.72691,43.57656,0
            10.72686,43.57614,0
            10.72732,43.57237,0
            10.72745,43.57189,0
            10.7276,43.57155,0
            10.72899,43.56905,0
            10.72915,43.56885,0
            10.72931,43.5687,0
            10.72976,43.56838,0
            10.73058,43.56794,0
            10.73122,43.56775,0
            10.7353,43.56722,0
            10.73594,43.56703,0
            10.74269,43.56325,0
            10.7427,43.56325,0
            10.74388,43.56259,0
            10.74439,43.56237,0
            10.74517,43.5622,0
            10.74616,43.56216,0
            10.74692,43.56224,0
            10.75252,43.56408,0
            10.75285,43.56422,0
            10.75332,43.56448,0
            10.75358,43.56467,0
            10.75382,43.5649,0
            10.75898,43.57106,0
            10.75936,43.57141,0
            10.76397,43.5746,0
            10.76808,43.57779,0
            10.7766,43.58188,0
            10.78169,43.584,0
            10.78198,43.58408,0
            10.78243,43.58411,0
            10.78947,43.58331,0
            10.79434,43.58198,0
            10.79454,43.58188,0
            10.7948,43.58168,0
            10.79611,43.58042,0
            10.79799,43.57923,0
            10.79855,43.57906,0
            10.80038,43.57868,0
            10.80367,43.5773,0
            10.80383,43.57727,0
            10.80695,43.57755,0
            10.80728,43.57752,0
            10.80989,43.57697,0
            10.81044,43.57672,0
            10.81589,43.57367,0
            10.81634,43.57351,0
            10.81962,43.57286,0
            10.81962,43.57285,0
            10.81985,43.57277,0
            10.81999,43.57268,0
            10.8201,43.57256,0
            10.82018,43.57231,0
            10.8203,43.57099,0
            10.82036,43.57076,0
            10.82048,43.57062,0
            10.82078,43.5704,0
            10.82109,43.57024,0
            10.82149,43.57012,0
            10.82288,43.56984,0
            10.82365,43.56958,0
            10.82401,43.5694,0
            10.82521,43.56861,0
            10.82565,43.56842,0
            10.82736,43.56814,0
            10.82895,43.56777,0
            10.8291,43.56771,0
            10.8295,43.56742,0
            10.83025,43.56657,0
            10.83055,43.56636,0
            10.83221,43.56557,0
            10.83526,43.56463,0
            10.83633,43.56457,0
            10.83635,43.56456,0
            10.83648,43.56456,0
            10.83679,43.56449,0
            10.83834,43.56391,0
            10.84012,43.56359,0
            10.84231,43.56261,0
            10.8425,43.56244,0
            10.84262,43.56224,0
            10.84304,43.56133,0
            10.84323,43.56103,0
            10.84457,43.55936,0
            10.84458,43.55936,0
            10.84479,43.55922,0
            10.84495,43.55916,0
            10.84806,43.5587,0
            10.84844,43.55857,0
            10.84866,43.55841,0
            10.84874,43.55831,0
            10.84882,43.55816,0
            10.84886,43.55785,0
            10.84884,43.55776,0
            10.84844,43.55677,0
            10.84847,43.55645,0
            10.8485,43.55641,0
            10.8485,43.5564,0
            10.84882,43.55592,0
            10.84882,43.55591,0
            10.84884,43.55588,0
            10.84911,43.55567,0
            10.84986,43.55526,0
            10.85005,43.55511,0
            10.85062,43.55445,0
            10.85071,43.55429,0
            10.85074,43.55415,0
            10.85074,43.554,0
            10.85064,43.55344,0
            10.85069,43.55321,0
            10.85077,43.55306,0
            10.85104,43.5528,0
            10.85385,43.55101,0
            10.85582,43.55008,0
            10.85582,43.55006,0
            10.85583,43.55006,0
            10.85583,43.55005,0
            10.85585,43.55003,0
            10.85586,43.55003,0
            10.85586,43.55002,0
            10.85587,43.55002,0
            10.85588,43.55001,0
            10.85589,43.55001,0
            10.8559,43.55,0
            10.85593,43.55,0
            10.85593,43.54999,0
            10.856,43.54999,0
            10.85601,43.55,0
            10.85604,43.55,0
            10.85604,43.55001,0
            10.85606,43.55001,0
            10.85608,43.55003,0
            10.85609,43.55003,0
            10.85609,43.55004,0
            10.8561,43.55004,0
            10.8561,43.55005,0
            10.85649,43.55008,0
            10.85701,43.54997,0
            10.85713,43.54991,0
            10.85726,43.5498,0
            10.85756,43.54912,0
            10.85765,43.549,0
            10.85786,43.54889,0
            10.85804,43.54884,0
            10.85968,43.54877,0
            10.86058,43.54859,0
            10.86344,43.54767,0
            10.86345,43.54766,0
            10.86372,43.54758,0
            10.86373,43.54757,0
            10.86383,43.54754,0
            10.86413,43.54736,0
            10.86413,43.54735,0
            10.86541,43.54615,0
            10.86652,43.54464,0
            10.86652,43.54463,0
            10.86672,43.54432,0
            10.86686,43.54419,0
            10.867,43.54412,0
            10.86848,43.54376,0
            10.86888,43.54376,0
            10.87039,43.54412,0
            10.87243,43.54418,0
            10.87307,43.54408,0
            10.87382,43.54386,0
            10.87548,43.54386,0
            10.87577,43.54383,0
            10.87686,43.5436,0
            10.88,43.5421,0
            10.8801,43.54199,0
            10.88014,43.54184,0
            10.88011,43.54119,0
            10.88014,43.54099,0
            10.88021,43.5409,0
            10.88037,43.54078,0
            10.88052,43.54073,0
            10.88053,43.54072,0
            10.88055,43.54072,0
            10.88056,43.54071,0
            10.88337,43.53993,0
            10.88502,43.53966,0
            10.88502,43.53965,0
            10.88543,43.53951,0
            10.88543,43.5395,0
            10.88544,43.5395,0
            10.88594,43.53916,0
            10.88611,43.53893,0
            10.88629,43.53806,0
            10.88634,43.53794,0
            10.88636,43.53792,0
            10.88636,43.53791,0
            10.88655,43.53776,0
            10.88657,43.53776,0
            10.88662,43.53773,0
            10.88698,43.53764,0
            10.88774,43.53753,0
            10.88817,43.53742,0
            10.88818,43.53741,0
            10.88821,43.53741,0
            10.88822,43.5374,0
            10.88847,43.5373,0
            10.8887,43.53716,0
            10.88904,43.53678,0
            10.8893,43.53638,0
            10.8895,43.53617,0
            10.8895,43.53616,0
            10.89084,43.53511,0
            10.89085,43.53511,0
            10.89238,43.5339,0
            10.89245,43.53374,0
            10.89246,43.53366,0
            10.89211,43.53197,0
            10.89214,43.53157,0
            10.89244,43.53063,0
            10.89263,43.5298,0
            10.89269,43.52965,0
            10.89287,43.52934,0
            10.89312,43.52904,0
            10.89312,43.52903,0
            10.89341,43.52875,0
            10.89341,43.52874,0
            10.89369,43.52848,0
            10.8937,43.52846,0
            10.89399,43.52817,0
            10.89419,43.52803,0
            10.89441,43.528,0
            10.89523,43.52808,0
            10.89551,43.52799,0
            10.89559,43.52794,0
            10.8956,43.52794,0
            10.89587,43.52765,0
            10.89613,43.52755,0
            10.89632,43.52751,0
            10.89633,43.5275,0
            10.89636,43.5275,0
            10.89638,43.52749,0
            10.89641,43.52749,0
            10.8965,43.52742,0
            10.89653,43.52737,0
            10.89653,43.52736,0
            10.89655,43.52734,0
            10.89661,43.52717,0
            10.89661,43.52697,0
            10.89649,43.52644,0
            10.89651,43.52624,0
            10.89656,43.52613,0
            10.89651,43.52586,0
            10.89653,43.52571,0
            10.89666,43.52536,0
            10.89673,43.52526,0
            10.89693,43.52509,0
            10.89711,43.525,0
            10.89713,43.52498,0
            10.89829,43.52437,0
            10.89829,43.52436,0
            10.89855,43.52406,0
            10.89905,43.52368,0
            10.89938,43.52329,0
            10.89938,43.52328,0
            10.8995,43.52313,0
            10.8995,43.52312,0
            10.89961,43.52295,0
            10.89961,43.52294,0
            10.89965,43.52288,0
            10.89966,43.52284,0
            10.89969,43.5228,0
            10.89969,43.52278,0
            10.90004,43.52198,0
            10.90026,43.52172,0
            10.90229,43.51987,0
            10.90253,43.51955,0
            10.90265,43.51928,0
            10.9027,43.51897,0
            10.90273,43.51754,0
            10.90268,43.51736,0
            10.9026,43.51723,0
            10.90132,43.51606,0
            10.90042,43.51464,0
            10.90013,43.51427,0
            10.89934,43.51354,0
            10.8991,43.51325,0
            10.89897,43.51296,0
            10.89895,43.51273,0
            10.89899,43.51252,0
            10.89906,43.51235,0
            10.89916,43.51221,0
            10.89942,43.51199,0
            10.89956,43.51191,0
            10.89986,43.51184,0
            10.90033,43.51179,0
            10.90073,43.5118,0
            10.90118,43.51188,0
            10.90205,43.51216,0
            10.90246,43.51224,0
            10.90395,43.51216,0
            10.90431,43.51206,0
            10.90453,43.51193,0
            10.9047,43.51177,0
            10.90478,43.51164,0
            10.90516,43.51061,0
            10.90517,43.5106,0
            10.90595,43.50836,0
            10.90596,43.50835,0
            10.90621,43.5077,0
            10.90666,43.50721,0
            10.90667,43.50721,0
            10.90776,43.50624,0
            10.90804,43.50592,0
            10.90814,43.50572,0
            10.90818,43.50559,0
            10.90819,43.50527,0
            10.90769,43.50205,0
            10.90769,43.5019,0
            10.90772,43.50172,0
            10.90778,43.50159,0
            10.90798,43.50139,0
            10.90821,43.50123,0
            10.90867,43.50099,0
            10.90904,43.50085,0
            10.90998,43.50062,0
            10.91049,43.50061,0
            10.91158,43.50081,0
            10.91183,43.50082,0
            10.91228,43.50073,0
            10.91416,43.49995,0
            10.91416,43.49994,0
            10.91438,43.49987,0
            10.91456,43.49985,0
            10.91599,43.50001,0
            10.91632,43.5,0
            10.91649,43.49996,0
            10.91673,43.49985,0
            10.91767,43.49864,0
            10.91779,43.49813,0
            10.9178,43.49812,0
            10.9178,43.4981,0
            10.91795,43.49801,0
            10.91991,43.49745,0
            10.92063,43.49743,0
            10.92084,43.49734,0
            10.92098,43.4972,0
            10.92129,43.49652,0
            10.92137,43.49645,0
            10.92208,43.49605,0
            10.92268,43.49578,0
            10.92306,43.49553,0
            10.92373,43.49498,0
            10.92373,43.49497,0
            10.92495,43.49407,0
            10.92528,43.49395,0
            10.92648,43.49391,0
            10.92669,43.49396,0
            10.92681,43.49382,0
            10.92709,43.49357,0
            10.92849,43.49264,0
            10.92874,43.49238,0
            10.9288,43.49222,0
            10.92882,43.492,0
            10.92875,43.49182,0
            10.92853,43.49154,0
            10.92852,43.49154,0
            10.9285,43.4915,0
            10.92849,43.49138,0
            10.92852,43.49129,0
            10.92864,43.49114,0
            10.92885,43.49101,0
            10.93063,43.49023,0
            10.93107,43.49012,0
            10.93349,43.49007,0
            10.93995,43.48937,0
            10.94011,43.48933,0
            10.9403,43.48921,0
            10.94037,43.48914,0
            10.94077,43.48849,0
            10.94091,43.48834,0
            10.94114,43.48821,0
            10.94196,43.48804,0
            10.94238,43.48789,0
            10.94239,43.48788,0
            10.9424,43.48788,0
            10.9433,43.48718,0
            10.9436,43.48703,0
            10.94505,43.48666,0
            10.94528,43.48656,0
            10.946,43.48607,0
            10.94631,43.48592,0
            10.94841,43.48538,0
            10.94982,43.48541,0
            10.95009,43.48537,0
            10.95012,43.48535,0
            10.95013,43.48535,0
            10.95024,43.48526,0
            10.95027,43.48521,0
            10.95027,43.4852,0
            10.95036,43.48505,0
            10.95036,43.48504,0
            10.95046,43.48489,0
            10.95049,43.48488,0
            10.95051,43.48486,0
            10.95066,43.48483,0
            10.95152,43.48486,0
            10.9517,43.48484,0
            10.95236,43.48459,0
            10.95255,43.48449,0
            10.95269,43.48438,0
            10.95275,43.48428,0
            10.95279,43.48411,0
            10.95292,43.48241,0
            10.95288,43.48228,0
            10.95271,43.48208,0
            10.95262,43.48189,0
            10.95262,43.48181,0
            10.95263,43.48178,0
            10.95265,43.48176,0
            10.95267,43.48171,0
            10.95319,43.48132,0
            10.9532,43.48132,0
            10.95365,43.48082,0
            10.9538,43.48076,0
            10.95447,43.48068,0
            10.95629,43.48063,0
            10.95863,43.48099,0
            10.96011,43.48134,0
            10.96056,43.48154,0
            10.96072,43.48165,0
            10.96125,43.48216,0
            10.96332,43.48384,0
            10.96566,43.485,0
            10.966,43.48505,0
            10.96742,43.48482,0
            10.96794,43.48484,0
            10.97023,43.48542,0
            10.97248,43.48614,0
            10.97249,43.48615,0
            10.97324,43.48636,0
            10.97353,43.48636,0
            10.97479,43.48621,0
            10.97529,43.48621,0
            10.97656,43.48646,0
            10.97694,43.48661,0
            10.97802,43.48716,0
            10.97814,43.4872,0
            10.97818,43.4872,0
            10.9782,43.48721,0
            10.97845,43.48721,0
            10.97846,43.4872,0
            10.97897,43.48705,0
            10.97975,43.48672,0
            10.98004,43.48665,0
            10.9802,43.48665,0
            10.98179,43.487,0
            10.98252,43.48702,0
            10.98254,43.48703,0
            10.98354,43.48704,0
            10.9844,43.4873,0
            10.98596,43.48791,0
            10.9862,43.48797,0
            10.98731,43.48804,0
            10.9876,43.48801,0
            10.99021,43.48724,0
            10.99294,43.48668,0
            10.99483,43.48658,0
            10.99522,43.48662,0
            10.99618,43.48689,0
            10.9967,43.48694,0
            10.99735,43.48687,0
            10.99735,43.48686,0
            10.99783,43.48678,0
            10.99826,43.4866,0
            10.99979,43.48574,0
            11.0009,43.485,0
            11.00417,43.48367,0
            11.00487,43.48348,0
            11.00689,43.48307,0
            11.00707,43.483,0
            11.00748,43.48277,0
            11.00807,43.48228,0
            11.0092,43.48164,0
            11.00968,43.48142,0
            11.01329,43.48046,0
            11.01436,43.48047,0
            11.01439,43.48048,0
            11.01508,43.4805,0
            11.01543,43.48046,0
            11.01565,43.48038,0
            11.01565,43.48037,0
            11.01624,43.48005,0
            11.01625,43.48005,0
            11.01691,43.47965,0
            11.01808,43.47878,0
            11.01951,43.47815,0
            11.0198,43.47807,0
            11.01984,43.47807,0
            11.01986,43.47806,0
            11.02081,43.478,0
            11.02182,43.47803,0
            11.02184,43.47802,0
            11.02276,43.47795,0
            11.02303,43.4779,0
            11.02304,43.47789,0
            11.02307,43.47789,0
            11.02325,43.47783,0
            11.02326,43.47782,0
            11.02569,43.47699,0
            11.0257,43.47698,0
            11.0285,43.4766,0
            11.02865,43.47654,0
            11.02876,43.47647,0
            11.02877,43.47643,0
            11.02881,43.47639,0
            11.02879,43.47631,0
            11.02872,43.47618,0
            11.02765,43.47503,0
            11.02748,43.47474,0
            11.02744,43.47459,0
            11.02745,43.47433,0
            11.02749,43.47416,0
            11.02788,43.47329,0
            11.02792,43.47303,0
            11.02785,43.47265,0
            11.02773,43.47241,0
            11.02756,43.47226,0
            11.02753,43.47227,0
            11.02744,43.47227,0
            11.02743,43.47226,0
            11.02739,43.47226,0
            11.02736,43.47224,0
            11.02734,43.47224,0
            11.02726,43.47217,0
            11.02726,43.47215,0
            11.02725,43.47214,0
            11.02725,43.47211,0
            11.02724,43.4721,0
            11.02725,43.47205,0
            11.02726,43.47205,0
            11.02726,43.47204,0
            11.02728,43.47201,0
            11.02728,43.472,0
            11.02733,43.47196,0
            11.02744,43.47193,0
            11.02761,43.47174,0
            11.02768,43.47157,0
            11.02784,43.47132,0
            11.0282,43.47096,0
            11.02821,43.47096,0
            11.02942,43.46995,0
            11.02976,43.46955,0
            11.02986,43.46931,0
            11.02991,43.46905,0
            11.0299,43.46904,0
            11.02989,43.46904,0
            11.02988,43.46903,0
            11.02988,43.46902,0
            11.02987,43.46902,0
            11.02986,43.46901,0
            11.02986,43.469,0
            11.02985,43.46899,0
            11.02985,43.46898,0
            11.02984,43.46897,0
            11.02984,43.46891,0
            11.02985,43.4689,0
            11.02985,43.46889,0
            11.02986,43.46888,0
            11.02986,43.46887,0
            11.02987,43.46886,0
            11.02988,43.46886,0
            11.02988,43.46885,0
            11.02989,43.46884,0
            11.0299,43.46884,0
            11.02991,43.46883,0
            11.02992,43.46883,0
            11.02993,43.46882,0
            11.02994,43.46882,0
            11.02995,43.46881,0
            11.02997,43.46881,0
            11.02999,43.4688,0
            11.03003,43.4688,0
            11.03163,43.4671,0
            11.03173,43.46695,0
            11.03189,43.46662,0
            11.03198,43.46631,0
            11.03199,43.46607,0
            11.03191,43.46559,0
            11.03179,43.46524,0
            11.03131,43.46424,0
            11.03121,43.46389,0
            11.03122,43.4635,0
            11.03135,43.46319,0
            11.03144,43.46307,0
            11.03181,43.4627,0
            11.03248,43.46226,0
            11.03262,43.46209,0
            11.03278,43.46168,0
            11.03274,43.46118,0
            11.03264,43.46093,0
            11.03251,43.4604,0
            11.03255,43.46008,0
            11.03261,43.45992,0
            11.03271,43.45976,0
            11.03322,43.4594,0
            11.03351,43.45926,0
            11.03365,43.45922,0
            11.03407,43.45918,0
            11.03504,43.45924,0
            11.03832,43.46019,0
            11.03909,43.4603,0
            11.03952,43.46031,0
            11.03962,43.46026,0
            11.03973,43.46024,0
            11.03981,43.46025,0
            11.03982,43.46024,0
            11.03982,43.46023,0
            11.03983,43.46023,0
            11.03983,43.46022,0
            11.03985,43.4602,0
            11.03986,43.4602,0
            11.03988,43.46018,0
            11.0399,43.46018,0
            11.03991,43.46017,0
            11.03994,43.46017,0
            11.03995,43.46016,0
            11.04002,43.46016,0
            11.04003,43.46017,0
            11.04006,43.46017,0
            11.04007,43.46018,0
            11.04008,43.46018,0
            11.04009,43.46019,0
            11.0401,43.46019,0
            11.04012,43.46021,0
            11.04013,43.46021,0
            11.04013,43.46022,0
            11.04015,43.46024,0
            11.04015,43.46025,0
            11.04016,43.46026,0
            11.04016,43.46031,0
            11.04015,43.46032,0
            11.04015,43.46033,0
            11.04014,43.46034,0
            11.04014,43.46035,0
            11.04013,43.46036,0
            11.0401,43.4609,0
            11.04093,43.4617,0
            11.04188,43.46038,0
            11.04189,43.46035,0
            11.04281,43.45912,0
            11.04283,43.45911,0
            11.0432,43.4587,0
            11.04321,43.4587,0
            11.04392,43.45798,0
            11.04442,43.45757,0
            11.04554,43.45685,0
            11.04618,43.45636,0
            11.04619,43.45636,0
            11.04721,43.4555,0
            11.04721,43.45549,0
            11.04784,43.45498,0
            11.04882,43.45396,0
            11.04947,43.45339,0
            11.04994,43.4531,0
            11.05153,43.45253,0
            11.05291,43.45228,0
            11.05337,43.45323,0
            11.05361,43.45338,0
            11.05383,43.45345,0
          </coordinates>
        </LineString>
      </Placemark>
      <Placemark>
        <name>Gdańsk</name>
        <styleUrl>#icon-1899-DB4436-nodesc</styleUrl>
        <Point>
          <coordinates>
            18.6466334,54.3520243,0
          </coordinates>
        </Point>
      </Placemark>
      <Placemark>
        <name>Wrocław</name>
        <styleUrl>#icon-1899-DB4436-nodesc</styleUrl>
        <Point>
          <coordinates>
            17.0386059,51.1092943,0
          </coordinates>
        </Point>
      </Placemark>
      <Placemark>
        <name>Obertraun, Austria</name>
        <styleUrl>#icon-1899-DB4436-nodesc</styleUrl>
        <Point>
          <coordinates>
            13.6869382,47.5568636,0
          </coordinates>
        </Point>
      </Placemark>
      <Placemark>
        <name>tylko przejazd Grossglockner High Alpine Road, Austria</name>
        <styleUrl>#icon-1899-DB4436-nodesc</styleUrl>
        <Point>
          <coordinates>
            12.8425587,47.0840414,0
          </coordinates>
        </Point>
      </Placemark>
      <Placemark>
        <name>Brixen, Autonomous Province of Bolzano – South Tyrol, Italy</name>
        <styleUrl>#icon-1899-DB4436-nodesc</styleUrl>
        <Point>
          <coordinates>
            11.652471,46.710403,0
          </coordinates>
        </Point>
      </Placemark>
      <Placemark>
        <name>Bardolino - Garda, Province of Verona, Italy</name>
        <styleUrl>#icon-1899-DB4436-nodesc</styleUrl>
        <Point>
          <coordinates>
            10.7138699,45.5613308,0
          </coordinates>
        </Point>
      </Placemark>
      <Placemark>
        <name>Levanto, Levanto, SP, Italy</name>
        <styleUrl>#icon-1899-DB4436-nodesc</styleUrl>
        <Point>
          <coordinates>
            9.6156937,44.1738955,0
          </coordinates>
        </Point>
      </Placemark>
      <Placemark>
        <name>Camping Il Boschetto di Piemma, Località S. Lucia, San Gimignano, Province of Siena, Italy</name>
        <styleUrl>#icon-1899-DB4436-nodesc</styleUrl>
        <Point>
          <coordinates>
            11.0538251,43.453449,0
          </coordinates>
        </Point>
      </Placemark>
    </Folder>
    <Folder>
      <name>Hallstatt / Obertraun (noce 6-7.09)</name>
      <Placemark>
        <name>Český Krumlov</name>
        <styleUrl>#icon-1535-FFD600-nodesc</styleUrl>
        <Point>
          <coordinates>
            14.3174657,48.8127354,0
          </coordinates>
        </Point>
      </Placemark>
      <Placemark>
        <name>Hallstatt Skywalk - Hallstättersee</name>
        <styleUrl>#icon-1535-FFEA00-nodesc</styleUrl>
        <Point>
          <coordinates>
            13.6435403,47.5613186,0
          </coordinates>
        </Point>
      </Placemark>
    </Folder>
    <Folder>
      <name>Brixen / Val di Funes (noce 8-10.09)</name>
      <Placemark>
        <name>Grossglockner High Alpine Road</name>
        <styleUrl>#icon-1535-817717-nodesc</styleUrl>
        <Point>
          <coordinates>
            12.842778,47.083333,0
          </coordinates>
        </Point>
      </Placemark>
      <Placemark>
        <name>Kaiser-Franz-Josefs-Höhe</name>
        <styleUrl>#icon-1535-817717-nodesc</styleUrl>
        <Point>
          <coordinates>
            12.7852259,47.0562769,0
          </coordinates>
        </Point>
      </Placemark>
      <Placemark>
        <name>Pasterze Glacier</name>
        <styleUrl>#icon-1535-817717-nodesc</styleUrl>
        <Point>
          <coordinates>
            12.7128768,47.0893217,0
          </coordinates>
        </Point>
      </Placemark>
      <Placemark>
        <name>Lake Braies</name>
        <description>W pewnym momencie z drogi SS49 będziecie musieli skręcić w mniejszą, prowadząca w zasadzie wprost pod same jezioro. Poprzednią noc spędziliśmy w hotelu w miejscowości Valdaora i stamtąd wczesnym rankiem ruszyliśmy w drogę. Wam również polecam pojawienie się nie miejscu przed 9 rano – potem pojawiają się setki wycieczek autokarowych i w niektórych miejscach nawet trudno przejść wąskimi dróżkami dookoła jeziora. Przy samym jeziorze jest płatny parking, gdzie możecie zaparkować w zasadzie kilkadziesiąt metrów od brzegu – jeśli przyjedziecie później, będziecie musieli zaparkować na dużo dalszym…</description>
        <styleUrl>#icon-1596-9C27B0</styleUrl>
        <Point>
          <coordinates>
            12.084608,46.6931167,0
          </coordinates>
        </Point>
      </Placemark>
      <Placemark>
        <name>Lake Sorapis</name>
        <description>z Passo Tre Croci szlakiem 215.</description>
        <styleUrl>#icon-1596-9C27B0</styleUrl>
        <Point>
          <coordinates>
            12.2235133,46.5205589,0
          </coordinates>
        </Point>
      </Placemark>
      <Placemark>
        <name>Tre Cime di Lavaredo</name>
        <description><![CDATA[Masyw posiada trzy wierzchołkii: Cima Ovest - 2973 m n.p.m., Cima Grande - 2999 m n.p.m., Cima Piccola - 2857 m n.p.m. oraz dwie mniejsze turnie - Piccolissima i Punta di Frida<br><br>http://www.planetagor.pl/articles/entry/Trekking-dooko-a-Tre-Cime<br><br>https://www.planetagor.pl/places/application/TrialPage.php?ID=7676]]></description>
        <styleUrl>#icon-1596-9C27B0</styleUrl>
        <Point>
          <coordinates>
            12.3027679,46.6186777,0
          </coordinates>
        </Point>
      </Placemark>
      <Placemark>
        <name>Lago Federa</name>
        <description>https://onedaystop.com/blog/najlepszy-szlak-widokowy-w-dolomitach-od-passo-giau-do-lago-di-federa/</description>
        <styleUrl>#icon-1596-9C27B0</styleUrl>
        <Point>
          <coordinates>
            12.1041205,46.4888615,0
          </coordinates>
        </Point>
      </Placemark>
    </Folder>
    <Folder>
      <name>Jezioro Garda (noce 11-12.09)</name>
      <Placemark>
        <name>Sirmione</name>
        <styleUrl>#icon-1899-0097A7-nodesc</styleUrl>
        <Point>
          <coordinates>
            10.6118276,45.4648332,0
          </coordinates>
        </Point>
      </Placemark>
      <Placemark>
        <name>Monte Baldo</name>
        <styleUrl>#icon-1899-0097A7-nodesc</styleUrl>
        <Point>
          <coordinates>
            10.843889,45.726389,0
          </coordinates>
        </Point>
      </Placemark>
      <Placemark>
        <name>Limone Sul Garda</name>
        <styleUrl>#icon-1899-0097A7-nodesc</styleUrl>
        <Point>
          <coordinates>
            10.7880304,45.8077253,0
          </coordinates>
        </Point>
      </Placemark>
      <Placemark>
        <name>Malcesine</name>
        <styleUrl>#icon-1899-0097A7-nodesc</styleUrl>
        <Point>
          <coordinates>
            10.810057,45.7640092,0
          </coordinates>
        </Point>
      </Placemark>
    </Folder>
    <Folder>
      <name> La Spezia / Levanto (noce 13-14.09)</name>
      <Placemark>
        <name>Riomaggiore</name>
        <styleUrl>#icon-1899-FF5252-nodesc</styleUrl>
        <Point>
          <coordinates>
            9.7376008,44.1001801,0
          </coordinates>
        </Point>
      </Placemark>
      <Placemark>
        <name>Manarola</name>
        <styleUrl>#icon-1899-FF5252-nodesc</styleUrl>
        <Point>
          <coordinates>
            9.7284876,44.1068427,0
          </coordinates>
        </Point>
      </Placemark>
      <Placemark>
        <name>Vernazza</name>
        <styleUrl>#icon-1899-FF5252-nodesc</styleUrl>
        <Point>
          <coordinates>
            9.6827957,44.1353502,0
          </coordinates>
        </Point>
      </Placemark>
      <Placemark>
        <name>Sentiero Azzurro</name>
        <styleUrl>#icon-1899-FF5252-nodesc</styleUrl>
        <Point>
          <coordinates>
            9.7058741,44.125358,0
          </coordinates>
        </Point>
      </Placemark>
      <Placemark>
        <name>Monterosso al Mare</name>
        <styleUrl>#icon-1521-FF5252-nodesc</styleUrl>
        <Point>
          <coordinates>
            9.6463794,44.1451854,0
          </coordinates>
        </Point>
      </Placemark>
      <Placemark>
        <name>Cinque Terre</name>
        <styleUrl>#icon-1596-FF5252-nodesc</styleUrl>
        <Point>
          <coordinates>
            9.6438793,44.1460939,0
          </coordinates>
        </Point>
      </Placemark>
    </Folder>
    <Folder>
      <name>San Gimignano (noce 15-17.09)</name>
      <Placemark>
        <name>San Gimignano</name>
        <styleUrl>#icon-1599-673AB7-nodesc</styleUrl>
        <Point>
          <coordinates>
            11.0434187,43.4672085,0
          </coordinates>
        </Point>
      </Placemark>
      <Placemark>
        <name>Siena</name>
        <styleUrl>#icon-1599-673AB7-nodesc</styleUrl>
        <Point>
          <coordinates>
            11.3305812,43.3184741,0
          </coordinates>
        </Point>
      </Placemark>
      <Placemark>
        <name>Monteriggioni</name>
        <styleUrl>#icon-1899-673AB7-nodesc</styleUrl>
        <Point>
          <coordinates>
            11.2234083,43.3901047,0
          </coordinates>
        </Point>
      </Placemark>
      <Placemark>
        <name>Volterra</name>
        <styleUrl>#icon-1547-673AB7-nodesc</styleUrl>
        <Point>
          <coordinates>
            10.8550011,43.4042552,0
          </coordinates>
        </Point>
      </Placemark>
      <Placemark>
        <name>Vernaccia di San Gimignano Wine Experience La Rocca</name>
        <styleUrl>#icon-1577-673AB7-nodesc</styleUrl>
        <Point>
          <coordinates>
            11.0415243,43.4675724,0
          </coordinates>
        </Point>
      </Placemark>
    </Folder>
    <Folder>
      <name><![CDATA[powrot Dzien 13 | 18.09 (czwartek) - Toskania -> Wroclaw]]></name>
      <Placemark>
        <name><![CDATA[powrot Dzien 13 | 18.09 (czwartek) - Toskania -> Wroclaw]]></name>
        <styleUrl>#line-1267FF-5000-nodesc</styleUrl>
        <LineString>
          <tessellate>1</tessellate>
          <coordinates>
            11.05383,43.45345,0
            11.05361,43.45338,0
            11.05346,43.4533,0
            11.05337,43.45323,0
            11.05291,43.45228,0
            11.05235,43.45238,0
            11.05231,43.45238,0
            11.05153,43.45253,0
            11.04994,43.4531,0
            11.0499,43.45313,0
            11.04987,43.45314,0
            11.04947,43.45339,0
            11.04882,43.45396,0
            11.0482,43.45461,0
            11.04819,43.45463,0
            11.04784,43.45498,0
            11.04776,43.45504,0
            11.04771,43.45509,0
            11.04743,43.45531,0
            11.04738,43.45536,0
            11.04721,43.45549,0
            11.04721,43.4555,0
            11.04715,43.45554,0
            11.04619,43.45636,0
            11.04618,43.45636,0
            11.04554,43.45685,0
            11.04442,43.45757,0
            11.04394,43.45797,0
            11.04392,43.45798,0
            11.04354,43.45834,0
            11.04321,43.4587,0
            11.0432,43.4587,0
            11.04283,43.45911,0
            11.04281,43.45912,0
            11.0428,43.45914,0
            11.04239,43.45964,0
            11.04189,43.46035,0
            11.04188,43.46038,0
            11.04164,43.4607,0
            11.04162,43.46074,0
            11.04116,43.46137,0
            11.04114,43.46141,0
            11.04093,43.4617,0
            11.04123,43.4619,0
            11.04133,43.46195,0
            11.04151,43.46199,0
            11.04154,43.46199,0
            11.04155,43.46198,0
            11.04159,43.46198,0
            11.0416,43.46199,0
            11.04162,43.46199,0
            11.04207,43.46185,0
            11.04234,43.4617,0
            11.04262,43.4616,0
            11.04276,43.46157,0
            11.04311,43.46154,0
            11.0434,43.46155,0
            11.04414,43.46164,0
            11.04476,43.46167,0
            11.04507,43.46165,0
            11.04517,43.46163,0
            11.04532,43.46162,0
            11.04573,43.46155,0
            11.04588,43.4615,0
            11.04589,43.4615,0
            11.04612,43.46138,0
            11.0464,43.46113,0
            11.0464,43.46112,0
            11.04685,43.4607,0
            11.04686,43.4607,0
            11.04752,43.46012,0
            11.04755,43.46011,0
            11.04783,43.45986,0
            11.04785,43.45985,0
            11.04871,43.45913,0
            11.04882,43.45908,0
            11.04898,43.45903,0
            11.0498,43.45889,0
            11.05057,43.45868,0
            11.05105,43.45864,0
            11.05182,43.45866,0
            11.05608,43.45857,0
            11.05639,43.45859,0
            11.05657,43.45862,0
            11.05688,43.4587,0
            11.05781,43.45908,0
            11.05802,43.45913,0
            11.05836,43.45918,0
            11.05872,43.45918,0
            11.06004,43.459,0
            11.0601,43.459,0
            11.06106,43.45886,0
            11.0612,43.45886,0
            11.06122,43.45885,0
            11.06194,43.45891,0
            11.06241,43.45898,0
            11.06246,43.459,0
            11.06254,43.45905,0
            11.06261,43.45911,0
            11.06266,43.45914,0
            11.0631,43.45951,0
            11.06326,43.45961,0
            11.06349,43.4597,0
            11.06373,43.45974,0
            11.0647,43.45982,0
            11.06517,43.45989,0
            11.06571,43.45991,0
            11.06601,43.45989,0
            11.06621,43.45985,0
            11.06652,43.45976,0
            11.06719,43.45949,0
            11.0672,43.45948,0
            11.06791,43.45919,0
            11.07114,43.45751,0
            11.07123,43.45743,0
            11.07208,43.45697,0
            11.0743,43.45527,0
            11.07443,43.45512,0
            11.07475,43.45464,0
            11.07506,43.45427,0
            11.07519,43.45414,0
            11.07522,43.45412,0
            11.07525,43.45411,0
            11.07536,43.45404,0
            11.07537,43.45404,0
            11.07539,43.45402,0
            11.07548,43.45397,0
            11.07575,43.45387,0
            11.07904,43.45339,0
            11.0791,43.45339,0
            11.08145,43.45306,0
            11.08292,43.45291,0
            11.08328,43.45293,0
            11.0837,43.453,0
            11.08413,43.45314,0
            11.08447,43.45329,0
            11.08776,43.45565,0
            11.08874,43.45624,0
            11.09003,43.45694,0
            11.09069,43.45737,0
            11.09303,43.45872,0
            11.09309,43.45873,0
            11.09344,43.45884,0
            11.09424,43.45901,0
            11.09426,43.45902,0
            11.09522,43.45913,0
            11.09524,43.45914,0
            11.0975,43.45937,0
            11.09893,43.45938,0
            11.10004,43.45946,0
            11.1005,43.45952,0
            11.10053,43.45953,0
            11.10108,43.45955,0
            11.10184,43.45949,0
            11.10404,43.45921,0
            11.10548,43.45908,0
            11.10596,43.45906,0
            11.10636,43.45907,0
            11.10692,43.45912,0
            11.10696,43.45913,0
            11.10718,43.45915,0
            11.10958,43.45954,0
            11.10984,43.4596,0
            11.10987,43.45957,0
            11.10988,43.45955,0
            11.10998,43.4595,0
            11.11,43.4595,0
            11.11002,43.45949,0
            11.11015,43.45949,0
            11.11016,43.4595,0
            11.11019,43.4595,0
            11.1102,43.45951,0
            11.11021,43.45951,0
            11.11029,43.45955,0
            11.1103,43.45957,0
            11.11032,43.45958,0
            11.11033,43.4596,0
            11.11034,43.45961,0
            11.11035,43.45963,0
            11.11035,43.45964,0
            11.11036,43.45966,0
            11.11036,43.45968,0
            11.11621,43.46081,0
            11.11695,43.46098,0
            11.11985,43.46153,0
            11.11987,43.46154,0
            11.1213,43.4618,0
            11.12131,43.46179,0
            11.12132,43.46177,0
            11.12133,43.46176,0
            11.12135,43.46175,0
            11.12137,43.46175,0
            11.12138,43.46174,0
            11.12142,43.46172,0
            11.12146,43.46172,0
            11.12147,43.46171,0
            11.12154,43.46171,0
            11.12157,43.46172,0
            11.12159,43.46172,0
            11.1216,43.46173,0
            11.12162,43.46173,0
            11.12163,43.46174,0
            11.12164,43.46174,0
            11.12166,43.46175,0
            11.12167,43.46176,0
            11.12168,43.46176,0
            11.12173,43.46181,0
            11.12174,43.46183,0
            11.12175,43.46184,0
            11.12175,43.46185,0
            11.12176,43.46187,0
            11.12176,43.46193,0
            11.12175,43.46194,0
            11.122,43.46209,0
            11.12208,43.46216,0
            11.12241,43.46232,0
            11.12312,43.46272,0
            11.12322,43.46279,0
            11.12416,43.4636,0
            11.12444,43.464,0
            11.12613,43.467,0
            11.12622,43.46721,0
            11.12633,43.46759,0
            11.12644,43.46818,0
            11.12645,43.46833,0
            11.12678,43.46909,0
            11.12692,43.46935,0
            11.12697,43.4694,0
            11.12708,43.46956,0
            11.12711,43.46956,0
            11.12715,43.46958,0
            11.12717,43.46958,0
            11.12718,43.46959,0
            11.1272,43.4696,0
            11.12721,43.46962,0
            11.12723,43.46963,0
            11.12725,43.46965,0
            11.12726,43.46967,0
            11.12727,43.46968,0
            11.12831,43.47027,0
            11.12842,43.47026,0
            11.12843,43.47027,0
            11.12845,43.47027,0
            11.12846,43.47028,0
            11.12847,43.47028,0
            11.12847,43.47029,0
            11.12849,43.47029,0
            11.12849,43.4703,0
            11.1285,43.4703,0
            11.1285,43.47031,0
            11.12851,43.47032,0
            11.12852,43.47032,0
            11.12852,43.47034,0
            11.12853,43.47034,0
            11.12853,43.47037,0
            11.12854,43.47038,0
            11.12853,43.47039,0
            11.12853,43.47042,0
            11.12851,43.47044,0
            11.12851,43.47045,0
            11.1285,43.47045,0
            11.1285,43.47046,0
            11.12849,43.47046,0
            11.12849,43.47047,0
            11.12848,43.47047,0
            11.12852,43.47082,0
            11.12891,43.4715,0
            11.12909,43.47186,0
            11.12919,43.47213,0
            11.12988,43.47582,0
            11.13001,43.47608,0
            11.13009,43.47641,0
            11.13012,43.47649,0
            11.13013,43.47649,0
            11.13013,43.4765,0
            11.13014,43.4765,0
            11.13015,43.47651,0
            11.13016,43.47651,0
            11.13017,43.47652,0
            11.13018,43.47652,0
            11.13018,43.47653,0
            11.13023,43.47658,0
            11.13023,43.4766,0
            11.13024,43.47661,0
            11.13024,43.47667,0
            11.13023,43.47668,0
            11.13023,43.4767,0
            11.13022,43.47671,0
            11.13022,43.47672,0
            11.1302,43.47674,0
            11.13019,43.477,0
            11.13022,43.47739,0
            11.13018,43.47747,0
            11.13025,43.47769,0
            11.13042,43.47803,0
            11.13052,43.47803,0
            11.13054,43.47804,0
            11.13056,43.47804,0
            11.13058,43.47805,0
            11.1306,43.47805,0
            11.13061,43.47806,0
            11.13063,43.47806,0
            11.13064,43.47807,0
            11.13065,43.47807,0
            11.13076,43.47817,0
            11.13078,43.4782,0
            11.13081,43.4783,0
            11.13081,43.47833,0
            11.1308,43.47836,0
            11.13078,43.47839,0
            11.13077,43.47843,0
            11.1307,43.47849,0
            11.13068,43.4785,0
            11.13067,43.47851,0
            11.13065,43.47852,0
            11.13063,43.47854,0
            11.1305,43.47859,0
            11.13047,43.47859,0
            11.13044,43.4786,0
            11.13033,43.4786,0
            11.13031,43.47859,0
            11.13028,43.47859,0
            11.13021,43.47856,0
            11.1302,43.47856,0
            11.13018,43.47854,0
            11.13017,43.47854,0
            11.13016,43.47853,0
            11.13015,43.47853,0
            11.13013,43.47851,0
            11.12978,43.47858,0
            11.12963,43.47863,0
            11.12962,43.47864,0
            11.12955,43.47868,0
            11.12955,43.47869,0
            11.12935,43.47882,0
            11.12888,43.47908,0
            11.12887,43.47909,0
            11.12846,43.4793,0
            11.12846,43.47931,0
            11.12744,43.47986,0
            11.12742,43.47988,0
            11.12729,43.47996,0
            11.12694,43.48024,0
            11.12686,43.48033,0
            11.12681,43.48037,0
            11.12665,43.48069,0
            11.12655,43.48105,0
            11.12653,43.48118,0
            11.12653,43.48143,0
            11.12655,43.48163,0
            11.12668,43.48178,0
            11.12672,43.48185,0
            11.12681,43.48195,0
            11.12703,43.4821,0
            11.12716,43.48215,0
            11.12775,43.48225,0
            11.13143,43.48243,0
            11.13145,43.48244,0
            11.13662,43.48277,0
            11.1372,43.48278,0
            11.13875,43.48289,0
            11.1403,43.48309,0
            11.14086,43.48321,0
            11.14132,43.48338,0
            11.14136,43.48338,0
            11.14238,43.48378,0
            11.14305,43.48412,0
            11.14597,43.48574,0
            11.14655,43.48603,0
            11.14724,43.48627,0
            11.14814,43.48645,0
            11.14903,43.48651,0
            11.14948,43.48648,0
            11.14967,43.48645,0
            11.14984,43.48639,0
            11.15004,43.48628,0
            11.15005,43.48625,0
            11.15009,43.48621,0
            11.1502,43.48613,0
            11.15027,43.4861,0
            11.15048,43.48606,0
            11.15059,43.48606,0
            11.15068,43.48608,0
            11.15071,43.48608,0
            11.15084,43.48612,0
            11.15086,43.48614,0
            11.15089,43.48615,0
            11.15125,43.48616,0
            11.15149,43.48613,0
            11.15166,43.48609,0
            11.15189,43.48599,0
            11.152,43.48597,0
            11.1546,43.48492,0
            11.15482,43.48487,0
            11.15502,43.48486,0
            11.15539,43.48491,0
            11.15559,43.485,0
            11.15569,43.48506,0
            11.15577,43.48513,0
            11.15587,43.48525,0
            11.15591,43.48532,0
            11.15595,43.48544,0
            11.156,43.48574,0
            11.15608,43.48594,0
            11.15622,43.48616,0
            11.15637,43.48632,0
            11.1566,43.4865,0
            11.15674,43.48658,0
            11.15675,43.48659,0
            11.15706,43.48672,0
            11.1572,43.48676,0
            11.15764,43.48684,0
            11.15767,43.48684,0
            11.1577,43.48685,0
            11.15772,43.48685,0
            11.15777,43.4869,0
            11.16271,43.48756,0
            11.16277,43.48756,0
            11.16559,43.48793,0
            11.16653,43.48809,0
            11.16793,43.48839,0
            11.16972,43.48891,0
            11.17104,43.48939,0
            11.17143,43.48957,0
            11.17157,43.48962,0
            11.17633,43.49204,0
            11.17707,43.4925,0
            11.17764,43.49295,0
            11.17827,43.49362,0
            11.17838,43.49376,0
            11.17863,43.49414,0
            11.17892,43.49465,0
            11.17896,43.49474,0
            11.17931,43.49535,0
            11.1798,43.49608,0
            11.18031,43.49667,0
            11.18116,43.49746,0
            11.18193,43.49803,0
            11.18235,43.4983,0
            11.18504,43.49972,0
            11.18505,43.49972,0
            11.1855,43.49997,0
            11.18594,43.50026,0
            11.18647,43.5007,0
            11.18679,43.50104,0
            11.18707,43.50138,0
            11.18732,43.50177,0
            11.18732,43.50178,0
            11.18834,43.5039,0
            11.18835,43.50394,0
            11.18912,43.50561,0
            11.18918,43.50578,0
            11.18918,43.50579,0
            11.18929,43.5061,0
            11.19015,43.50901,0
            11.19018,43.50908,0
            11.19018,43.5091,0
            11.19038,43.50963,0
            11.19041,43.50968,0
            11.19041,43.50969,0
            11.19047,43.50982,0
            11.19081,43.51042,0
            11.1911,43.51083,0
            11.19136,43.51114,0
            11.19232,43.51217,0
            11.19263,43.51243,0
            11.19296,43.51266,0
            11.19298,43.51268,0
            11.19346,43.51296,0
            11.19475,43.51352,0
            11.19518,43.51376,0
            11.19554,43.514,0
            11.19554,43.51401,0
            11.19602,43.51442,0
            11.19604,43.51443,0
            11.19633,43.51475,0
            11.19656,43.51505,0
            11.19667,43.51522,0
            11.19682,43.51553,0
            11.19684,43.51555,0
            11.19702,43.51616,0
            11.19711,43.51697,0
            11.19714,43.51828,0
            11.19717,43.51861,0
            11.19725,43.51911,0
            11.19735,43.51948,0
            11.19757,43.52006,0
            11.19762,43.52015,0
            11.19762,43.52016,0
            11.19772,43.52036,0
            11.19772,43.52037,0
            11.19882,43.5224,0
            11.19909,43.52285,0
            11.19945,43.52336,0
            11.19945,43.52337,0
            11.19977,43.52377,0
            11.20015,43.52419,0
            11.20068,43.52471,0
            11.20118,43.52512,0
            11.20171,43.52551,0
            11.20172,43.52551,0
            11.20248,43.526,0
            11.20335,43.52647,0
            11.20391,43.52673,0
            11.20392,43.52674,0
            11.20812,43.52853,0
            11.20825,43.5286,0
            11.20826,43.52861,0
            11.20859,43.5288,0
            11.2101,43.52984,0
            11.21086,43.53024,0
            11.21137,43.53044,0
            11.21145,43.53046,0
            11.21146,43.53047,0
            11.21352,43.53107,0
            11.21367,43.53113,0
            11.2139,43.53119,0
            11.2142,43.5313,0
            11.21469,43.53152,0
            11.21523,43.53185,0
            11.21529,43.53191,0
            11.21592,43.53237,0
            11.21819,43.53382,0
            11.21868,43.53418,0
            11.21898,43.53443,0
            11.21948,43.53496,0
            11.21983,43.53542,0
            11.22006,43.53582,0
            11.22034,43.53643,0
            11.22043,43.53671,0
            11.22052,43.53714,0
            11.22057,43.53757,0
            11.22056,43.53829,0
            11.22042,43.53898,0
            11.22022,43.5395,0
            11.22,43.53994,0
            11.21961,43.54051,0
            11.21925,43.54093,0
            11.21887,43.54129,0
            11.21821,43.54181,0
            11.21766,43.54215,0
            11.21764,43.54217,0
            11.21519,43.54371,0
            11.21517,43.54373,0
            11.21398,43.54455,0
            11.21286,43.54543,0
            11.21162,43.54654,0
            11.21118,43.54701,0
            11.21109,43.54714,0
            11.21101,43.54723,0
            11.21089,43.54741,0
            11.21066,43.54784,0
            11.21055,43.5481,0
            11.21045,43.54842,0
            11.21034,43.54913,0
            11.21027,43.55438,0
            11.21029,43.55464,0
            11.21038,43.55507,0
            11.21044,43.55522,0
            11.21045,43.55529,0
            11.21055,43.55553,0
            11.21066,43.55574,0
            11.21066,43.55576,0
            11.21101,43.55631,0
            11.2119,43.55736,0
            11.21209,43.55763,0
            11.21235,43.55807,0
            11.21251,43.55845,0
            11.21263,43.55882,0
            11.21272,43.55928,0
            11.21285,43.56026,0
            11.21285,43.56031,0
            11.21332,43.56371,0
            11.21337,43.56452,0
            11.21335,43.5648,0
            11.21327,43.56524,0
            11.21319,43.56549,0
            11.21298,43.56601,0
            11.21278,43.56636,0
            11.21242,43.56684,0
            11.21229,43.56698,0
            11.21229,43.56699,0
            11.21227,43.567,0
            11.21217,43.56711,0
            11.21215,43.56712,0
            11.21158,43.56769,0
            11.20858,43.57035,0
            11.2083,43.57063,0
            11.20797,43.57103,0
            11.20775,43.57137,0
            11.20764,43.57159,0
            11.20764,43.5716,0
            11.20733,43.5722,0
            11.20686,43.57295,0
            11.20675,43.57316,0
            11.20667,43.57328,0
            11.20537,43.57562,0
            11.20487,43.57662,0
            11.20445,43.57768,0
            11.20408,43.57887,0
            11.20407,43.57888,0
            11.2037,43.5801,0
            11.2037,43.58011,0
            11.2014,43.5877,0
            11.20118,43.58822,0
            11.19973,43.59114,0
            11.19971,43.5912,0
            11.199,43.59257,0
            11.19871,43.59302,0
            11.19827,43.59363,0
            11.19537,43.59679,0
            11.19472,43.59757,0
            11.19425,43.59827,0
            11.19393,43.59886,0
            11.19178,43.60412,0
            11.1916,43.60478,0
            11.19153,43.60514,0
            11.19135,43.60662,0
            11.19135,43.6067,0
            11.19079,43.61154,0
            11.19067,43.61216,0
            11.1905,43.61271,0
            11.19016,43.61356,0
            11.18659,43.6197,0
            11.18658,43.61973,0
            11.18408,43.62403,0
            11.18376,43.62464,0
            11.18363,43.62495,0
            11.18347,43.62544,0
            11.18345,43.62548,0
            11.18327,43.62624,0
            11.18319,43.62689,0
            11.18318,43.6269,0
            11.18316,43.62714,0
            11.18325,43.63033,0
            11.18324,43.6306,0
            11.18317,43.63114,0
            11.18302,43.63176,0
            11.18278,43.6324,0
            11.1826,43.63277,0
            11.18226,43.63335,0
            11.18166,43.63422,0
            11.18156,43.6344,0
            11.18082,43.63554,0
            11.18033,43.6364,0
            11.17989,43.63736,0
            11.17886,43.64008,0
            11.17886,43.64009,0
            11.1783,43.64156,0
            11.17823,43.64182,0
            11.17817,43.6422,0
            11.17815,43.64266,0
            11.17819,43.64309,0
            11.17831,43.64354,0
            11.17846,43.64395,0
            11.17867,43.64435,0
            11.17892,43.64471,0
            11.17919,43.64504,0
            11.17998,43.6458,0
            11.17999,43.6458,0
            11.18101,43.64679,0
            11.18151,43.64723,0
            11.18212,43.64769,0
            11.18303,43.64824,0
            11.18584,43.64959,0
            11.18595,43.64963,0
            11.18826,43.65072,0
            11.18827,43.65072,0
            11.19,43.65156,0
            11.19,43.65157,0
            11.19074,43.65201,0
            11.19257,43.65326,0
            11.19375,43.65414,0
            11.19376,43.65414,0
            11.19449,43.65462,0
            11.1945,43.65462,0
            11.1958,43.65544,0
            11.19738,43.65652,0
            11.19789,43.65683,0
            11.19847,43.65714,0
            11.19955,43.65761,0
            11.20164,43.65832,0
            11.20217,43.65853,0
            11.20293,43.65891,0
            11.20312,43.65903,0
            11.20314,43.65905,0
            11.20326,43.65912,0
            11.20372,43.65947,0
            11.20406,43.65978,0
            11.20406,43.65979,0
            11.2061,43.66213,0
            11.20612,43.66214,0
            11.20692,43.66299,0
            11.20799,43.66431,0
            11.20871,43.66513,0
            11.20888,43.66536,0
            11.20911,43.66573,0
            11.20931,43.66614,0
            11.20943,43.66649,0
            11.20963,43.66738,0
            11.20964,43.66749,0
            11.21002,43.66933,0
            11.21017,43.67022,0
            11.21019,43.67028,0
            11.21035,43.67108,0
            11.21035,43.67113,0
            11.21037,43.67122,0
            11.2104,43.67201,0
            11.21024,43.67457,0
            11.21024,43.67516,0
            11.21027,43.67547,0
            11.21025,43.67615,0
            11.21033,43.67688,0
            11.21042,43.67721,0
            11.21056,43.67752,0
            11.21063,43.67763,0
            11.21067,43.67772,0
            11.2116,43.67905,0
            11.21184,43.67946,0
            11.21198,43.67974,0
            11.21211,43.68012,0
            11.21222,43.68063,0
            11.21224,43.68085,0
            11.21223,43.68138,0
            11.21114,43.68695,0
            11.21111,43.68723,0
            11.21111,43.68739,0
            11.21114,43.68773,0
            11.21128,43.68829,0
            11.2114,43.68855,0
            11.21169,43.68907,0
            11.21198,43.68948,0
            11.21226,43.68983,0
            11.21268,43.69046,0
            11.21281,43.69069,0
            11.21298,43.69117,0
            11.21306,43.69154,0
            11.21309,43.69192,0
            11.2131,43.69196,0
            11.2131,43.69212,0
            11.21303,43.6926,0
            11.21291,43.69299,0
            11.21204,43.69491,0
            11.21196,43.69505,0
            11.21179,43.69544,0
            11.21168,43.69576,0
            11.21159,43.69611,0
            11.21154,43.69644,0
            11.21154,43.69666,0
            11.21159,43.6971,0
            11.21165,43.69741,0
            11.21178,43.6978,0
            11.21192,43.69809,0
            11.21225,43.69858,0
            11.2131,43.69959,0
            11.21348,43.7001,0
            11.21359,43.70028,0
            11.21359,43.70029,0
            11.21368,43.70043,0
            11.21378,43.70065,0
            11.21398,43.70123,0
            11.21407,43.70168,0
            11.2141,43.70204,0
            11.21407,43.70257,0
            11.21337,43.70656,0
            11.21328,43.70691,0
            11.21328,43.70696,0
            11.21315,43.70778,0
            11.21314,43.70845,0
            11.21319,43.70899,0
            11.21338,43.70967,0
            11.21355,43.71006,0
            11.21375,43.71043,0
            11.21409,43.71093,0
            11.2141,43.71096,0
            11.21501,43.71239,0
            11.21536,43.71282,0
            11.2156,43.71306,0
            11.21574,43.71317,0
            11.21581,43.71324,0
            11.21614,43.71348,0
            11.21656,43.71373,0
            11.2183,43.71451,0
            11.2189,43.7149,0
            11.21945,43.71537,0
            11.21983,43.71581,0
            11.22007,43.71619,0
            11.22024,43.71655,0
            11.22033,43.71682,0
            11.22043,43.71735,0
            11.22045,43.71921,0
            11.22046,43.71924,0
            11.22046,43.71927,0
            11.2205,43.71939,0
            11.22055,43.71947,0
            11.22057,43.71949,0
            11.22057,43.7195,0
            11.22059,43.71953,0
            11.22062,43.71955,0
            11.22064,43.71958,0
            11.22075,43.71967,0
            11.22093,43.71977,0
            11.22112,43.71983,0
            11.22129,43.71986,0
            11.22133,43.71986,0
            11.22137,43.71987,0
            11.22292,43.71986,0
            11.22299,43.71988,0
            11.22313,43.71984,0
            11.22325,43.71984,0
            11.22337,43.71987,0
            11.2234,43.71989,0
            11.22343,43.7199,0
            11.22352,43.72,0
            11.22354,43.72006,0
            11.22354,43.72012,0
            11.22352,43.72017,0
            11.22352,43.72018,0
            11.22346,43.72025,0
            11.22337,43.72031,0
            11.22325,43.72034,0
            11.2232,43.72034,0
            11.2232,43.7204,0
            11.22313,43.72047,0
            11.22307,43.72056,0
            11.22305,43.72061,0
            11.22305,43.72067,0
            11.22301,43.72085,0
            11.22301,43.72094,0
            11.22299,43.72104,0
            11.22299,43.72109,0
            11.22297,43.72112,0
            11.22297,43.72113,0
            11.22276,43.72158,0
            11.22276,43.72159,0
            11.22248,43.72182,0
            11.22236,43.72189,0
            11.22228,43.72198,0
            11.22211,43.7223,0
            11.22201,43.72256,0
            11.22197,43.72275,0
            11.22197,43.72281,0
            11.22196,43.72287,0
            11.22196,43.72302,0
            11.22206,43.72371,0
            11.22213,43.72404,0
            11.22215,43.72409,0
            11.22216,43.7241,0
            11.22217,43.72412,0
            11.2222,43.72415,0
            11.22221,43.72417,0
            11.22222,43.72418,0
            11.22224,43.72419,0
            11.22226,43.72421,0
            11.22231,43.72424,0
            11.22242,43.72428,0
            11.22244,43.72428,0
            11.22247,43.72429,0
            11.22262,43.72429,0
            11.2227,43.72427,0
            11.22281,43.72421,0
            11.22284,43.72418,0
            11.22286,43.72417,0
            11.22288,43.72415,0
            11.22289,43.72413,0
            11.2229,43.72412,0
            11.22292,43.72407,0
            11.22292,43.72404,0
            11.22293,43.72402,0
            11.22293,43.72398,0
            11.22292,43.72396,0
            11.22292,43.72393,0
            11.22288,43.72386,0
            11.22281,43.72379,0
            11.2228,43.72379,0
            11.22279,43.72378,0
            11.22267,43.72373,0
            11.22255,43.72371,0
            11.22242,43.72371,0
            11.22224,43.72373,0
            11.22197,43.72381,0
            11.22187,43.7238,0
            11.22177,43.72384,0
            11.22174,43.72386,0
            11.22125,43.72407,0
            11.2177,43.72605,0
            11.21712,43.72631,0
            11.21643,43.72654,0
            11.21572,43.7267,0
            11.21499,43.7268,0
            11.21288,43.72694,0
            11.21283,43.72695,0
            11.20706,43.72732,0
            11.20631,43.72741,0
            11.20605,43.72746,0
            11.20484,43.72787,0
            11.2043,43.72815,0
            11.20429,43.72815,0
            11.20351,43.72859,0
            11.2035,43.7286,0
            11.20331,43.7287,0
            11.20331,43.72871,0
            11.20273,43.72904,0
            11.20272,43.72904,0
            11.20117,43.72993,0
            11.20117,43.72994,0
            11.20098,43.73005,0
            11.20097,43.73005,0
            11.2002,43.73049,0
            11.19984,43.73065,0
            11.19946,43.73078,0
            11.19889,43.73093,0
            11.1981,43.73105,0
            11.19747,43.73107,0
            11.19373,43.73097,0
            11.19293,43.73098,0
            11.19234,43.73103,0
            11.19123,43.73126,0
            11.19069,43.73143,0
            11.1904,43.73155,0
            11.1897,43.73191,0
            11.18947,43.73205,0
            11.18879,43.73257,0
            11.18829,43.73311,0
            11.18811,43.73336,0
            11.18796,43.73361,0
            11.18785,43.73372,0
            11.18624,43.73664,0
            11.1859,43.73713,0
            11.18442,43.73882,0
            11.18038,43.74311,0
            11.17967,43.74365,0
            11.17948,43.74376,0
            11.17946,43.74378,0
            11.17912,43.74396,0
            11.17876,43.74412,0
            11.17776,43.74446,0
            11.17545,43.74515,0
            11.17487,43.74539,0
            11.17435,43.74566,0
            11.17433,43.74568,0
            11.17408,43.74583,0
            11.17364,43.74615,0
            11.17338,43.74638,0
            11.17307,43.74671,0
            11.17306,43.74673,0
            11.17301,43.74678,0
            11.17273,43.74715,0
            11.17253,43.74749,0
            11.17243,43.7477,0
            11.1723,43.74804,0
            11.17218,43.74847,0
            11.17137,43.75297,0
            11.17135,43.75302,0
            11.17127,43.75346,0
            11.17126,43.75347,0
            11.17043,43.758,0
            11.17036,43.75826,0
            11.16985,43.76102,0
            11.16961,43.7619,0
            11.16942,43.76243,0
            11.16941,43.76248,0
            11.16926,43.76289,0
            11.16879,43.76382,0
            11.16879,43.76383,0
            11.1684,43.76446,0
            11.16775,43.76539,0
            11.16629,43.76728,0
            11.16629,43.76729,0
            11.16431,43.77004,0
            11.16381,43.7708,0
            11.16346,43.77146,0
            11.16306,43.77231,0
            11.16237,43.77421,0
            11.15997,43.78283,0
            11.15997,43.78285,0
            11.155,43.80068,0
            11.15499,43.80069,0
            11.15172,43.81245,0
            11.15162,43.81301,0
            11.15153,43.81403,0
            11.15164,43.82407,0
            11.15174,43.82515,0
            11.15192,43.82587,0
            11.15217,43.82657,0
            11.15218,43.82658,0
            11.15226,43.82677,0
            11.15273,43.82761,0
            11.153,43.82801,0
            11.15344,43.82859,0
            11.15391,43.82912,0
            11.15394,43.82914,0
            11.1615,43.83797,0
            11.16174,43.83822,0
            11.16467,43.84168,0
            11.16471,43.84174,0
            11.16714,43.84458,0
            11.16714,43.84459,0
            11.17329,43.85177,0
            11.17334,43.85181,0
            11.17353,43.85202,0
            11.1736,43.85208,0
            11.17487,43.85358,0
            11.17503,43.8538,0
            11.17581,43.85472,0
            11.17582,43.85472,0
            11.17594,43.85487,0
            11.17594,43.85488,0
            11.17595,43.85488,0
            11.17601,43.85495,0
            11.17601,43.85496,0
            11.17607,43.85502,0
            11.17642,43.85547,0
            11.17677,43.85599,0
            11.17705,43.85649,0
            11.17705,43.8565,0
            11.1772,43.8568,0
            11.17721,43.85684,0
            11.17741,43.85732,0
            11.17761,43.85801,0
            11.17772,43.85864,0
            11.17775,43.859,0
            11.17776,43.85958,0
            11.17772,43.86009,0
            11.17765,43.86057,0
            11.17749,43.86125,0
            11.1773,43.86191,0
            11.17523,43.86711,0
            11.17523,43.86712,0
            11.17486,43.86802,0
            11.17444,43.86917,0
            11.17388,43.87042,0
            11.17385,43.87052,0
            11.17342,43.87158,0
            11.17336,43.87185,0
            11.17331,43.87229,0
            11.17333,43.87259,0
            11.17334,43.87261,0
            11.17346,43.87319,0
            11.17372,43.87373,0
            11.17383,43.8739,0
            11.17385,43.87392,0
            11.17393,43.87404,0
            11.17676,43.87714,0
            11.17735,43.8777,0
            11.17824,43.87838,0
            11.17878,43.87872,0
            11.17974,43.87923,0
            11.1798,43.87925,0
            11.18121,43.88001,0
            11.18218,43.88068,0
            11.18386,43.88222,0
            11.1841,43.88252,0
            11.18412,43.88257,0
            11.18427,43.88279,0
            11.18439,43.88302,0
            11.1844,43.88303,0
            11.18452,43.88331,0
            11.18461,43.88346,0
            11.18469,43.88365,0
            11.1848,43.88399,0
            11.18488,43.88448,0
            11.18491,43.88484,0
            11.18491,43.88528,0
            11.18484,43.88564,0
            11.18473,43.88599,0
            11.1847,43.88615,0
            11.18434,43.88749,0
            11.18425,43.88801,0
            11.18423,43.88832,0
            11.18424,43.88875,0
            11.18435,43.88942,0
            11.18449,43.88988,0
            11.18466,43.8903,0
            11.18491,43.89075,0
            11.18491,43.89076,0
            11.18523,43.89123,0
            11.18561,43.89169,0
            11.19038,43.89605,0
            11.19043,43.89611,0
            11.1909,43.89654,0
            11.19092,43.89657,0
            11.19121,43.89688,0
            11.19161,43.8974,0
            11.19189,43.89787,0
            11.1919,43.8979,0
            11.19268,43.89935,0
            11.19282,43.89965,0
            11.19283,43.89969,0
            11.19315,43.90032,0
            11.19338,43.9009,0
            11.19353,43.90138,0
            11.19361,43.90172,0
            11.19435,43.90382,0
            11.19473,43.90525,0
            11.19477,43.90547,0
            11.19477,43.9063,0
            11.19478,43.90637,0
            11.19478,43.90728,0
            11.19473,43.90776,0
            11.19475,43.90786,0
            11.19474,43.90792,0
            11.19475,43.90795,0
            11.19471,43.90815,0
            11.19473,43.90832,0
            11.19472,43.90864,0
            11.19473,43.90883,0
            11.19472,43.9089,0
            11.19473,43.90922,0
            11.1948,43.9098,0
            11.19494,43.9103,0
            11.19523,43.9109,0
            11.19549,43.91128,0
            11.19579,43.91162,0
            11.1985,43.91402,0
            11.19863,43.91416,0
            11.199,43.91474,0
            11.19917,43.91507,0
            11.19917,43.91508,0
            11.19934,43.91554,0
            11.19935,43.91559,0
            11.19944,43.91581,0
            11.19951,43.91592,0
            11.19952,43.91597,0
            11.19968,43.91626,0
            11.19999,43.91672,0
            11.20036,43.91714,0
            11.20068,43.91743,0
            11.20113,43.91776,0
            11.20114,43.91776,0
            11.20145,43.91796,0
            11.20181,43.91816,0
            11.20217,43.91833,0
            11.20295,43.91862,0
            11.20323,43.9187,0
            11.20397,43.91886,0
            11.20755,43.91946,0
            11.20868,43.91971,0
            11.20984,43.92008,0
            11.21077,43.92048,0
            11.21115,43.92068,0
            11.21116,43.92068,0
            11.21168,43.92098,0
            11.21175,43.92101,0
            11.21218,43.92128,0
            11.21272,43.92169,0
            11.21371,43.92262,0
            11.21376,43.92268,0
            11.21735,43.92616,0
            11.21757,43.92642,0
            11.21775,43.92668,0
            11.21806,43.92729,0
            11.21821,43.92769,0
            11.21845,43.92852,0
            11.21866,43.92947,0
            11.21878,43.9299,0
            11.21907,43.93119,0
            11.21916,43.93174,0
            11.21922,43.93196,0
            11.21929,43.93214,0
            11.21976,43.93306,0
            11.2199,43.93326,0
            11.22022,43.93362,0
            11.22103,43.93439,0
            11.2214,43.93481,0
            11.22147,43.93491,0
            11.22165,43.93524,0
            11.22185,43.93567,0
            11.22191,43.93584,0
            11.222,43.93625,0
            11.22203,43.93673,0
            11.22195,43.93789,0
            11.22194,43.9379,0
            11.22195,43.93821,0
            11.22191,43.93847,0
            11.22187,43.93918,0
            11.22185,43.93932,0
            11.22182,43.93943,0
            11.22177,43.93976,0
            11.22166,43.94014,0
            11.2216,43.94028,0
            11.22142,43.94061,0
            11.2213,43.94076,0
            11.2212,43.94092,0
            11.22106,43.94109,0
            11.22094,43.94119,0
            11.22072,43.94143,0
            11.21624,43.94521,0
            11.21624,43.94522,0
            11.21622,43.94523,0
            11.21491,43.94634,0
            11.21481,43.94646,0
            11.2148,43.94646,0
            11.21479,43.94648,0
            11.2143,43.94706,0
            11.21408,43.94742,0
            11.21396,43.94773,0
            11.21389,43.94811,0
            11.21366,43.95068,0
            11.21361,43.95091,0
            11.21341,43.9514,0
            11.21319,43.9518,0
            11.21296,43.95211,0
            11.21274,43.95236,0
            11.21156,43.95355,0
            11.21026,43.95468,0
            11.20998,43.95495,0
            11.20982,43.95513,0
            11.20953,43.95553,0
            11.20929,43.95599,0
            11.20903,43.95672,0
            11.20892,43.95715,0
            11.20885,43.95757,0
            11.20884,43.95789,0
            11.20887,43.95834,0
            11.20893,43.9587,0
            11.20904,43.95911,0
            11.20924,43.9596,0
            11.2105,43.96203,0
            11.21082,43.96273,0
            11.21083,43.96278,0
            11.211,43.96321,0
            11.21121,43.96385,0
            11.21137,43.96452,0
            11.21141,43.96463,0
            11.21154,43.96539,0
            11.21164,43.96676,0
            11.21162,43.96869,0
            11.21161,43.96873,0
            11.21158,43.97053,0
            11.21157,43.97055,0
            11.21156,43.97107,0
            11.21155,43.97112,0
            11.21155,43.97207,0
            11.21154,43.97214,0
            11.21155,43.9723,0
            11.21152,43.9728,0
            11.21151,43.97283,0
            11.21144,43.97535,0
            11.21145,43.97586,0
            11.21142,43.9766,0
            11.21145,43.97677,0
            11.21138,43.97944,0
            11.21139,43.97952,0
            11.21135,43.98141,0
            11.21134,43.98146,0
            11.21127,43.98519,0
            11.21134,43.98589,0
            11.21137,43.98605,0
            11.21159,43.98678,0
            11.21188,43.98734,0
            11.21208,43.98763,0
            11.21251,43.98816,0
            11.21297,43.98861,0
            11.21327,43.98886,0
            11.21376,43.98921,0
            11.21558,43.9902,0
            11.2156,43.99022,0
            11.21984,43.9925,0
            11.21998,43.99259,0
            11.22049,43.99303,0
            11.2207,43.99329,0
            11.22071,43.99332,0
            11.22097,43.99378,0
            11.22106,43.99409,0
            11.22106,43.99412,0
            11.22108,43.99416,0
            11.22113,43.99457,0
            11.22111,43.99485,0
            11.22107,43.99506,0
            11.22098,43.99534,0
            11.21859,44.00037,0
            11.21854,44.00065,0
            11.21854,44.00069,0
            11.21852,44.00078,0
            11.21849,44.00118,0
            11.21849,44.0015,0
            11.21854,44.00191,0
            11.2186,44.00219,0
            11.21873,44.00258,0
            11.21934,44.00389,0
            11.21945,44.00418,0
            11.21957,44.00482,0
            11.21956,44.00519,0
            11.2195,44.00558,0
            11.21939,44.00596,0
            11.21874,44.00722,0
            11.21863,44.00747,0
            11.21855,44.0078,0
            11.21854,44.008,0
            11.21858,44.00838,0
            11.21863,44.00856,0
            11.21863,44.00858,0
            11.21882,44.00903,0
            11.2191,44.0095,0
            11.21921,44.00963,0
            11.22046,44.01149,0
            11.22048,44.01151,0
            11.22244,44.01446,0
            11.22253,44.01462,0
            11.22378,44.01648,0
            11.22382,44.01657,0
            11.22424,44.01721,0
            11.22432,44.01738,0
            11.22449,44.01783,0
            11.22455,44.01818,0
            11.22457,44.01867,0
            11.22452,44.01909,0
            11.22447,44.01929,0
            11.22428,44.01977,0
            11.22331,44.02146,0
            11.22326,44.02158,0
            11.22271,44.02251,0
            11.22209,44.02372,0
            11.22196,44.02406,0
            11.2219,44.02444,0
            11.22188,44.02482,0
            11.22191,44.02507,0
            11.22212,44.02566,0
            11.22222,44.02588,0
            11.22231,44.02603,0
            11.22245,44.02621,0
            11.22526,44.0291,0
            11.22557,44.02951,0
            11.22577,44.02982,0
            11.22603,44.03035,0
            11.2261,44.03059,0
            11.22612,44.03063,0
            11.2262,44.0309,0
            11.22631,44.03151,0
            11.22634,44.03217,0
            11.22633,44.03257,0
            11.22639,44.03472,0
            11.22644,44.0352,0
            11.22651,44.03557,0
            11.22672,44.03626,0
            11.22687,44.03662,0
            11.22713,44.03711,0
            11.22738,44.03752,0
            11.22794,44.03825,0
            11.22837,44.0387,0
            11.22918,44.03939,0
            11.22944,44.03957,0
            11.22946,44.03959,0
            11.22988,44.03987,0
            11.23056,44.04026,0
            11.23106,44.04051,0
            11.23107,44.04051,0
            11.23488,44.04244,0
            11.2356,44.04289,0
            11.23613,44.04326,0
            11.23671,44.04371,0
            11.23727,44.04419,0
            11.23777,44.04468,0
            11.23836,44.04534,0
            11.23898,44.04618,0
            11.23902,44.04625,0
            11.23909,44.04634,0
            11.24048,44.04863,0
            11.24182,44.05117,0
            11.2436,44.05544,0
            11.24404,44.05632,0
            11.24465,44.05784,0
            11.24493,44.05888,0
            11.24501,44.05937,0
            11.24508,44.06023,0
            11.24506,44.06093,0
            11.24501,44.06137,0
            11.24488,44.06214,0
            11.24466,44.06296,0
            11.2444,44.06367,0
            11.24396,44.06453,0
            11.24281,44.06651,0
            11.2428,44.06652,0
            11.24149,44.06884,0
            11.24117,44.06935,0
            11.24117,44.06936,0
            11.23876,44.07331,0
            11.23838,44.07385,0
            11.23576,44.07813,0
            11.23158,44.08582,0
            11.2315,44.08594,0
            11.2315,44.08596,0
            11.22581,44.09646,0
            11.22489,44.098,0
            11.22359,44.09997,0
            11.22205,44.10208,0
            11.22127,44.10307,0
            11.21954,44.10511,0
            11.2182,44.10656,0
            11.21682,44.10796,0
            11.21554,44.10918,0
            11.21384,44.1107,0
            11.20129,44.12103,0
            11.20022,44.12199,0
            11.19927,44.12292,0
            11.19784,44.12449,0
            11.1973,44.12515,0
            11.19644,44.12631,0
            11.19561,44.12755,0
            11.19491,44.12874,0
            11.19419,44.13017,0
            11.1937,44.13134,0
            11.19321,44.1327,0
            11.1927,44.13456,0
            11.19254,44.13538,0
            11.19233,44.13691,0
            11.19227,44.13775,0
            11.19224,44.13891,0
            11.19228,44.14025,0
            11.19252,44.14228,0
            11.19324,44.14641,0
            11.19372,44.14866,0
            11.19465,44.15237,0
            11.195,44.15346,0
            11.19526,44.1544,0
            11.1953,44.15442,0
            11.19535,44.15447,0
            11.19537,44.1545,0
            11.1954,44.1546,0
            11.19541,44.15468,0
            11.19551,44.15504,0
            11.19553,44.15507,0
            11.19558,44.15522,0
            11.19564,44.15531,0
            11.19584,44.15547,0
            11.19609,44.15556,0
            11.19626,44.15558,0
            11.1964,44.15558,0
            11.19664,44.15553,0
            11.19684,44.15545,0
            11.19689,44.15542,0
            11.19696,44.15536,0
            11.19708,44.15522,0
            11.19713,44.15505,0
            11.19714,44.15496,0
            11.19712,44.15488,0
            11.19701,44.15468,0
            11.19684,44.15453,0
            11.19683,44.15449,0
            11.19641,44.15423,0
            11.19622,44.15404,0
            11.19614,44.154,0
            11.19607,44.15392,0
            11.19602,44.15381,0
            11.19601,44.15376,0
            11.19599,44.15371,0
            11.19596,44.15358,0
            11.19594,44.15329,0
            11.19594,44.15249,0
            11.19597,44.15243,0
            11.19601,44.1523,0
            11.19609,44.15219,0
            11.19653,44.15227,0
            11.19656,44.15227,0
            11.19738,44.15241,0
            11.19766,44.15248,0
            11.19786,44.15256,0
            11.19809,44.15268,0
            11.1983,44.15283,0
            11.19882,44.15331,0
            11.19885,44.15333,0
            11.19885,44.15334,0
            11.19905,44.1536,0
            11.19912,44.15373,0
            11.19914,44.15393,0
            11.19908,44.1541,0
            11.19895,44.15426,0
            11.19872,44.15444,0
            11.1987,44.15445,0
            11.19854,44.1546,0
            11.19851,44.15468,0
            11.19851,44.15478,0
            11.19853,44.15486,0
            11.19853,44.15488,0
            11.19855,44.15492,0
            11.19856,44.15496,0
            11.19889,44.15547,0
            11.19898,44.1558,0
            11.19893,44.15623,0
            11.19894,44.15634,0
            11.19898,44.15642,0
            11.19904,44.15648,0
            11.19914,44.15654,0
            11.19939,44.15665,0
            11.19949,44.15671,0
            11.19958,44.15678,0
            11.19965,44.15686,0
            11.1997,44.15694,0
            11.19981,44.15731,0
            11.19987,44.15742,0
            11.19996,44.15751,0
            11.19998,44.15752,0
            11.19998,44.15753,0
            11.20006,44.15758,0
            11.2002,44.15763,0
            11.20032,44.15765,0
            11.20044,44.15765,0
            11.20061,44.15761,0
            11.20075,44.15754,0
            11.2008,44.1575,0
            11.20088,44.15739,0
            11.20092,44.15728,0
            11.20092,44.15704,0
            11.20087,44.15676,0
            11.2006,44.15591,0
            11.20058,44.15557,0
            11.20063,44.15532,0
            11.20066,44.15528,0
            11.20074,44.15522,0
            11.20088,44.15518,0
            11.20091,44.15519,0
            11.201,44.15519,0
            11.20107,44.15522,0
            11.20113,44.15527,0
            11.20115,44.15528,0
            11.20118,44.15537,0
            11.20119,44.15538,0
            11.20126,44.15555,0
            11.2014,44.15577,0
            11.2018,44.15604,0
            11.20208,44.15618,0
            11.20209,44.15619,0
            11.20216,44.15623,0
            11.20224,44.15626,0
            11.20245,44.15647,0
            11.20255,44.15664,0
            11.20259,44.15698,0
            11.20264,44.15711,0
            11.20268,44.15718,0
            11.20281,44.15726,0
            11.20288,44.15729,0
            11.20306,44.15732,0
            11.2032,44.1573,0
            11.20331,44.15725,0
            11.2035,44.15712,0
            11.20362,44.15701,0
            11.20407,44.15649,0
            11.20407,44.15648,0
            11.2041,44.1564,0
            11.20411,44.15639,0
            11.20412,44.15634,0
            11.20413,44.15632,0
            11.20414,44.15626,0
            11.20412,44.15621,0
            11.204,44.15602,0
            11.20378,44.15573,0
            11.20374,44.15569,0
            11.20369,44.15558,0
            11.20368,44.15558,0
            11.20368,44.15556,0
            11.20364,44.15548,0
            11.20366,44.1554,0
            11.20372,44.15535,0
            11.20376,44.15533,0
            11.20378,44.15531,0
            11.2039,44.15527,0
            11.20399,44.15527,0
            11.20404,44.15528,0
            11.20416,44.15528,0
            11.20418,44.15529,0
            11.20448,44.15534,0
            11.20454,44.15536,0
            11.2047,44.15533,0
            11.20482,44.15527,0
            11.20502,44.15512,0
            11.20514,44.15501,0
            11.20528,44.15482,0
            11.2054,44.1547,0
            11.20547,44.15466,0
            11.20551,44.15466,0
            11.20555,44.15465,0
            11.20561,44.15465,0
            11.20564,44.15466,0
            11.20566,44.15466,0
            11.20584,44.15479,0
            11.20534,44.15518,0
            11.20513,44.15528,0
            11.20518,44.15544,0
            11.2052,44.15548,0
            11.20526,44.15556,0
            11.20537,44.15562,0
            11.20581,44.15578,0
            11.20582,44.15578,0
            11.20592,44.15584,0
            11.20594,44.15586,0
            11.20595,44.15588,0
            11.20597,44.1559,0
            11.20597,44.15592,0
            11.20598,44.15592,0
            11.20598,44.15595,0
            11.20599,44.15597,0
            11.20599,44.15604,0
            11.20595,44.15626,0
            11.20594,44.1564,0
            11.206,44.15671,0
            11.20604,44.15676,0
            11.20606,44.15681,0
            11.20606,44.15685,0
            11.20608,44.1569,0
            11.20609,44.15698,0
            11.20607,44.15709,0
            11.20601,44.15723,0
            11.20585,44.15742,0
            11.20577,44.15749,0
            11.20574,44.15754,0
            11.20573,44.15757,0
            11.20572,44.15758,0
            11.2057,44.15763,0
            11.20568,44.15777,0
            11.20568,44.15783,0
            11.20571,44.15795,0
            11.20579,44.15813,0
            11.20599,44.15838,0
            11.206,44.1584,0
            11.206,44.15844,0
            11.20664,44.15904,0
            11.20677,44.15919,0
            11.20781,44.1602,0
            11.20798,44.16039,0
            11.20823,44.16073,0
            11.20837,44.16097,0
            11.20855,44.16139,0
            11.20863,44.16168,0
            11.20867,44.16191,0
            11.20871,44.16368,0
            11.20877,44.16421,0
            11.20958,44.16764,0
            11.2097,44.168,0
            11.20974,44.16808,0
            11.20977,44.16817,0
            11.21005,44.16868,0
            11.21028,44.16898,0
            11.21078,44.16952,0
            11.21276,44.17105,0
            11.21318,44.17145,0
            11.21342,44.17173,0
            11.21377,44.17226,0
            11.21389,44.17249,0
            11.21389,44.1725,0
            11.21408,44.17299,0
            11.21416,44.17337,0
            11.2142,44.17382,0
            11.21417,44.17434,0
            11.21413,44.17464,0
            11.21401,44.17505,0
            11.21391,44.17532,0
            11.20967,44.18353,0
            11.20963,44.18359,0
            11.20933,44.1842,0
            11.20921,44.18467,0
            11.20921,44.18527,0
            11.20922,44.18533,0
            11.20932,44.18566,0
            11.20953,44.1861,0
            11.20985,44.18661,0
            11.21009,44.18705,0
            11.2102,44.1873,0
            11.21025,44.18748,0
            11.21027,44.1877,0
            11.21025,44.18805,0
            11.21023,44.18818,0
            11.21016,44.18841,0
            11.21009,44.18858,0
            11.20995,44.1888,0
            11.2097,44.18911,0
            11.2088,44.19008,0
            11.20849,44.19046,0
            11.20838,44.19062,0
            11.20819,44.19095,0
            11.20792,44.19153,0
            11.20784,44.19175,0
            11.20763,44.19265,0
            11.20761,44.19296,0
            11.20761,44.19351,0
            11.20783,44.19513,0
            11.20783,44.1952,0
            11.20796,44.19602,0
            11.20797,44.19604,0
            11.2083,44.19821,0
            11.20832,44.19847,0
            11.20831,44.19902,0
            11.20821,44.19966,0
            11.20808,44.20012,0
            11.20789,44.20061,0
            11.20762,44.20112,0
            11.2072,44.20173,0
            11.20706,44.20189,0
            11.20705,44.20191,0
            11.20676,44.20223,0
            11.20632,44.20265,0
            11.20256,44.20589,0
            11.20243,44.20603,0
            11.20225,44.20628,0
            11.20198,44.20677,0
            11.20184,44.20713,0
            11.20178,44.2074,0
            11.20174,44.20771,0
            11.20168,44.21202,0
            11.20162,44.21248,0
            11.20145,44.21303,0
            11.2012,44.21353,0
            11.20109,44.21368,0
            11.20108,44.21371,0
            11.20099,44.21382,0
            11.20096,44.21387,0
            11.19951,44.2156,0
            11.19937,44.21579,0
            11.19917,44.21614,0
            11.19896,44.21666,0
            11.19888,44.21694,0
            11.19882,44.21732,0
            11.19882,44.21739,0
            11.1986,44.21912,0
            11.19851,44.21941,0
            11.19839,44.21968,0
            11.19804,44.22018,0
            11.1979,44.22034,0
            11.19771,44.22052,0
            11.19718,44.22091,0
            11.19709,44.22099,0
            11.19657,44.22137,0
            11.19567,44.22195,0
            11.19557,44.22203,0
            11.19417,44.22294,0
            11.19381,44.22321,0
            11.19331,44.22367,0
            11.19303,44.22403,0
            11.19287,44.22428,0
            11.19281,44.2244,0
            11.19278,44.22444,0
            11.19269,44.22464,0
            11.19241,44.22543,0
            11.19234,44.2258,0
            11.19234,44.226,0
            11.19237,44.22628,0
            11.19239,44.22637,0
            11.19239,44.22641,0
            11.19244,44.22658,0
            11.19305,44.22802,0
            11.19316,44.22844,0
            11.1932,44.22873,0
            11.19331,44.23026,0
            11.19333,44.23033,0
            11.19335,44.23047,0
            11.19345,44.2308,0
            11.19362,44.23114,0
            11.19393,44.2316,0
            11.194,44.23167,0
            11.19534,44.23336,0
            11.19543,44.2335,0
            11.19557,44.23378,0
            11.19568,44.23412,0
            11.19572,44.2344,0
            11.19571,44.23466,0
            11.1957,44.23468,0
            11.19569,44.23476,0
            11.19566,44.23487,0
            11.19566,44.2349,0
            11.19561,44.2351,0
            11.19553,44.23532,0
            11.19535,44.23568,0
            11.19524,44.23585,0
            11.19368,44.23787,0
            11.19354,44.23808,0
            11.19352,44.2381,0
            11.19338,44.23834,0
            11.19327,44.23862,0
            11.19322,44.23888,0
            11.1932,44.23914,0
            11.19323,44.24053,0
            11.1933,44.24086,0
            11.19349,44.24131,0
            11.19369,44.2416,0
            11.19392,44.24186,0
            11.19524,44.24292,0
            11.19544,44.24311,0
            11.19557,44.24326,0
            11.19575,44.24351,0
            11.19594,44.24387,0
            11.19599,44.24401,0
            11.19605,44.24425,0
            11.19608,44.2445,0
            11.19608,44.24483,0
            11.19549,44.24918,0
            11.19548,44.24921,0
            11.19548,44.24926,0
            11.19538,44.24998,0
            11.19535,44.25044,0
            11.19535,44.2508,0
            11.19553,44.25256,0
            11.19554,44.25322,0
            11.19545,44.25386,0
            11.19533,44.25427,0
            11.19464,44.25613,0
            11.19452,44.25653,0
            11.19449,44.25669,0
            11.19445,44.25709,0
            11.19445,44.25736,0
            11.19447,44.25759,0
            11.19454,44.25797,0
            11.19463,44.25827,0
            11.19621,44.26208,0
            11.19651,44.26267,0
            11.19682,44.26318,0
            11.19739,44.26396,0
            11.19903,44.26603,0
            11.19918,44.26628,0
            11.19938,44.26673,0
            11.19944,44.26696,0
            11.19947,44.26717,0
            11.19948,44.26765,0
            11.19939,44.2682,0
            11.19938,44.26822,0
            11.19925,44.26903,0
            11.19925,44.26925,0
            11.19928,44.26962,0
            11.19941,44.27022,0
            11.1995,44.27045,0
            11.20041,44.27221,0
            11.20085,44.27314,0
            11.20101,44.27363,0
            11.20136,44.2751,0
            11.20137,44.27519,0
            11.20183,44.27717,0
            11.20192,44.2774,0
            11.20206,44.27768,0
            11.20211,44.27775,0
            11.20214,44.27781,0
            11.20239,44.27814,0
            11.2026,44.27837,0
            11.20334,44.279,0
            11.20351,44.27912,0
            11.20379,44.27936,0
            11.20444,44.27985,0
            11.20598,44.28112,0
            11.20619,44.28132,0
            11.20647,44.28166,0
            11.20667,44.28198,0
            11.20681,44.2823,0
            11.20688,44.28253,0
            11.20692,44.28279,0
            11.20698,44.28425,0
            11.20697,44.28463,0
            11.20698,44.28471,0
            11.20701,44.28663,0
            11.20702,44.28663,0
            11.20705,44.28697,0
            11.20715,44.28755,0
            11.20744,44.28843,0
            11.20792,44.28935,0
            11.20832,44.28991,0
            11.20855,44.29018,0
            11.20911,44.29076,0
            11.20945,44.29105,0
            11.21019,44.2916,0
            11.21054,44.29183,0
            11.21158,44.29239,0
            11.21234,44.29272,0
            11.2139,44.29323,0
            11.21928,44.29459,0
            11.23003,44.2971,0
            11.23005,44.29711,0
            11.23145,44.2974,0
            11.23147,44.29741,0
            11.23294,44.29767,0
            11.23299,44.29767,0
            11.23604,44.29815,0
            11.23713,44.29836,0
            11.23805,44.29863,0
            11.23856,44.29883,0
            11.23938,44.29922,0
            11.24022,44.29975,0
            11.24061,44.30004,0
            11.24062,44.30004,0
            11.24154,44.30089,0
            11.24155,44.30089,0
            11.24185,44.30117,0
            11.24185,44.30118,0
            11.24591,44.30503,0
            11.24593,44.30504,0
            11.24622,44.30532,0
            11.24623,44.30532,0
            11.24714,44.30618,0
            11.24715,44.30618,0
            11.24866,44.30758,0
            11.24978,44.30891,0
            11.25016,44.30957,0
            11.25038,44.31003,0
            11.25039,44.31004,0
            11.25051,44.31031,0
            11.25072,44.31108,0
            11.25078,44.3114,0
            11.25083,44.31194,0
            11.25096,44.3161,0
            11.25107,44.31665,0
            11.25132,44.31748,0
            11.25153,44.31801,0
            11.25197,44.31879,0
            11.25238,44.31936,0
            11.2547,44.32299,0
            11.25519,44.32386,0
            11.25577,44.32502,0
            11.25716,44.32816,0
            11.25774,44.32931,0
            11.25846,44.33053,0
            11.25947,44.33191,0
            11.25983,44.33234,0
            11.26096,44.33353,0
            11.26186,44.33438,0
            11.26594,44.33785,0
            11.26668,44.33856,0
            11.26702,44.33893,0
            11.26748,44.33955,0
            11.26782,44.34014,0
            11.26802,44.34054,0
            11.26825,44.34113,0
            11.26841,44.34179,0
            11.26848,44.34227,0
            11.2685,44.34265,0
            11.26846,44.34331,0
            11.26832,44.34409,0
            11.26809,44.34484,0
            11.26341,44.3554,0
            11.26339,44.35543,0
            11.26265,44.35704,0
            11.26263,44.35711,0
            11.25919,44.36481,0
            11.25868,44.36605,0
            11.2584,44.36685,0
            11.25802,44.36828,0
            11.25787,44.36919,0
            11.25778,44.37009,0
            11.25773,44.37117,0
            11.25781,44.37243,0
            11.25798,44.37368,0
            11.25816,44.37455,0
            11.25823,44.37478,0
            11.25825,44.37489,0
            11.25838,44.37534,0
            11.2593,44.37789,0
            11.26001,44.3795,0
            11.26021,44.38013,0
            11.26045,44.38109,0
            11.26046,44.38109,0
            11.26046,44.38111,0
            11.2605,44.38125,0
            11.26066,44.38217,0
            11.26077,44.38302,0
            11.26082,44.38429,0
            11.26076,44.38519,0
            11.26066,44.38599,0
            11.26044,44.38715,0
            11.26036,44.3878,0
            11.25989,44.39008,0
            11.25953,44.39152,0
            11.25951,44.39157,0
            11.25951,44.39162,0
            11.25931,44.39238,0
            11.25928,44.39267,0
            11.25926,44.39274,0
            11.25919,44.39328,0
            11.25916,44.39415,0
            11.25917,44.3942,0
            11.25917,44.39455,0
            11.2592,44.39501,0
            11.25932,44.39575,0
            11.25958,44.39677,0
            11.25985,44.3975,0
            11.26018,44.39818,0
            11.26025,44.39828,0
            11.26048,44.39871,0
            11.26114,44.39972,0
            11.26204,44.40084,0
            11.2622,44.40101,0
            11.2631,44.40214,0
            11.26351,44.40273,0
            11.26384,44.4033,0
            11.26411,44.40388,0
            11.26466,44.40535,0
            11.26795,44.41487,0
            11.26795,44.41488,0
            11.26824,44.41576,0
            11.26827,44.41582,0
            11.26828,44.41588,0
            11.26831,44.41594,0
            11.26835,44.41608,0
            11.26873,44.41703,0
            11.26924,44.41789,0
            11.26935,44.41812,0
            11.26936,44.41813,0
            11.27096,44.421,0
            11.27105,44.42113,0
            11.27528,44.42843,0
            11.27559,44.42908,0
            11.27581,44.42962,0
            11.27601,44.4302,0
            11.27603,44.43031,0
            11.27606,44.43038,0
            11.2761,44.43055,0
            11.27611,44.43056,0
            11.27628,44.43125,0
            11.27629,44.43126,0
            11.27679,44.43346,0
            11.27687,44.43393,0
            11.27888,44.44275,0
            11.27888,44.44277,0
            11.28111,44.4525,0
            11.28115,44.45275,0
            11.28117,44.45304,0
            11.2812,44.45322,0
            11.28123,44.45359,0
            11.28122,44.45419,0
            11.2812,44.45437,0
            11.2811,44.45484,0
            11.28096,44.45524,0
            11.28084,44.45552,0
            11.28067,44.45584,0
            11.28022,44.4565,0
            11.27969,44.45707,0
            11.27941,44.45731,0
            11.27682,44.45913,0
            11.27627,44.45967,0
            11.27604,44.45993,0
            11.27568,44.46041,0
            11.27549,44.46074,0
            11.27529,44.4612,0
            11.27526,44.46132,0
            11.2752,44.46147,0
            11.2752,44.46149,0
            11.27504,44.46223,0
            11.2747,44.46615,0
            11.27469,44.46618,0
            11.27468,44.46641,0
            11.27467,44.46641,0
            11.2746,44.46722,0
            11.27454,44.46762,0
            11.27436,44.46833,0
            11.27426,44.46861,0
            11.27425,44.46862,0
            11.27408,44.46899,0
            11.27371,44.46958,0
            11.27322,44.47017,0
            11.27242,44.47093,0
            11.27028,44.47283,0
            11.26827,44.47492,0
            11.26826,44.47492,0
            11.26703,44.47625,0
            11.26688,44.47639,0
            11.26048,44.48325,0
            11.25922,44.48444,0
            11.25837,44.48515,0
            11.25694,44.48621,0
            11.25608,44.48678,0
            11.2547,44.48759,0
            11.25469,44.48759,0
            11.25293,44.4885,0
            11.25087,44.48938,0
            11.25086,44.48938,0
            11.2466,44.49091,0
            11.24659,44.49092,0
            11.22493,44.49876,0
            11.22493,44.49877,0
            11.21505,44.50233,0
            11.21503,44.50233,0
            11.19918,44.50804,0
            11.19917,44.50804,0
            11.19895,44.50812,0
            11.19894,44.50812,0
            11.17467,44.5169,0
            11.17466,44.51691,0
            11.17406,44.51712,0
            11.17406,44.51713,0
            11.16792,44.51928,0
            11.16791,44.51928,0
            11.12509,44.53384,0
            11.0453,44.56436,0
            11.04437,44.56468,0
            11.04219,44.56531,0
            10.99931,44.57419,0
            10.99774,44.57456,0
            10.99129,44.57626,0
            10.99127,44.57626,0
            10.98634,44.57756,0
            10.98632,44.57757,0
            10.98259,44.57855,0
            10.98257,44.57856,0
            10.97368,44.58091,0
            10.97138,44.58166,0
            10.96956,44.58234,0
            10.96612,44.5838,0
            10.96609,44.58382,0
            10.96607,44.58382,0
            10.95328,44.58931,0
            10.95327,44.58931,0
            10.94866,44.59128,0
            10.94865,44.59129,0
            10.94213,44.59408,0
            10.94212,44.59408,0
            10.91419,44.60602,0
            10.91418,44.60602,0
            10.88818,44.61714,0
            10.88763,44.61742,0
            10.88701,44.61778,0
            10.88615,44.61835,0
            10.88541,44.6189,0
            10.88421,44.61997,0
            10.88392,44.62029,0
            10.88391,44.62029,0
            10.88359,44.62065,0
            10.88308,44.6213,0
            10.88266,44.62192,0
            10.88038,44.62566,0
            10.88034,44.62571,0
            10.87651,44.63199,0
            10.87651,44.632,0
            10.87419,44.63578,0
            10.87417,44.6358,0
            10.87129,44.64051,0
            10.87129,44.64052,0
            10.87021,44.64229,0
            10.8702,44.64229,0
            10.86879,44.64457,0
            10.86877,44.64459,0
            10.8656,44.64983,0
            10.86558,44.64985,0
            10.86034,44.65836,0
            10.86027,44.65845,0
            10.86019,44.65853,0
            10.86003,44.65884,0
            10.8589,44.66025,0
            10.85802,44.6612,0
            10.85739,44.66177,0
            10.85662,44.66239,0
            10.85562,44.66311,0
            10.85449,44.66381,0
            10.85438,44.66386,0
            10.85422,44.66396,0
            10.85328,44.66444,0
            10.85199,44.66503,0
            10.85069,44.66553,0
            10.82181,44.67553,0
            10.8218,44.67553,0
            10.72636,44.70861,0
            10.7234,44.70952,0
            10.72043,44.71028,0
            10.70631,44.71318,0
            10.70629,44.71319,0
            10.69175,44.71617,0
            10.69169,44.71619,0
            10.67636,44.71931,0
            10.67614,44.71937,0
            10.65204,44.7243,0
            10.65202,44.72431,0
            10.63327,44.72817,0
            10.63326,44.72818,0
            10.62576,44.72996,0
            10.62553,44.72999,0
            10.57779,44.7413,0
            10.57516,44.74207,0
            10.57272,44.74299,0
            10.57119,44.74367,0
            10.54796,44.7547,0
            10.54795,44.7547,0
            10.52033,44.76782,0
            10.52023,44.76788,0
            10.51975,44.76811,0
            10.51966,44.76814,0
            10.50306,44.77598,0
            10.503,44.77602,0
            10.50033,44.77728,0
            10.50032,44.77728,0
            10.48501,44.7845,0
            10.485,44.78451,0
            10.47858,44.78754,0
            10.47852,44.78756,0
            10.46926,44.79193,0
            10.4692,44.79195,0
            10.46017,44.7962,0
            10.45397,44.79886,0
            10.45025,44.80032,0
            10.40404,44.81747,0
            10.40403,44.81748,0
            10.38498,44.82454,0
            10.38496,44.82454,0
            10.36806,44.83081,0
            10.36805,44.83081,0
            10.36615,44.83152,0
            10.36603,44.83155,0
            10.35394,44.83603,0
            10.35222,44.8366,0
            10.34977,44.8373,0
            10.34225,44.83917,0
            10.34217,44.83923,0
            10.34175,44.83936,0
            10.3408,44.8396,0
            10.34072,44.83961,0
            10.34046,44.83968,0
            10.34042,44.8397,0
            10.34011,44.83979,0
            10.33951,44.84001,0
            10.33929,44.84011,0
            10.33905,44.84027,0
            10.33886,44.84043,0
            10.33872,44.84058,0
            10.33863,44.84074,0
            10.33859,44.84084,0
            10.33856,44.84089,0
            10.33844,44.84125,0
            10.3384,44.84129,0
            10.33834,44.84144,0
            10.33827,44.84153,0
            10.3381,44.84168,0
            10.33789,44.84178,0
            10.33766,44.84184,0
            10.33759,44.84184,0
            10.33755,44.84185,0
            10.33738,44.84185,0
            10.33723,44.84182,0
            10.3372,44.84182,0
            10.33706,44.84178,0
            10.33703,44.84176,0
            10.33699,44.84175,0
            10.33693,44.84172,0
            10.33692,44.84172,0
            10.33681,44.84165,0
            10.33677,44.84161,0
            10.33674,44.84159,0
            10.33669,44.84154,0
            10.33649,44.84122,0
            10.33634,44.84092,0
            10.33629,44.84079,0
            10.33606,44.84032,0
            10.33597,44.84006,0
            10.33597,44.84,0
            10.33596,44.83994,0
            10.33596,44.8398,0
            10.33598,44.83966,0
            10.336,44.8396,0
            10.33614,44.83932,0
            10.33616,44.83923,0
            10.33623,44.83907,0
            10.33653,44.83864,0
            10.33662,44.83855,0
            10.33709,44.8382,0
            10.3376,44.83793,0
            10.33856,44.83753,0
            10.33891,44.83726,0
            10.33898,44.83715,0
            10.33901,44.83701,0
            10.33899,44.83685,0
            10.33887,44.83667,0
            10.33858,44.83645,0
            10.33805,44.83614,0
            10.33798,44.83612,0
            10.33595,44.83491,0
            10.33322,44.83392,0
            10.33254,44.8336,0
            10.33225,44.83341,0
            10.33181,44.83308,0
            10.33159,44.83288,0
            10.33109,44.83232,0
            10.33095,44.83223,0
            10.33086,44.83219,0
            10.33082,44.83218,0
            10.33079,44.83218,0
            10.33069,44.83214,0
            10.33067,44.83212,0
            10.33065,44.83212,0
            10.33063,44.83209,0
            10.33061,44.83208,0
            10.33058,44.83202,0
            10.33058,44.83194,0
            10.33059,44.83192,0
            10.33059,44.8319,0
            10.3306,44.83188,0
            10.33062,44.83186,0
            10.33063,44.83184,0
            10.33068,44.83181,0
            10.33068,44.83164,0
            10.33067,44.83162,0
            10.33067,44.83158,0
            10.33064,44.83145,0
            10.33025,44.83056,0
            10.33016,44.83029,0
            10.3295,44.8277,0
            10.3293,44.82715,0
            10.32922,44.82704,0
            10.32919,44.82698,0
            10.32916,44.82698,0
            10.32915,44.82697,0
            10.32914,44.82697,0
            10.32913,44.82696,0
            10.32912,44.82696,0
            10.32911,44.82695,0
            10.3291,44.82695,0
            10.32909,44.82694,0
            10.32909,44.82693,0
            10.32908,44.82693,0
            10.32908,44.82692,0
            10.32907,44.82691,0
            10.32907,44.8269,0
            10.32906,44.82689,0
            10.32906,44.82682,0
            10.32907,44.82681,0
            10.32907,44.8268,0
            10.32908,44.82679,0
            10.32908,44.82678,0
            10.32909,44.82678,0
            10.3291,44.82677,0
            10.3291,44.82676,0
            10.32911,44.82676,0
            10.32912,44.82675,0
            10.32837,44.82512,0
            10.32822,44.82473,0
            10.32816,44.82449,0
            10.32796,44.82388,0
            10.32793,44.82383,0
            10.32781,44.82372,0
            10.32779,44.82372,0
            10.32779,44.82371,0
            10.32777,44.82371,0
            10.32776,44.8237,0
            10.32775,44.8237,0
            10.32774,44.82369,0
            10.32773,44.82369,0
            10.32771,44.82367,0
            10.3277,44.82367,0
            10.3277,44.82366,0
            10.32768,44.82364,0
            10.32768,44.82362,0
            10.32767,44.82362,0
            10.32767,44.82356,0
            10.32768,44.82355,0
            10.32768,44.82354,0
            10.3277,44.82352,0
            10.3277,44.82351,0
            10.32771,44.82351,0
            10.32772,44.8235,0
            10.32773,44.8235,0
            10.32773,44.82349,0
            10.32774,44.82349,0
            10.32775,44.82348,0
            10.32776,44.82338,0
            10.32775,44.82336,0
            10.32775,44.82324,0
            10.32755,44.82238,0
            10.32693,44.82072,0
            10.32659,44.82004,0
            10.32657,44.82003,0
            10.32655,44.81999,0
            10.32651,44.81995,0
            10.32649,44.81994,0
            10.32647,44.81994,0
            10.32647,44.81993,0
            10.32644,44.81993,0
            10.32643,44.81992,0
            10.32642,44.81992,0
            10.32641,44.81991,0
            10.3264,44.81991,0
            10.3264,44.8199,0
            10.32639,44.8199,0
            10.32639,44.81989,0
            10.32638,44.81989,0
            10.32637,44.81988,0
            10.32637,44.81987,0
            10.32635,44.81985,0
            10.32635,44.81983,0
            10.32634,44.81983,0
            10.32634,44.81976,0
            10.32635,44.81975,0
            10.32635,44.81974,0
            10.32636,44.81973,0
            10.32628,44.8196,0
            10.32623,44.81947,0
            10.32624,44.81944,0
            10.32591,44.81878,0
            10.32517,44.81707,0
            10.32507,44.81672,0
            10.32497,44.81618,0
            10.32497,44.81596,0
            10.325,44.81573,0
            10.32508,44.81557,0
            10.32506,44.81556,0
            10.32504,44.81556,0
            10.32502,44.81554,0
            10.32501,44.81554,0
            10.32501,44.81553,0
            10.32499,44.81551,0
            10.32499,44.81548,0
            10.32498,44.81547,0
            10.32498,44.81546,0
            10.32499,44.81544,0
            10.32499,44.81543,0
            10.325,44.81542,0
            10.325,44.81541,0
            10.32502,44.81539,0
            10.32502,44.81538,0
            10.32503,44.81538,0
            10.32505,44.81537,0
            10.32506,44.81536,0
            10.32508,44.81535,0
            10.32506,44.8153,0
            10.32505,44.81513,0
            10.32508,44.81469,0
            10.32515,44.81444,0
            10.32525,44.81423,0
            10.32568,44.81368,0
            10.32579,44.81341,0
            10.3258,44.81336,0
            10.3258,44.8133,0
            10.32578,44.81321,0
            10.32575,44.81316,0
            10.32571,44.81312,0
            10.32568,44.81312,0
            10.32567,44.81311,0
            10.32564,44.81311,0
            10.32563,44.8131,0
            10.32562,44.8131,0
            10.32561,44.81309,0
            10.3256,44.81309,0
            10.3256,44.81308,0
            10.32559,44.81308,0
            10.32556,44.81305,0
            10.32556,44.81304,0
            10.32555,44.81304,0
            10.32555,44.81301,0
            10.32554,44.813,0
            10.32554,44.81298,0
            10.32555,44.81297,0
            10.32555,44.81295,0
            10.32556,44.81294,0
            10.32556,44.81293,0
            10.32557,44.81293,0
            10.32557,44.81292,0
            10.32558,44.81291,0
            10.32559,44.81291,0
            10.32559,44.8129,0
            10.3256,44.8129,0
            10.32561,44.81289,0
            10.32562,44.81289,0
            10.32564,44.81287,0
            10.32567,44.81287,0
            10.32568,44.81286,0
            10.32571,44.81286,0
            10.32581,44.81278,0
            10.3259,44.81264,0
            10.32593,44.81257,0
            10.32605,44.81136,0
            10.32604,44.8113,0
            10.32604,44.81123,0
            10.32603,44.81123,0
            10.32602,44.81122,0
            10.32602,44.81121,0
            10.32601,44.81121,0
            10.32601,44.8112,0
            10.326,44.81119,0
            10.326,44.81114,0
            10.32601,44.81113,0
            10.32601,44.81112,0
            10.32602,44.81112,0
            10.32604,44.81098,0
            10.32603,44.81093,0
            10.32606,44.81062,0
            10.32607,44.81059,0
            10.32608,44.81044,0
            10.32604,44.81033,0
            10.32603,44.81033,0
            10.32603,44.81,0
            10.32616,44.80895,0
            10.32616,44.80886,0
            10.32617,44.80881,0
            10.32606,44.80835,0
            10.32606,44.80833,0
            10.3259,44.80776,0
            10.3259,44.80772,0
            10.32589,44.80769,0
            10.32589,44.80765,0
            10.32593,44.80754,0
            10.32569,44.80684,0
            10.32569,44.8068,0
            10.32572,44.80676,0
            10.32575,44.80674,0
            10.32604,44.80662,0
            10.32572,44.80606,0
            10.32561,44.80598,0
            10.32519,44.80526,0
            10.32516,44.80525,0
            10.32513,44.8052,0
            10.32513,44.80517,0
            10.32483,44.80432,0
            10.32484,44.80423,0
            10.32426,44.80241,0
            10.32422,44.80223,0
            10.32438,44.8022,0
            10.32441,44.8022,0
            10.33133,44.8008,0
            10.33283,44.80056,0
            10.33707,44.79962,0
            10.33735,44.79954,0
            10.33741,44.79949,0
            10.33809,44.79925,0
            10.33807,44.79923,0
            10.33807,44.7992,0
            10.33806,44.79919,0
            10.33806,44.79917,0
            10.33807,44.79916,0
            10.33807,44.79913,0
            10.33809,44.79908,0
            10.33812,44.79905,0
            10.33812,44.79904,0
            10.33814,44.79903,0
            10.33815,44.79902,0
            10.33817,44.79901,0
            10.33819,44.79899,0
            10.33821,44.79899,0
            10.33822,44.79898,0
            10.33824,44.79897,0
            10.33826,44.79897,0
            10.33828,44.79896,0
            10.33832,44.79896,0
            10.33834,44.79895,0
            10.33839,44.79895,0
            10.33842,44.79896,0
            10.33847,44.79896,0
            10.33858,44.79901,0
            10.33867,44.79899,0
            10.33871,44.79899,0
            10.33874,44.79898,0
            10.33877,44.79898,0
            10.33901,44.7989,0
            10.33918,44.79886,0
            10.3393,44.79885,0
            10.34017,44.79855,0
            10.34025,44.79851,0
            10.34371,44.79735,0
            10.344,44.7972,0
            10.34414,44.79709,0
            10.34412,44.79706,0
            10.34412,44.79702,0
            10.34413,44.797,0
            10.34417,44.79696,0
            10.34466,44.7968,0
            10.34472,44.7968,0
            10.34477,44.79682,0
            10.34486,44.79696,0
            10.34502,44.79706,0
            10.34514,44.7972,0
            10.34856,44.79984,0
            10.3486,44.79988,0
            10.34863,44.79993,0
            10.34866,44.80008,0
            10.34866,44.80014,0
            10.3487,44.80021,0
            10.34878,44.80025,0
            10.34879,44.80024,0
            10.3488,44.80024,0
            10.34881,44.80023,0
            10.34882,44.80023,0
            10.34884,44.80021,0
            10.34887,44.80021,0
            10.34888,44.8002,0
            10.34898,44.8002,0
            10.349,44.80021,0
            10.34901,44.80022,0
            10.34902,44.80022,0
            10.34907,44.80027,0
            10.34925,44.80037,0
            10.34935,44.80044,0
            10.34938,44.80049,0
            10.34994,44.80103,0
            10.35002,44.80113,0
            10.35003,44.80115,0
            10.35018,44.80133,0
            10.3512,44.80302,0
            10.35129,44.80321,0
            10.35129,44.80322,0
            10.35146,44.80346,0
            10.35147,44.80346,0
            10.35157,44.80359,0
            10.35189,44.80386,0
            10.35209,44.80398,0
            10.35236,44.80411,0
            10.35262,44.80421,0
            10.35308,44.80432,0
            10.35365,44.80435,0
            10.35386,44.80428,0
            10.35387,44.80426,0
            10.35388,44.80425,0
            10.35388,44.80424,0
            10.35392,44.8042,0
            10.35402,44.80416,0
            10.35415,44.80416,0
            10.35417,44.80417,0
            10.3542,44.80417,0
            10.35422,44.80419,0
            10.35423,44.80419,0
            10.35425,44.80421,0
            10.35425,44.80422,0
            10.3544,44.8043,0
            10.35498,44.80474,0
            10.3555,44.80507,0
            10.3555,44.80506,0
            10.35551,44.80506,0
            10.35552,44.80507,0
            10.35557,44.80507,0
            10.35558,44.80508,0
            10.35559,44.80508,0
            10.3556,44.80509,0
            10.35561,44.80509,0
            10.35561,44.8051,0
            10.35562,44.8051,0
            10.35563,44.80511,0
            10.35564,44.80511,0
            10.35564,44.80512,0
            10.35565,44.80513,0
            10.35565,44.80515,0
            10.35566,44.80515,0
            10.35566,44.80519,0
            10.35575,44.80537,0
            10.35585,44.80543,0
            10.35766,44.80684,0
            10.35778,44.8069,0
            10.3582,44.80721,0
            10.35825,44.80723,0
            10.35925,44.80799,0
            10.35971,44.80838,0
            10.35984,44.80852,0
            10.36211,44.81026,0
            10.36216,44.81031,0
            10.36217,44.81033,0
            10.36219,44.81034,0
            10.36227,44.81041,0
            10.3623,44.81045,0
            10.36233,44.81045,0
            10.36234,44.81046,0
            10.36236,44.81046,0
            10.36236,44.81047,0
            10.36237,44.81047,0
            10.36238,44.81048,0
            10.36239,44.81048,0
            10.36239,44.81049,0
            10.3624,44.81049,0
            10.3624,44.81051,0
            10.36241,44.81052,0
            10.36241,44.81053,0
            10.36258,44.8106,0
            10.37186,44.8177,0
            10.37189,44.81769,0
            10.37192,44.81767,0
            10.37198,44.81765,0
            10.37201,44.81765,0
            10.37205,44.81764,0
            10.37215,44.81764,0
            10.37228,44.81768,0
            10.37233,44.81771,0
            10.37238,44.81776,0
            10.37242,44.81783,0
            10.37242,44.8179,0
            10.37241,44.81793,0
            10.37237,44.818,0
            10.37233,44.81804,0
            10.37346,44.81892,0
            10.3736,44.81899,0
            10.37395,44.81926,0
            10.37414,44.81944,0
            10.37414,44.81945,0
            10.37436,44.81967,0
            10.37438,44.8197,0
            10.3745,44.81982,0
            10.3745,44.81983,0
            10.37491,44.82024,0
            10.37519,44.82046,0
            10.37526,44.82053,0
            10.37584,44.82088,0
            10.37657,44.82122,0
            10.37659,44.82122,0
            10.37672,44.82127,0
            10.37673,44.82128,0
            10.37763,44.82158,0
            10.37764,44.82158,0
            10.37931,44.82212,0
            10.37946,44.82223,0
            10.37959,44.8223,0
            10.37969,44.82233,0
            10.37979,44.82233,0
            10.37992,44.82237,0
            10.37998,44.82241,0
            10.38002,44.82245,0
            10.38004,44.82248,0
            10.38021,44.82256,0
            10.38067,44.82268,0
            10.38103,44.82281,0
            10.38137,44.82296,0
            10.38141,44.82297,0
            10.38148,44.82303,0
            10.38783,44.82572,0
            10.38805,44.82583,0
            10.38807,44.82585,0
            10.3881,44.82586,0
            10.38814,44.82589,0
            10.38819,44.82589,0
            10.38821,44.8259,0
            10.38823,44.82592,0
            10.38825,44.82592,0
            10.38826,44.82593,0
            10.38841,44.826,0
            10.38844,44.826,0
            10.38846,44.82601,0
            10.3885,44.82601,0
            10.38852,44.82602,0
            10.38853,44.82602,0
            10.38857,44.82604,0
            10.38858,44.82605,0
            10.3886,44.82606,0
            10.38861,44.82607,0
            10.38869,44.82609,0
            10.38879,44.82613,0
            10.38884,44.82614,0
            10.38888,44.82616,0
            10.38899,44.82618,0
            10.38925,44.82627,0
            10.38987,44.82655,0
            10.38988,44.82656,0
            10.38996,44.8266,0
            10.38997,44.8266,0
            10.38997,44.82661,0
            10.38998,44.82663,0
            10.3947,44.82865,0
            10.39498,44.82873,0
            10.39958,44.82947,0
            10.39968,44.82946,0
            10.3997,44.82947,0
            10.41165,44.83145,0
            10.41166,44.83146,0
            10.41172,44.83149,0
            10.42348,44.83349,0
            10.4235,44.8335,0
            10.42473,44.83371,0
            10.42518,44.83383,0
            10.43599,44.83939,0
            10.43621,44.83957,0
            10.43626,44.83957,0
            10.43627,44.83958,0
            10.4363,44.83958,0
            10.43631,44.83959,0
            10.43633,44.83959,0
            10.43634,44.8396,0
            10.43635,44.8396,0
            10.43637,44.83962,0
            10.43638,44.83962,0
            10.43638,44.83963,0
            10.43639,44.83963,0
            10.4364,44.83964,0
            10.4364,44.83965,0
            10.43641,44.83966,0
            10.43676,44.83984,0
            10.43731,44.84007,0
            10.44306,44.84315,0
            10.44335,44.84321,0
            10.45289,44.8438,0
            10.454,44.84391,0
            10.45402,44.84392,0
            10.45451,44.84396,0
            10.45476,44.844,0
            10.45858,44.84496,0
            10.45912,44.84503,0
            10.4592,44.845,0
            10.45923,44.845,0
            10.45926,44.84501,0
            10.45928,44.84501,0
            10.45933,44.84503,0
            10.45936,44.84505,0
            10.45937,44.84507,0
            10.45937,44.84509,0
            10.45938,44.84511,0
            10.4596,44.84522,0
            10.46019,44.84536,0
            10.46044,44.84544,0
            10.4606,44.84551,0
            10.46298,44.84684,0
            10.46386,44.84743,0
            10.46495,44.84829,0
            10.46856,44.85131,0
            10.46877,44.85146,0
            10.46885,44.8515,0
            10.4689,44.85154,0
            10.46897,44.85158,0
            10.469,44.85157,0
            10.46909,44.8516,0
            10.46911,44.85164,0
            10.46911,44.85167,0
            10.4691,44.85169,0
            10.46915,44.85175,0
            10.46921,44.8518,0
            10.46924,44.85184,0
            10.46925,44.85188,0
            10.47013,44.85262,0
            10.47038,44.85287,0
            10.47436,44.85643,0
            10.47671,44.85864,0
            10.47705,44.85899,0
            10.47706,44.85899,0
            10.47792,44.85988,0
            10.48559,44.86888,0
            10.48559,44.86889,0
            10.49212,44.87685,0
            10.49462,44.88005,0
            10.49482,44.88026,0
            10.49527,44.88066,0
            10.49533,44.88073,0
            10.49536,44.8808,0
            10.4954,44.881,0
            10.49546,44.8811,0
            10.49679,44.88267,0
            10.4968,44.88267,0
            10.49739,44.88346,0
            10.49791,44.88424,0
            10.49937,44.88661,0
            10.49958,44.88699,0
            10.4998,44.88733,0
            10.5,44.88752,0
            10.50001,44.88752,0
            10.50002,44.88751,0
            10.50004,44.88751,0
            10.50005,44.8875,0
            10.50007,44.8875,0
            10.50008,44.88749,0
            10.50014,44.88749,0
            10.50015,44.8875,0
            10.50018,44.8875,0
            10.50019,44.88751,0
            10.50021,44.88751,0
            10.50023,44.88753,0
            10.50025,44.88753,0
            10.50025,44.88754,0
            10.50027,44.88756,0
            10.50027,44.88757,0
            10.50028,44.88758,0
            10.50028,44.88762,0
            10.50029,44.88762,0
            10.50029,44.88763,0
            10.50028,44.88764,0
            10.50028,44.88766,0
            10.50024,44.8877,0
            10.50023,44.8877,0
            10.50023,44.88771,0
            10.50022,44.88771,0
            10.50021,44.88772,0
            10.5002,44.88772,0
            10.50019,44.88773,0
            10.50016,44.88773,0
            10.50015,44.88774,0
            10.50011,44.88774,0
            10.50016,44.88792,0
            10.50043,44.88833,0
            10.50059,44.88863,0
            10.50067,44.88873,0
            10.50078,44.88878,0
            10.50082,44.88879,0
            10.50085,44.88881,0
            10.50088,44.88882,0
            10.50091,44.88882,0
            10.50094,44.88883,0
            10.50106,44.88883,0
            10.50109,44.88882,0
            10.5013,44.88879,0
            10.50158,44.88871,0
            10.5025,44.88857,0
            10.50256,44.88857,0
            10.50268,44.88859,0
            10.5028,44.88864,0
            10.50286,44.88868,0
            10.50295,44.88876,0
            10.50304,44.88893,0
            10.50317,44.8891,0
            10.50323,44.88916,0
            10.50335,44.88925,0
            10.50354,44.88936,0
            10.50388,44.88948,0
            10.50413,44.88959,0
            10.51345,44.89012,0
            10.51444,44.89023,0
            10.51876,44.89088,0
            10.53596,44.8915,0
            10.54584,44.89111,0
            10.54587,44.8911,0
            10.55431,44.89075,0
            10.58926,44.88982,0
            10.59142,44.88966,0
            10.59352,44.88944,0
            10.596,44.88933,0
            10.6096,44.88905,0
            10.6104,44.88906,0
            10.61119,44.88911,0
            10.61531,44.88962,0
            10.6168,44.88976,0
            10.61832,44.88982,0
            10.62507,44.88971,0
            10.62569,44.88966,0
            10.64917,44.88878,0
            10.64981,44.88882,0
            10.65013,44.88889,0
            10.65013,44.88888,0
            10.65014,44.88887,0
            10.65015,44.88887,0
            10.65016,44.88886,0
            10.65017,44.88886,0
            10.65018,44.88885,0
            10.65019,44.88885,0
            10.6502,44.88884,0
            10.65023,44.88884,0
            10.65024,44.88883,0
            10.65033,44.88883,0
            10.65034,44.88884,0
            10.65037,44.88884,0
            10.65038,44.88885,0
            10.6504,44.88885,0
            10.65042,44.88887,0
            10.65043,44.88887,0
            10.65045,44.88889,0
            10.65046,44.88889,0
            10.65046,44.8889,0
            10.65084,44.88899,0
            10.65146,44.88898,0
            10.6518,44.88902,0
            10.65932,44.89039,0
            10.66132,44.89082,0
            10.66186,44.89098,0
            10.66271,44.8913,0
            10.6637,44.89182,0
            10.66443,44.89229,0
            10.67911,44.90314,0
            10.67915,44.90318,0
            10.67938,44.90334,0
            10.67972,44.9035,0
            10.67984,44.9035,0
            10.67986,44.90351,0
            10.67987,44.90351,0
            10.67989,44.90352,0
            10.6799,44.90352,0
            10.67991,44.90353,0
            10.67992,44.90353,0
            10.67994,44.90355,0
            10.67995,44.90355,0
            10.67996,44.90357,0
            10.67996,44.90358,0
            10.67997,44.90358,0
            10.67997,44.90359,0
            10.67998,44.9036,0
            10.67998,44.90363,0
            10.67999,44.90364,0
            10.67998,44.90365,0
            10.67998,44.90366,0
            10.68015,44.90388,0
            10.68081,44.90443,0
            10.68749,44.90935,0
            10.6875,44.90937,0
            10.69169,44.91245,0
            10.69232,44.91298,0
            10.69275,44.9134,0
            10.69316,44.91385,0
            10.69397,44.91504,0
            10.6953,44.91754,0
            10.69573,44.91803,0
            10.69575,44.91804,0
            10.69577,44.91804,0
            10.69579,44.91805,0
            10.6958,44.91805,0
            10.69584,44.91807,0
            10.69589,44.91812,0
            10.69591,44.91813,0
            10.69591,44.91814,0
            10.69592,44.91816,0
            10.69592,44.91825,0
            10.6959,44.91827,0
            10.6959,44.91828,0
            10.69587,44.91831,0
            10.69586,44.91831,0
            10.69588,44.91847,0
            10.69596,44.91863,0
            10.69597,44.91864,0
            10.69604,44.91877,0
            10.69606,44.91888,0
            10.69692,44.92049,0
            10.70073,44.92666,0
            10.70103,44.92707,0
            10.70104,44.9271,0
            10.70156,44.92771,0
            10.7024,44.92855,0
            10.7029,44.92896,0
            10.70382,44.92962,0
            10.70417,44.92976,0
            10.70449,44.92992,0
            10.70523,44.93022,0
            10.70535,44.93025,0
            10.70563,44.93028,0
            10.70598,44.93019,0
            10.70635,44.93016,0
            10.70653,44.93017,0
            10.70689,44.93024,0
            10.70714,44.93035,0
            10.70731,44.93045,0
            10.70745,44.93057,0
            10.70756,44.93071,0
            10.7076,44.93078,0
            10.70769,44.931,0
            10.70769,44.93122,0
            10.70763,44.93144,0
            10.7075,44.93164,0
            10.7073,44.93181,0
            10.70706,44.93195,0
            10.70678,44.93205,0
            10.70647,44.93209,0
            10.70607,44.93241,0
            10.70585,44.93262,0
            10.70542,44.93331,0
            10.7052,44.93379,0
            10.70509,44.93413,0
            10.70506,44.93438,0
            10.70508,44.93481,0
            10.70518,44.93516,0
            10.70518,44.93518,0
            10.7052,44.93521,0
            10.7053,44.93545,0
            10.70547,44.93573,0
            10.71058,44.94256,0
            10.71095,44.94316,0
            10.71217,44.94557,0
            10.71219,44.94564,0
            10.7126,44.94647,0
            10.71268,44.94677,0
            10.71325,44.94783,0
            10.71365,44.94867,0
            10.71384,44.94916,0
            10.71401,44.9497,0
            10.7141,44.95026,0
            10.71419,44.95129,0
            10.71469,44.95545,0
            10.71486,44.95626,0
            10.71514,44.95716,0
            10.71572,44.95835,0
            10.71625,44.95924,0
            10.7163,44.95928,0
            10.72084,44.9666,0
            10.72148,44.96771,0
            10.72454,44.97259,0
            10.72502,44.97316,0
            10.72502,44.97317,0
            10.72535,44.97354,0
            10.72572,44.9739,0
            10.72674,44.97473,0
            10.72675,44.97473,0
            10.72728,44.9751,0
            10.72737,44.97515,0
            10.72737,44.97516,0
            10.7276,44.97529,0
            10.72765,44.97533,0
            10.72889,44.97598,0
            10.72994,44.9764,0
            10.73286,44.97737,0
            10.73292,44.9774,0
            10.73315,44.97748,0
            10.73316,44.97748,0
            10.73801,44.97905,0
            10.73802,44.97905,0
            10.74138,44.98017,0
            10.74144,44.98018,0
            10.74638,44.98184,0
            10.74643,44.98187,0
            10.74649,44.98189,0
            10.75059,44.98395,0
            10.75105,44.98406,0
            10.75107,44.98404,0
            10.75109,44.98404,0
            10.75113,44.98402,0
            10.75115,44.98402,0
            10.75117,44.98401,0
            10.75131,44.98401,0
            10.75133,44.98402,0
            10.75135,44.98402,0
            10.75142,44.98405,0
            10.75143,44.98406,0
            10.75145,44.98407,0
            10.75148,44.9841,0
            10.75149,44.98412,0
            10.7515,44.98413,0
            10.75152,44.98417,0
            10.75152,44.98423,0
            10.75151,44.98425,0
            10.75193,44.98455,0
            10.75691,44.98636,0
            10.75787,44.98661,0
            10.7589,44.98672,0
            10.75982,44.98673,0
            10.76203,44.9865,0
            10.76204,44.98649,0
            10.76354,44.98631,0
            10.76393,44.98613,0
            10.76394,44.98609,0
            10.76396,44.98606,0
            10.76401,44.98601,0
            10.76412,44.98595,0
            10.76423,44.98592,0
            10.76437,44.98592,0
            10.76441,44.98593,0
            10.76444,44.98593,0
            10.76448,44.98595,0
            10.7645,44.98595,0
            10.76454,44.98597,0
            10.76455,44.98598,0
            10.76457,44.98599,0
            10.76458,44.986,0
            10.76519,44.98592,0
            10.76538,44.98592,0
            10.76565,44.98587,0
            10.76592,44.98585,0
            10.76697,44.98587,0
            10.76743,44.98592,0
            10.76975,44.98631,0
            10.77027,44.98629,0
            10.77028,44.98628,0
            10.7703,44.98627,0
            10.77032,44.98625,0
            10.77042,44.9862,0
            10.77045,44.9862,0
            10.7705,44.98618,0
            10.77055,44.98618,0
            10.77057,44.98617,0
            10.77063,44.98617,0
            10.77074,44.9862,0
            10.77081,44.98623,0
            10.7709,44.98629,0
            10.77181,44.98629,0
            10.77355,44.98597,0
            10.77432,44.98587,0
            10.79067,44.98503,0
            10.79156,44.98502,0
            10.79341,44.98509,0
            10.79417,44.98517,0
            10.80069,44.98614,0
            10.80152,44.98617,0
            10.80157,44.98613,0
            10.8016,44.98612,0
            10.80163,44.9861,0
            10.8017,44.98608,0
            10.80174,44.98608,0
            10.80177,44.98607,0
            10.80189,44.98607,0
            10.80195,44.98609,0
            10.80197,44.98609,0
            10.802,44.9861,0
            10.80203,44.98613,0
            10.80205,44.98614,0
            10.80209,44.98618,0
            10.80211,44.98619,0
            10.80212,44.98621,0
            10.80274,44.98641,0
            10.80282,44.98646,0
            10.80398,44.98661,0
            10.8045,44.98663,0
            10.80501,44.98662,0
            10.80578,44.98654,0
            10.80673,44.98631,0
            10.80737,44.98612,0
            10.80911,44.98577,0
            10.81061,44.9856,0
            10.81477,44.98559,0
            10.81486,44.98556,0
            10.81487,44.98555,0
            10.8181,44.98558,0
            10.81823,44.98562,0
            10.81988,44.98565,0
            10.82787,44.9862,0
            10.83383,44.98699,0
            10.8357,44.98713,0
            10.84014,44.98726,0
            10.84016,44.98727,0
            10.84365,44.98733,0
            10.84402,44.98737,0
            10.84447,44.98747,0
            10.84467,44.98747,0
            10.84475,44.98745,0
            10.84482,44.9874,0
            10.84498,44.98732,0
            10.84512,44.98729,0
            10.84513,44.98728,0
            10.84519,44.98728,0
            10.84521,44.98727,0
            10.8453,44.98727,0
            10.84531,44.98728,0
            10.84539,44.98728,0
            10.8456,44.98734,0
            10.84576,44.98745,0
            10.84587,44.9876,0
            10.84589,44.98766,0
            10.84589,44.98769,0
            10.8459,44.98771,0
            10.8459,44.98777,0
            10.84595,44.98789,0
            10.84603,44.98798,0
            10.84613,44.98806,0
            10.84848,44.98906,0
            10.84897,44.9893,0
            10.84942,44.98946,0
            10.85199,44.98996,0
            10.852,44.98997,0
            10.85288,44.99014,0
            10.85318,44.99025,0
            10.85332,44.99033,0
            10.85342,44.99041,0
            10.85349,44.99049,0
            10.85355,44.99058,0
            10.85361,44.99071,0
            10.85361,44.99088,0
            10.85354,44.99106,0
            10.85336,44.99125,0
            10.85324,44.99134,0
            10.85303,44.99144,0
            10.8527,44.99153,0
            10.85205,44.99166,0
            10.85181,44.99173,0
            10.85155,44.99186,0
            10.8514,44.99199,0
            10.85126,44.99221,0
            10.85118,44.99239,0
            10.8511,44.99271,0
            10.85101,44.99276,0
            10.85074,44.99423,0
            10.84962,45.00331,0
            10.84956,45.00436,0
            10.84957,45.00505,0
            10.84965,45.00589,0
            10.84986,45.00695,0
            10.85354,45.01895,0
            10.85374,45.01986,0
            10.85387,45.02078,0
            10.85393,45.02238,0
            10.8539,45.04038,0
            10.85378,45.04133,0
            10.85363,45.04203,0
            10.85363,45.04205,0
            10.85342,45.04287,0
            10.85317,45.04361,0
            10.85281,45.04444,0
            10.85247,45.04512,0
            10.85205,45.04583,0
            10.85141,45.04678,0
            10.85064,45.04774,0
            10.84422,45.05449,0
            10.8432,45.0557,0
            10.84285,45.05623,0
            10.84265,45.0566,0
            10.84213,45.05771,0
            10.84188,45.05846,0
            10.84173,45.05913,0
            10.84165,45.05963,0
            10.8416,45.06051,0
            10.84162,45.06114,0
            10.84172,45.06198,0
            10.84192,45.06281,0
            10.84198,45.06297,0
            10.84199,45.06303,0
            10.84208,45.06331,0
            10.84246,45.06419,0
            10.84248,45.06422,0
            10.84468,45.06908,0
            10.84666,45.07321,0
            10.85446,45.08836,0
            10.85447,45.0884,0
            10.85505,45.08973,0
            10.85749,45.09652,0
            10.8575,45.09653,0
            10.8602,45.1041,0
            10.8606,45.1051,0
            10.86061,45.10511,0
            10.86093,45.10586,0
            10.86094,45.10586,0
            10.86427,45.11323,0
            10.86428,45.11324,0
            10.86455,45.11383,0
            10.86456,45.11384,0
            10.86456,45.11385,0
            10.86463,45.11401,0
            10.86464,45.11401,0
            10.86711,45.11948,0
            10.86711,45.11949,0
            10.86733,45.11997,0
            10.86735,45.12,0
            10.86908,45.1238,0
            10.86908,45.12382,0
            10.86989,45.12561,0
            10.86989,45.12563,0
            10.87045,45.12711,0
            10.87081,45.12832,0
            10.87115,45.12981,0
            10.87138,45.13159,0
            10.87144,45.13257,0
            10.87142,45.13417,0
            10.87136,45.13503,0
            10.87117,45.13644,0
            10.87101,45.13729,0
            10.87067,45.13862,0
            10.87004,45.14049,0
            10.86612,45.14981,0
            10.86606,45.14992,0
            10.86486,45.15278,0
            10.86484,45.15285,0
            10.86164,45.16037,0
            10.86065,45.16248,0
            10.86065,45.16249,0
            10.85981,45.16417,0
            10.85981,45.16418,0
            10.85932,45.16514,0
            10.85923,45.16528,0
            10.85442,45.17489,0
            10.85432,45.17506,0
            10.85021,45.18324,0
            10.84969,45.18455,0
            10.84941,45.18556,0
            10.8494,45.18564,0
            10.84937,45.18575,0
            10.84681,45.19986,0
            10.84673,45.20075,0
            10.84672,45.20189,0
            10.84683,45.20322,0
            10.84698,45.20406,0
            10.84715,45.20478,0
            10.84766,45.20625,0
            10.84842,45.20791,0
            10.85598,45.22278,0
            10.85599,45.22279,0
            10.8581,45.22694,0
            10.85816,45.22703,0
            10.85925,45.22918,0
            10.85925,45.22919,0
            10.8621,45.23481,0
            10.86251,45.23573,0
            10.86299,45.23705,0
            10.87005,45.25919,0
            10.87005,45.2592,0
            10.87265,45.26738,0
            10.87295,45.26818,0
            10.8735,45.26944,0
            10.87406,45.2705,0
            10.87447,45.27119,0
            10.87495,45.27192,0
            10.87498,45.27195,0
            10.8755,45.27268,0
            10.87746,45.27521,0
            10.87756,45.27532,0
            10.88675,45.28709,0
            10.88832,45.28883,0
            10.89338,45.29362,0
            10.89346,45.29371,0
            10.89347,45.29371,0
            10.90158,45.30134,0
            10.90307,45.30303,0
            10.90442,45.30482,0
            10.90507,45.30584,0
            10.90567,45.30691,0
            10.9098,45.31508,0
            10.9103,45.316,0
            10.91305,45.32045,0
            10.91307,45.32047,0
            10.91578,45.32481,0
            10.9163,45.32579,0
            10.91675,45.32687,0
            10.91703,45.32775,0
            10.91726,45.3287,0
            10.91739,45.32967,0
            10.91892,45.34663,0
            10.91991,45.35382,0
            10.9205,45.3573,0
            10.92064,45.35858,0
            10.92068,45.35934,0
            10.92068,45.36044,0
            10.92055,45.36186,0
            10.92033,45.36312,0
            10.92011,45.36403,0
            10.91982,45.36498,0
            10.91975,45.36515,0
            10.9197,45.36533,0
            10.91969,45.36534,0
            10.9195,45.36585,0
            10.91905,45.36688,0
            10.90944,45.38543,0
            10.90899,45.38647,0
            10.90879,45.38707,0
            10.90879,45.38709,0
            10.90862,45.38771,0
            10.90849,45.38832,0
            10.90838,45.38916,0
            10.90836,45.39071,0
            10.90851,45.39204,0
            10.90871,45.39298,0
            10.90872,45.39298,0
            10.91117,45.40168,0
            10.91117,45.4017,0
            10.91226,45.40553,0
            10.91226,45.40564,0
            10.91265,45.40701,0
            10.91271,45.40714,0
            10.91322,45.40887,0
            10.91354,45.41012,0
            10.9136,45.41029,0
            10.91424,45.41262,0
            10.9144,45.41337,0
            10.91449,45.41403,0
            10.91454,45.41481,0
            10.91454,45.41533,0
            10.91453,45.41538,0
            10.91453,45.41555,0
            10.91438,45.41667,0
            10.91408,45.41777,0
            10.91399,45.41798,0
            10.91398,45.41803,0
            10.91368,45.41878,0
            10.90932,45.4277,0
            10.9093,45.42772,0
            10.90834,45.42977,0
            10.90771,45.43099,0
            10.90726,45.43176,0
            10.90652,45.43284,0
            10.90544,45.43414,0
            10.90472,45.43487,0
            10.9037,45.43582,0
            10.90274,45.43662,0
            10.89971,45.43872,0
            10.89967,45.43874,0
            10.89949,45.43887,0
            10.89943,45.4389,0
            10.89332,45.44302,0
            10.89329,45.44303,0
            10.88752,45.44691,0
            10.88669,45.4474,0
            10.88667,45.44742,0
            10.88554,45.44802,0
            10.88463,45.44845,0
            10.88324,45.44901,0
            10.88241,45.4493,0
            10.8807,45.44981,0
            10.86685,45.45307,0
            10.8455,45.45714,0
            10.84412,45.45748,0
            10.84153,45.45822,0
            10.83988,45.45878,0
            10.8387,45.45923,0
            10.81853,45.46825,0
            10.81852,45.46825,0
            10.817,45.469,0
            10.81584,45.46972,0
            10.81493,45.47041,0
            10.814,45.47126,0
            10.81193,45.47362,0
            10.8119,45.47364,0
            10.81185,45.47371,0
            10.80932,45.4766,0
            10.80832,45.47759,0
            10.80688,45.47885,0
            10.80533,45.48001,0
            10.804,45.48089,0
            10.79994,45.48319,0
            10.79991,45.4832,0
            10.7998,45.48327,0
            10.79971,45.48331,0
            10.79642,45.48516,0
            10.79563,45.48569,0
            10.79472,45.48642,0
            10.79415,45.48696,0
            10.79359,45.48762,0
            10.78644,45.49757,0
            10.78552,45.49904,0
            10.78516,45.49975,0
            10.78484,45.50051,0
            10.78462,45.50114,0
            10.78427,45.50256,0
            10.78415,45.50341,0
            10.7841,45.50454,0
            10.78412,45.50512,0
            10.78414,45.50525,0
            10.78413,45.50532,0
            10.78469,45.5109,0
            10.78474,45.51199,0
            10.78473,45.51206,0
            10.78471,45.51277,0
            10.78457,45.51401,0
            10.78441,45.51482,0
            10.78171,45.52551,0
            10.78157,45.52619,0
            10.78026,45.53491,0
            10.77982,45.53833,0
            10.77981,45.5387,0
            10.7798,45.53876,0
            10.7798,45.53922,0
            10.77988,45.53988,0
            10.77992,45.54008,0
            10.78015,45.54084,0
            10.7804,45.54147,0
            10.78068,45.54201,0
            10.78124,45.54287,0
            10.78177,45.5435,0
            10.78224,45.54399,0
            10.78292,45.54459,0
            10.78342,45.54497,0
            10.78424,45.54552,0
            10.79578,45.55174,0
            10.79696,45.55257,0
            10.79761,45.55314,0
            10.79829,45.55385,0
            10.7988,45.55449,0
            10.79921,45.55513,0
            10.79945,45.55557,0
            10.79977,45.5563,0
            10.80006,45.55724,0
            10.80225,45.56536,0
            10.80337,45.5708,0
            10.80357,45.57151,0
            10.80386,45.57228,0
            10.80427,45.57316,0
            10.80471,45.57397,0
            10.80518,45.57467,0
            10.80593,45.57562,0
            10.80657,45.57633,0
            10.80777,45.57745,0
            10.8092,45.57855,0
            10.80921,45.57855,0
            10.811,45.57966,0
            10.81269,45.58049,0
            10.814,45.58102,0
            10.81474,45.58128,0
            10.81621,45.58172,0
            10.81748,45.58202,0
            10.81869,45.58225,0
            10.82181,45.58271,0
            10.82187,45.58271,0
            10.82474,45.58312,0
            10.82583,45.58332,0
            10.82747,45.58372,0
            10.82822,45.58396,0
            10.82997,45.58465,0
            10.83072,45.58502,0
            10.83073,45.58503,0
            10.8316,45.58552,0
            10.83229,45.58596,0
            10.83303,45.5865,0
            10.8334,45.58681,0
            10.83348,45.58686,0
            10.83406,45.58739,0
            10.83466,45.588,0
            10.83474,45.5881,0
            10.83484,45.5882,0
            10.83514,45.5886,0
            10.83516,45.58861,0
            10.83571,45.58941,0
            10.83661,45.59099,0
            10.83691,45.5916,0
            10.83823,45.59389,0
            10.83902,45.59502,0
            10.8398,45.59599,0
            10.8478,45.6048,0
            10.84902,45.6064,0
            10.84982,45.6076,0
            10.84987,45.6077,0
            10.84993,45.60778,0
            10.8509,45.60952,0
            10.8512,45.61015,0
            10.85172,45.61109,0
            10.85205,45.61155,0
            10.85217,45.61169,0
            10.85223,45.61178,0
            10.85268,45.61233,0
            10.85347,45.61317,0
            10.85349,45.61318,0
            10.85392,45.61362,0
            10.85393,45.61362,0
            10.85395,45.61365,0
            10.85454,45.61421,0
            10.85467,45.6143,0
            10.85556,45.61521,0
            10.85558,45.61524,0
            10.8558,45.61544,0
            10.86093,45.62067,0
            10.86183,45.62165,0
            10.86526,45.62568,0
            10.86526,45.62569,0
            10.87344,45.63529,0
            10.87558,45.63755,0
            10.87644,45.63836,0
            10.87806,45.63968,0
            10.8785,45.64013,0
            10.87903,45.64079,0
            10.87903,45.6408,0
            10.87977,45.64178,0
            10.88074,45.64286,0
            10.88208,45.64418,0
            10.88279,45.64495,0
            10.88378,45.64614,0
            10.88908,45.6532,0
            10.88908,45.65321,0
            10.89171,45.65676,0
            10.89206,45.65729,0
            10.89265,45.65833,0
            10.89322,45.65966,0
            10.89323,45.65967,0
            10.89418,45.66225,0
            10.89476,45.66361,0
            10.89523,45.66455,0
            10.89601,45.66588,0
            10.9023,45.67494,0
            10.90231,45.67494,0
            10.90301,45.67604,0
            10.90302,45.67604,0
            10.90374,45.67733,0
            10.90462,45.67916,0
            10.90527,45.68097,0
            10.90545,45.68158,0
            10.90653,45.68612,0
            10.90673,45.68668,0
            10.90694,45.68718,0
            10.90705,45.68738,0
            10.90718,45.68767,0
            10.90764,45.68841,0
            10.90814,45.68908,0
            10.90855,45.68956,0
            10.90933,45.69035,0
            10.91035,45.69119,0
            10.91835,45.69664,0
            10.91954,45.69759,0
            10.92055,45.69858,0
            10.92107,45.6992,0
            10.92168,45.70012,0
            10.92615,45.7085,0
            10.92654,45.70916,0
            10.9272,45.71008,0
            10.92793,45.71097,0
            10.92808,45.71112,0
            10.92815,45.71121,0
            10.93031,45.71352,0
            10.93032,45.71354,0
            10.93177,45.7151,0
            10.93249,45.71596,0
            10.93322,45.71697,0
            10.93322,45.71698,0
            10.93974,45.72645,0
            10.94055,45.72751,0
            10.94064,45.7276,0
            10.94071,45.7277,0
            10.9416,45.72868,0
            10.94163,45.7287,0
            10.94208,45.72915,0
            10.94286,45.72986,0
            10.94387,45.73068,0
            10.94507,45.73153,0
            10.94613,45.73221,0
            10.94615,45.73221,0
            10.94679,45.73258,0
            10.95007,45.73429,0
            10.95008,45.73429,0
            10.95425,45.73642,0
            10.95466,45.7366,0
            10.95467,45.73661,0
            10.95585,45.73707,0
            10.95727,45.73753,0
            10.95852,45.73783,0
            10.96275,45.73853,0
            10.9636,45.73873,0
            10.96492,45.73913,0
            10.96644,45.73976,0
            10.97199,45.74258,0
            10.97301,45.74305,0
            10.97857,45.74537,0
            10.97857,45.74538,0
            10.9833,45.74736,0
            10.9834,45.74739,0
            10.98396,45.74762,0
            10.98535,45.74827,0
            10.98626,45.74882,0
            10.98724,45.74952,0
            10.98765,45.74985,0
            10.98855,45.75075,0
            10.98876,45.75099,0
            10.99754,45.76247,0
            10.99795,45.76294,0
            10.99854,45.76349,0
            10.99924,45.76402,0
            10.99964,45.76428,0
            11.00761,45.76854,0
            11.00886,45.76937,0
            11.00957,45.76996,0
            11.01018,45.77054,0
            11.01074,45.77121,0
            11.01113,45.77176,0
            11.01146,45.77229,0
            11.013,45.77569,0
            11.013,45.7757,0
            11.01533,45.78102,0
            11.01533,45.78103,0
            11.01626,45.78315,0
            11.01666,45.78388,0
            11.01722,45.78464,0
            11.01864,45.78631,0
            11.01907,45.78689,0
            11.01951,45.78763,0
            11.01986,45.78844,0
            11.02001,45.78887,0
            11.02048,45.79098,0
            11.02048,45.791,0
            11.02051,45.79111,0
            11.02056,45.79145,0
            11.02111,45.79416,0
            11.02121,45.79502,0
            11.02121,45.79513,0
            11.02122,45.79517,0
            11.02122,45.79551,0
            11.02114,45.79636,0
            11.02102,45.7969,0
            11.02091,45.79726,0
            11.0209,45.79733,0
            11.02066,45.79798,0
            11.02022,45.79883,0
            11.01591,45.80599,0
            11.01542,45.8067,0
            11.01453,45.80771,0
            11.01265,45.80952,0
            11.0117,45.81061,0
            11.01162,45.81075,0
            11.01153,45.81086,0
            11.01111,45.81149,0
            11.011,45.81163,0
            11.00941,45.81451,0
            11.00883,45.81526,0
            11.00591,45.81852,0
            11.00551,45.81907,0
            11.00548,45.8191,0
            11.00516,45.81959,0
            11.00475,45.82034,0
            11.0044,45.82134,0
            11.00424,45.82212,0
            11.00404,45.82541,0
            11.00402,45.8255,0
            11.00394,45.82625,0
            11.00389,45.82644,0
            11.00387,45.82659,0
            11.00327,45.82883,0
            11.0032,45.82919,0
            11.00313,45.83,0
            11.00306,45.83195,0
            11.00304,45.83212,0
            11.00295,45.83497,0
            11.00294,45.835,0
            11.00284,45.83793,0
            11.00279,45.83855,0
            11.0027,45.8392,0
            11.00266,45.83931,0
            11.00265,45.83939,0
            11.00255,45.83978,0
            11.00213,45.84079,0
            11.00144,45.84199,0
            11.00141,45.84202,0
            11.00125,45.84226,0
            11.00076,45.84311,0
            11.00052,45.84359,0
            11.00017,45.84445,0
            11.00002,45.84495,0
            10.99984,45.84578,0
            10.99979,45.84629,0
            10.99978,45.84633,0
            10.99976,45.84733,0
            10.99986,45.84818,0
            10.99995,45.84865,0
            11.00006,45.84908,0
            11.00008,45.84912,0
            11.00015,45.84938,0
            11.00115,45.85186,0
            11.00116,45.85192,0
            11.00123,45.85211,0
            11.00138,45.85272,0
            11.00147,45.85338,0
            11.00148,45.85386,0
            11.0014,45.85467,0
            11.00124,45.8554,0
            11.00073,45.85709,0
            11.00061,45.8576,0
            11.00049,45.85851,0
            11.00049,45.85893,0
            11.00053,45.8595,0
            11.00066,45.86019,0
            11.00089,45.86091,0
            11.00121,45.86159,0
            11.00122,45.8616,0
            11.00158,45.86221,0
            11.00648,45.86914,0
            11.0069,45.86986,0
            11.00727,45.8707,0
            11.00751,45.87152,0
            11.00911,45.87917,0
            11.00948,45.88053,0
            11.00974,45.88124,0
            11.01034,45.88257,0
            11.01468,45.89107,0
            11.0153,45.89201,0
            11.01607,45.89293,0
            11.01652,45.89339,0
            11.01741,45.89417,0
            11.01744,45.89418,0
            11.02368,45.89881,0
            11.02375,45.89888,0
            11.02405,45.89912,0
            11.02542,45.9004,0
            11.02639,45.90148,0
            11.02913,45.90508,0
            11.02919,45.90514,0
            11.02928,45.90528,0
            11.02932,45.90532,0
            11.03471,45.91245,0
            11.03516,45.91297,0
            11.0361,45.91394,0
            11.03669,45.91449,0
            11.03671,45.9145,0
            11.03714,45.91489,0
            11.03793,45.91553,0
            11.03864,45.91605,0
            11.03867,45.91606,0
            11.03878,45.91615,0
            11.03996,45.91694,0
            11.04004,45.91698,0
            11.04022,45.9171,0
            11.04778,45.92141,0
            11.04785,45.92144,0
            11.0514,45.92346,0
            11.05141,45.92346,0
            11.0516,45.92357,0
            11.05161,45.92358,0
            11.05166,45.9236,0
            11.05668,45.92644,0
            11.05752,45.92686,0
            11.05815,45.92712,0
            11.05941,45.92754,0
            11.06065,45.92783,0
            11.06207,45.92801,0
            11.06262,45.92805,0
            11.0638,45.92807,0
            11.06504,45.92799,0
            11.06688,45.9277,0
            11.06964,45.92712,0
            11.07137,45.92681,0
            11.07257,45.92669,0
            11.07387,45.92667,0
            11.07464,45.92671,0
            11.07562,45.92681,0
            11.07645,45.92695,0
            11.07747,45.92719,0
            11.07824,45.92742,0
            11.07917,45.92777,0
            11.08028,45.9283,0
            11.0803,45.92832,0
            11.08122,45.92887,0
            11.0819,45.92938,0
            11.08218,45.92962,0
            11.08571,45.93302,0
            11.08574,45.93304,0
            11.08707,45.93433,0
            11.08709,45.93436,0
            11.08752,45.93477,0
            11.08754,45.9348,0
            11.08755,45.9348,0
            11.09109,45.93816,0
            11.09462,45.94123,0
            11.09463,45.94123,0
            11.09473,45.94133,0
            11.09478,45.94136,0
            11.09478,45.94137,0
            11.09479,45.94137,0
            11.09754,45.94377,0
            11.09829,45.94447,0
            11.09915,45.94536,0
            11.1,45.94637,0
            11.10059,45.94719,0
            11.10117,45.9481,0
            11.1018,45.94928,0
            11.10517,45.95666,0
            11.10547,45.95754,0
            11.1057,45.95839,0
            11.10588,45.95941,0
            11.10734,45.96986,0
            11.10736,45.96994,0
            11.10834,45.97703,0
            11.10836,45.97711,0
            11.10885,45.9805,0
            11.10889,45.98064,0
            11.1089,45.98071,0
            11.10905,45.98123,0
            11.1092,45.98163,0
            11.10965,45.98252,0
            11.11018,45.98335,0
            11.11057,45.98383,0
            11.11614,45.98977,0
            11.11672,45.99045,0
            11.11779,45.99187,0
            11.1187,45.99333,0
            11.11943,45.99475,0
            11.11988,45.99583,0
            11.1202,45.99675,0
            11.12057,45.99812,0
            11.12062,45.99842,0
            11.12066,45.99857,0
            11.12077,45.9992,0
            11.1209,46.00032,0
            11.12093,46.00085,0
            11.12094,46.0009,0
            11.12125,46.00814,0
            11.12127,46.00828,0
            11.12136,46.01063,0
            11.12197,46.01712,0
            11.12203,46.01816,0
            11.12207,46.02837,0
            11.12204,46.02874,0
            11.12193,46.0295,0
            11.12171,46.03038,0
            11.11922,46.03747,0
            11.11919,46.03753,0
            11.11905,46.03793,0
            11.1186,46.03896,0
            11.11839,46.03936,0
            11.11772,46.04042,0
            11.11721,46.04109,0
            11.11604,46.04236,0
            11.11301,46.04535,0
            11.11265,46.04574,0
            11.1126,46.04578,0
            11.11175,46.04676,0
            11.11093,46.04789,0
            11.11034,46.0489,0
            11.10994,46.04969,0
            11.10973,46.05018,0
            11.1093,46.05142,0
            11.10916,46.052,0
            11.10915,46.05202,0
            11.10895,46.05312,0
            11.10886,46.05409,0
            11.10885,46.05527,0
            11.10887,46.0556,0
            11.10895,46.05621,0
            11.10909,46.05692,0
            11.11005,46.0608,0
            11.11024,46.0617,0
            11.11031,46.06226,0
            11.11033,46.06304,0
            11.11028,46.06371,0
            11.11023,46.06403,0
            11.1101,46.06461,0
            11.10699,46.07398,0
            11.10657,46.07537,0
            11.10632,46.07637,0
            11.10603,46.07778,0
            11.10602,46.07789,0
            11.10548,46.08067,0
            11.10547,46.08069,0
            11.1053,46.08175,0
            11.1053,46.08181,0
            11.10528,46.08188,0
            11.10508,46.08488,0
            11.10486,46.08592,0
            11.10477,46.08617,0
            11.10477,46.0862,0
            11.10461,46.08662,0
            11.10442,46.08704,0
            11.10414,46.08756,0
            11.10387,46.08799,0
            11.10351,46.08847,0
            11.1031,46.08896,0
            11.10014,46.09215,0
            11.10006,46.09222,0
            11.09285,46.09985,0
            11.0923,46.10048,0
            11.0917,46.10124,0
            11.09103,46.10225,0
            11.09068,46.10287,0
            11.09068,46.10288,0
            11.09056,46.10309,0
            11.09037,46.10349,0
            11.08998,46.10445,0
            11.08965,46.10547,0
            11.08964,46.10554,0
            11.08935,46.10653,0
            11.08935,46.10655,0
            11.08747,46.1131,0
            11.08726,46.11434,0
            11.0869,46.11759,0
            11.08689,46.11761,0
            11.08685,46.11791,0
            11.08664,46.1189,0
            11.08626,46.12012,0
            11.08619,46.12027,0
            11.08619,46.12028,0
            11.08603,46.12073,0
            11.08551,46.12176,0
            11.08549,46.12182,0
            11.08546,46.12186,0
            11.08545,46.1219,0
            11.08544,46.12191,0
            11.08544,46.12193,0
            11.08298,46.12674,0
            11.08262,46.12761,0
            11.08239,46.12839,0
            11.08228,46.1289,0
            11.08228,46.12896,0
            11.08224,46.12918,0
            11.08215,46.13014,0
            11.08216,46.13047,0
            11.08226,46.13139,0
            11.08238,46.13191,0
            11.08264,46.13282,0
            11.08272,46.13303,0
            11.08339,46.13447,0
            11.08345,46.13463,0
            11.08544,46.13858,0
            11.08548,46.13864,0
            11.08881,46.14533,0
            11.08914,46.14613,0
            11.09091,46.15112,0
            11.09092,46.15117,0
            11.09203,46.15423,0
            11.09205,46.15431,0
            11.09306,46.15709,0
            11.09319,46.15739,0
            11.09348,46.15795,0
            11.09408,46.15885,0
            11.09431,46.15913,0
            11.09482,46.15968,0
            11.09543,46.16028,0
            11.09544,46.16028,0
            11.09821,46.16298,0
            11.09821,46.16299,0
            11.10348,46.16809,0
            11.10451,46.16923,0
            11.10517,46.17011,0
            11.1052,46.17014,0
            11.10862,46.17512,0
            11.10863,46.17515,0
            11.10871,46.17525,0
            11.11167,46.17965,0
            11.11622,46.18678,0
            11.11666,46.18741,0
            11.1175,46.18842,0
            11.11811,46.18903,0
            11.11814,46.18907,0
            11.11893,46.18977,0
            11.1236,46.19359,0
            11.12361,46.19359,0
            11.12477,46.19454,0
            11.12477,46.19455,0
            11.12478,46.19455,0
            11.12587,46.19543,0
            11.12713,46.19634,0
            11.12714,46.19634,0
            11.1272,46.19639,0
            11.12724,46.19641,0
            11.13348,46.20071,0
            11.13469,46.20164,0
            11.13559,46.20248,0
            11.13633,46.20331,0
            11.13685,46.20397,0
            11.1374,46.20479,0
            11.13778,46.2055,0
            11.14465,46.21969,0
            11.14466,46.2197,0
            11.14535,46.2211,0
            11.14574,46.22179,0
            11.14601,46.2222,0
            11.1465,46.22283,0
            11.1473,46.22366,0
            11.14736,46.2237,0
            11.14736,46.22371,0
            11.14839,46.22453,0
            11.14939,46.22515,0
            11.15045,46.22569,0
            11.15103,46.22594,0
            11.15446,46.22725,0
            11.15447,46.22725,0
            11.15469,46.22734,0
            11.1547,46.22734,0
            11.15879,46.22889,0
            11.1588,46.2289,0
            11.15902,46.22898,0
            11.15903,46.22898,0
            11.15925,46.22907,0
            11.15926,46.22907,0
            11.15948,46.22915,0
            11.15948,46.22916,0
            11.1597,46.22924,0
            11.15971,46.22924,0
            11.16157,46.22994,0
            11.16158,46.22995,0
            11.16358,46.23071,0
            11.16359,46.23071,0
            11.1711,46.23353,0
            11.19955,46.24307,0
            11.20047,46.24341,0
            11.20746,46.24634,0
            11.20845,46.2468,0
            11.20921,46.2472,0
            11.21009,46.24775,0
            11.21108,46.24851,0
            11.21181,46.24916,0
            11.21188,46.24924,0
            11.21422,46.25141,0
            11.21496,46.25202,0
            11.2161,46.25284,0
            11.21611,46.25284,0
            11.21958,46.25528,0
            11.2208,46.25631,0
            11.22763,46.26314,0
            11.22804,46.26359,0
            11.22878,46.26454,0
            11.2288,46.26458,0
            11.22906,46.26495,0
            11.23267,46.2708,0
            11.23291,46.27125,0
            11.23321,46.27192,0
            11.23322,46.27197,0
            11.23346,46.27259,0
            11.23368,46.27344,0
            11.23619,46.2846,0
            11.23656,46.28589,0
            11.23725,46.2877,0
            11.23785,46.28897,0
            11.23891,46.2908,0
            11.23894,46.29083,0
            11.23988,46.2922,0
            11.2399,46.29221,0
            11.23995,46.29229,0
            11.24717,46.30106,0
            11.2472,46.30111,0
            11.2509,46.30558,0
            11.25091,46.3056,0
            11.25639,46.31221,0
            11.25764,46.31352,0
            11.25853,46.31435,0
            11.25854,46.31435,0
            11.25854,46.31436,0
            11.25969,46.31532,0
            11.26187,46.31695,0
            11.2619,46.31696,0
            11.26194,46.317,0
            11.26635,46.32025,0
            11.26729,46.32101,0
            11.26731,46.32102,0
            11.26823,46.32185,0
            11.26895,46.32258,0
            11.26992,46.32371,0
            11.2749,46.33027,0
            11.27525,46.3308,0
            11.27531,46.33093,0
            11.27577,46.33173,0
            11.27595,46.33209,0
            11.28039,46.34466,0
            11.28065,46.34526,0
            11.28109,46.34613,0
            11.2815,46.34683,0
            11.28214,46.34779,0
            11.28518,46.35193,0
            11.28596,46.3531,0
            11.28596,46.35311,0
            11.28644,46.35392,0
            11.28724,46.35556,0
            11.28797,46.35751,0
            11.28797,46.35752,0
            11.28803,46.35768,0
            11.28804,46.35769,0
            11.28829,46.35838,0
            11.28829,46.35839,0
            11.2894,46.36141,0
            11.28981,46.36265,0
            11.2901,46.36375,0
            11.2902,46.36423,0
            11.29036,46.36528,0
            11.29059,46.36797,0
            11.29064,46.3698,0
            11.29058,46.37123,0
            11.29057,46.37124,0
            11.29052,46.37309,0
            11.29057,46.3741,0
            11.29065,46.37482,0
            11.29094,46.37622,0
            11.29095,46.37622,0
            11.29371,46.38719,0
            11.29371,46.38721,0
            11.29394,46.38816,0
            11.29398,46.38826,0
            11.29518,46.39303,0
            11.29539,46.39369,0
            11.29562,46.39429,0
            11.29621,46.39548,0
            11.30499,46.40901,0
            11.30501,46.40903,0
            11.30695,46.41194,0
            11.30706,46.41208,0
            11.31362,46.42185,0
            11.31453,46.42328,0
            11.31471,46.4236,0
            11.31506,46.42432,0
            11.31524,46.42476,0
            11.3156,46.42592,0
            11.31567,46.42628,0
            11.31568,46.42628,0
            11.3172,46.43632,0
            11.31724,46.43717,0
            11.31722,46.43788,0
            11.31716,46.43845,0
            11.31693,46.43959,0
            11.31673,46.4402,0
            11.31649,46.44082,0
            11.3163,46.44124,0
            11.31576,46.44222,0
            11.31511,46.44315,0
            11.31412,46.4443,0
            11.31355,46.4449,0
            11.31354,46.44492,0
            11.31353,46.44492,0
            11.30991,46.4487,0
            11.30903,46.44972,0
            11.30826,46.4507,0
            11.30565,46.4543,0
            11.30508,46.45518,0
            11.30467,46.45596,0
            11.30436,46.45672,0
            11.30421,46.45721,0
            11.30419,46.45731,0
            11.30418,46.45733,0
            11.30404,46.45794,0
            11.30394,46.45867,0
            11.30392,46.45925,0
            11.30399,46.46024,0
            11.30415,46.46106,0
            11.30428,46.46156,0
            11.30441,46.46195,0
            11.30441,46.46196,0
            11.30452,46.46221,0
            11.30453,46.46225,0
            11.30491,46.46305,0
            11.3054,46.46385,0
            11.30602,46.46466,0
            11.30665,46.46534,0
            11.30734,46.46597,0
            11.3109,46.46877,0
            11.31279,46.47044,0
            11.31393,46.47161,0
            11.31486,46.47268,0
            11.31881,46.47769,0
            11.31882,46.47771,0
            11.31947,46.47849,0
            11.31953,46.47854,0
            11.31958,46.4786,0
            11.31986,46.47886,0
            11.32008,46.47903,0
            11.32014,46.47909,0
            11.32061,46.47942,0
            11.3232,46.48091,0
            11.32369,46.48125,0
            11.3269,46.48373,0
            11.3274,46.48407,0
            11.32805,46.48445,0
            11.32877,46.48481,0
            11.32972,46.4852,0
            11.33043,46.48544,0
            11.33217,46.48591,0
            11.3322,46.48591,0
            11.33224,46.48593,0
            11.33279,46.48606,0
            11.33441,46.48655,0
            11.33442,46.48656,0
            11.33484,46.48666,0
            11.33488,46.48668,0
            11.33958,46.48765,0
            11.34015,46.48772,0
            11.34269,46.4879,0
            11.34371,46.48809,0
            11.34423,46.48824,0
            11.34501,46.48852,0
            11.3458,46.48886,0
            11.34584,46.48887,0
            11.34622,46.48904,0
            11.34708,46.48934,0
            11.34792,46.48951,0
            11.34877,46.48978,0
            11.34952,46.48994,0
            11.34955,46.48994,0
            11.34962,46.48996,0
            11.3547,46.49083,0
            11.35697,46.49115,0
            11.35977,46.49139,0
            11.35978,46.4914,0
            11.36047,46.49141,0
            11.36094,46.49139,0
            11.36179,46.4913,0
            11.36192,46.49127,0
            11.36398,46.491,0
            11.36496,46.49095,0
            11.36578,46.49097,0
            11.36664,46.49105,0
            11.36775,46.49126,0
            11.37094,46.49203,0
            11.3733,46.49249,0
            11.37332,46.4925,0
            11.37679,46.49317,0
            11.37686,46.49317,0
            11.37765,46.49327,0
            11.37906,46.49329,0
            11.38374,46.49316,0
            11.38589,46.49291,0
            11.38636,46.4929,0
            11.38642,46.49289,0
            11.38707,46.49291,0
            11.38711,46.49292,0
            11.38977,46.4931,0
            11.39074,46.49305,0
            11.39296,46.49282,0
            11.39312,46.49279,0
            11.39419,46.49271,0
            11.39441,46.49271,0
            11.39448,46.4927,0
            11.395,46.49271,0
            11.39615,46.49283,0
            11.40627,46.49458,0
            11.40629,46.49459,0
            11.40746,46.49473,0
            11.4086,46.49474,0
            11.40965,46.49465,0
            11.41019,46.49457,0
            11.41109,46.49436,0
            11.41132,46.49429,0
            11.41133,46.49428,0
            11.41163,46.49419,0
            11.41249,46.49386,0
            11.4129,46.49366,0
            11.41302,46.49362,0
            11.41686,46.4918,0
            11.417,46.49172,0
            11.41711,46.49168,0
            11.42042,46.49006,0
            11.42092,46.48985,0
            11.42167,46.4896,0
            11.42233,46.48945,0
            11.42271,46.48939,0
            11.42335,46.48933,0
            11.42405,46.48932,0
            11.42482,46.48938,0
            11.4249,46.4894,0
            11.42509,46.48942,0
            11.42573,46.48955,0
            11.42635,46.48972,0
            11.42638,46.48974,0
            11.4268,46.48989,0
            11.42732,46.49013,0
            11.42748,46.49022,0
            11.42749,46.49022,0
            11.42946,46.49145,0
            11.42947,46.49145,0
            11.42986,46.49168,0
            11.43058,46.49202,0
            11.43133,46.49227,0
            11.43207,46.49246,0
            11.43246,46.49252,0
            11.43247,46.49253,0
            11.43322,46.4926,0
            11.43597,46.49271,0
            11.43682,46.49281,0
            11.43724,46.49289,0
            11.43727,46.49289,0
            11.43755,46.49296,0
            11.43869,46.49338,0
            11.4394,46.49375,0
            11.43982,46.49403,0
            11.44013,46.49427,0
            11.44084,46.49492,0
            11.44102,46.49511,0
            11.44153,46.49551,0
            11.44203,46.49583,0
            11.44247,46.49607,0
            11.44324,46.49639,0
            11.44823,46.49814,0
            11.44824,46.49815,0
            11.44949,46.49861,0
            11.44952,46.49863,0
            11.45018,46.49892,0
            11.45093,46.49932,0
            11.45333,46.50078,0
            11.45364,46.501,0
            11.45529,46.50234,0
            11.45546,46.50244,0
            11.45551,46.50248,0
            11.45586,46.50269,0
            11.45719,46.50339,0
            11.45721,46.50341,0
            11.4574,46.5035,0
            11.45857,46.50417,0
            11.45999,46.50528,0
            11.46083,46.50589,0
            11.46187,46.50649,0
            11.46248,46.50678,0
            11.46467,46.50767,0
            11.46548,46.50807,0
            11.46621,46.50855,0
            11.46665,46.50893,0
            11.46686,46.50914,0
            11.46712,46.50944,0
            11.46716,46.5095,0
            11.46721,46.50955,0
            11.4673,46.50968,0
            11.46739,46.50978,0
            11.46744,46.50986,0
            11.46749,46.50991,0
            11.46824,46.51085,0
            11.46873,46.51129,0
            11.46914,46.51158,0
            11.4698,46.51195,0
            11.47051,46.51225,0
            11.47106,46.51242,0
            11.47152,46.51253,0
            11.47345,46.51286,0
            11.47389,46.51296,0
            11.47473,46.51323,0
            11.47491,46.51331,0
            11.47492,46.51331,0
            11.47533,46.51349,0
            11.47575,46.51372,0
            11.47612,46.51396,0
            11.4765,46.51425,0
            11.47696,46.51468,0
            11.47722,46.515,0
            11.47741,46.51527,0
            11.47826,46.51669,0
            11.47827,46.51669,0
            11.47865,46.51724,0
            11.47886,46.51748,0
            11.47886,46.51749,0
            11.47953,46.51817,0
            11.48061,46.51905,0
            11.48066,46.51908,0
            11.4812,46.51954,0
            11.48172,46.5201,0
            11.48241,46.52098,0
            11.4829,46.52148,0
            11.48311,46.52165,0
            11.48311,46.52166,0
            11.48329,46.52178,0
            11.48329,46.52179,0
            11.48415,46.52237,0
            11.48462,46.52265,0
            11.48515,46.52301,0
            11.48549,46.52328,0
            11.48598,46.52375,0
            11.4878,46.52569,0
            11.48781,46.52569,0
            11.48868,46.52663,0
            11.48923,46.52716,0
            11.48936,46.52732,0
            11.48951,46.52746,0
            11.49009,46.52815,0
            11.49044,46.52872,0
            11.49089,46.52991,0
            11.49112,46.53037,0
            11.49134,46.53071,0
            11.49166,46.5311,0
            11.49203,46.53147,0
            11.49326,46.53243,0
            11.49353,46.53267,0
            11.4938,46.53295,0
            11.49424,46.5335,0
            11.4947,46.53399,0
            11.49498,46.53425,0
            11.49531,46.5345,0
            11.4954,46.53455,0
            11.49557,46.53468,0
            11.49558,46.53468,0
            11.49596,46.53492,0
            11.499,46.53641,0
            11.49971,46.53682,0
            11.49989,46.53697,0
            11.5002,46.53719,0
            11.5004,46.53737,0
            11.50105,46.53806,0
            11.50178,46.53891,0
            11.50203,46.53915,0
            11.5031,46.54001,0
            11.5031,46.54002,0
            11.50328,46.54015,0
            11.50378,46.54059,0
            11.50386,46.54073,0
            11.50399,46.54086,0
            11.50414,46.54104,0
            11.5046,46.54169,0
            11.50502,46.54219,0
            11.50528,46.54245,0
            11.50568,46.54279,0
            11.50735,46.54407,0
            11.50916,46.54562,0
            11.50977,46.5462,0
            11.51072,46.54728,0
            11.51145,46.54802,0
            11.51306,46.54941,0
            11.51339,46.54977,0
            11.51376,46.55031,0
            11.51415,46.55121,0
            11.51421,46.5514,0
            11.51422,46.5514,0
            11.51451,46.55226,0
            11.51455,46.5525,0
            11.51456,46.55317,0
            11.51451,46.55356,0
            11.51445,46.55383,0
            11.51424,46.5544,0
            11.51407,46.5546,0
            11.51359,46.55539,0
            11.51335,46.55587,0
            11.51316,46.55644,0
            11.51307,46.55697,0
            11.51305,46.55721,0
            11.5131,46.5577,0
            11.51315,46.55793,0
            11.51335,46.55838,0
            11.51348,46.55861,0
            11.51364,46.55896,0
            11.51365,46.55896,0
            11.51381,46.5593,0
            11.51381,46.55931,0
            11.51382,46.55932,0
            11.51412,46.55998,0
            11.51412,46.55999,0
            11.51431,46.56051,0
            11.51432,46.56052,0
            11.51432,46.56053,0
            11.51438,46.56071,0
            11.51442,46.56108,0
            11.51466,46.56171,0
            11.51484,46.56206,0
            11.51514,46.56248,0
            11.51551,46.56289,0
            11.51673,46.56404,0
            11.51727,46.56444,0
            11.51797,46.56486,0
            11.51802,46.5649,0
            11.51806,46.56492,0
            11.51811,46.56497,0
            11.51986,46.56604,0
            11.52068,46.56667,0
            11.52079,46.5668,0
            11.5212,46.56718,0
            11.52166,46.56776,0
            11.52169,46.56781,0
            11.52172,46.56784,0
            11.5218,46.56799,0
            11.52198,46.56826,0
            11.52227,46.56884,0
            11.52257,46.5697,0
            11.52307,46.57155,0
            11.52308,46.57156,0
            11.52345,46.57289,0
            11.52358,46.57354,0
            11.52369,46.57394,0
            11.52346,46.57628,0
            11.52342,46.57735,0
            11.52343,46.57753,0
            11.52348,46.57786,0
            11.52412,46.58059,0
            11.52425,46.58138,0
            11.5243,46.58202,0
            11.52426,46.58368,0
            11.52427,46.58371,0
            11.52433,46.58449,0
            11.52444,46.5849,0
            11.52459,46.58526,0
            11.52481,46.58563,0
            11.52521,46.58621,0
            11.52723,46.58882,0
            11.52725,46.58886,0
            11.53034,46.59325,0
            11.53053,46.59349,0
            11.53055,46.5935,0
            11.53082,46.5938,0
            11.53249,46.59535,0
            11.53282,46.59575,0
            11.53302,46.59603,0
            11.5333,46.59658,0
            11.53345,46.59695,0
            11.53361,46.59751,0
            11.53366,46.59776,0
            11.53374,46.59842,0
            11.53378,46.5994,0
            11.53387,46.60017,0
            11.53392,46.60044,0
            11.53392,46.60048,0
            11.53403,46.60089,0
            11.53403,46.60091,0
            11.53475,46.60299,0
            11.53495,46.60371,0
            11.53521,46.60561,0
            11.53541,46.60653,0
            11.53541,46.60655,0
            11.53563,46.60722,0
            11.53563,46.60723,0
            11.53588,46.60793,0
            11.53588,46.60794,0
            11.53594,46.6081,0
            11.53595,46.60811,0
            11.53653,46.60967,0
            11.53653,46.60968,0
            11.53659,46.60985,0
            11.5366,46.60986,0
            11.53673,46.61022,0
            11.53695,46.61072,0
            11.53713,46.61106,0
            11.53734,46.61137,0
            11.53762,46.61173,0
            11.53805,46.61217,0
            11.53866,46.61272,0
            11.53866,46.61273,0
            11.53921,46.61322,0
            11.53928,46.6133,0
            11.53929,46.6133,0
            11.5395,46.61354,0
            11.53991,46.61409,0
            11.5402,46.61466,0
            11.54041,46.6153,0
            11.54043,46.61534,0
            11.54074,46.61639,0
            11.54097,46.61697,0
            11.54117,46.61737,0
            11.5414,46.61776,0
            11.54174,46.61823,0
            11.54212,46.61868,0
            11.54347,46.62003,0
            11.54455,46.62092,0
            11.54497,46.62131,0
            11.5461,46.62258,0
            11.5468,46.62315,0
            11.54832,46.62414,0
            11.5491,46.6247,0
            11.5491,46.62471,0
            11.54926,46.62485,0
            11.54928,46.62486,0
            11.54951,46.62507,0
            11.5499,46.62552,0
            11.5502,46.62599,0
            11.55045,46.6265,0
            11.55052,46.62668,0
            11.55054,46.62671,0
            11.55072,46.62712,0
            11.55072,46.62713,0
            11.55085,46.62742,0
            11.55118,46.62805,0
            11.55135,46.6283,0
            11.55135,46.62831,0
            11.55146,46.62846,0
            11.55189,46.62894,0
            11.55217,46.62921,0
            11.55278,46.62965,0
            11.55332,46.62996,0
            11.55333,46.62996,0
            11.55334,46.62997,0
            11.55536,46.63096,0
            11.55537,46.63096,0
            11.55665,46.63158,0
            11.55666,46.63158,0
            11.55686,46.63169,0
            11.55687,46.63169,0
            11.55707,46.6318,0
            11.5571,46.63181,0
            11.55744,46.63201,0
            11.558,46.63239,0
            11.55855,46.63288,0
            11.55929,46.63363,0
            11.55991,46.63417,0
            11.55995,46.63419,0
            11.56024,46.6344,0
            11.56047,46.63454,0
            11.56052,46.63456,0
            11.56072,46.63468,0
            11.56138,46.63499,0
            11.56388,46.63589,0
            11.56389,46.63589,0
            11.56411,46.63597,0
            11.56412,46.63598,0
            11.56434,46.63606,0
            11.56434,46.63607,0
            11.56686,46.63718,0
            11.56767,46.63749,0
            11.56768,46.6375,0
            11.56954,46.63814,0
            11.57063,46.63859,0
            11.57101,46.6388,0
            11.57493,46.64129,0
            11.57594,46.64206,0
            11.57645,46.64239,0
            11.57677,46.64256,0
            11.57678,46.64256,0
            11.57706,46.6427,0
            11.57747,46.64287,0
            11.57806,46.64307,0
            11.5789,46.64327,0
            11.57938,46.64335,0
            11.58135,46.64357,0
            11.58214,46.6437,0
            11.58277,46.64385,0
            11.58311,46.64396,0
            11.58312,46.64396,0
            11.58348,46.64408,0
            11.58403,46.64432,0
            11.58413,46.64438,0
            11.58439,46.6445,0
            11.58483,46.64475,0
            11.58515,46.64497,0
            11.58564,46.64538,0
            11.58598,46.64572,0
            11.58631,46.6461,0
            11.58869,46.64913,0
            11.59031,46.65085,0
            11.59077,46.65129,0
            11.59166,46.652,0
            11.5921,46.65229,0
            11.59275,46.65266,0
            11.59315,46.65285,0
            11.59316,46.65286,0
            11.59349,46.65301,0
            11.59458,46.6534,0
            11.59463,46.65343,0
            11.59684,46.65416,0
            11.59813,46.65466,0
            11.59886,46.655,0
            11.59976,46.6555,0
            11.60175,46.65677,0
            11.60252,46.65716,0
            11.60497,46.65799,0
            11.6051,46.65805,0
            11.60511,46.65805,0
            11.60555,46.65825,0
            11.60556,46.65825,0
            11.60575,46.65835,0
            11.60576,46.65835,0
            11.60654,46.65883,0
            11.6067,46.65896,0
            11.60672,46.65897,0
            11.60706,46.65925,0
            11.60793,46.66008,0
            11.60803,46.6602,0
            11.60959,46.6617,0
            11.60961,46.66171,0
            11.61027,46.66236,0
            11.61037,46.66244,0
            11.61221,46.66422,0
            11.61294,46.66507,0
            11.61296,46.66511,0
            11.61301,46.66516,0
            11.61882,46.67299,0
            11.6203,46.67525,0
            11.62092,46.67634,0
            11.62167,46.67786,0
            11.62211,46.67884,0
            11.62284,46.68074,0
            11.62316,46.68147,0
            11.62349,46.68198,0
            11.62397,46.68258,0
            11.62437,46.68299,0
            11.62471,46.68328,0
            11.62553,46.68386,0
            11.62614,46.68422,0
            11.63783,46.6898,0
            11.63834,46.69009,0
            11.63879,46.69038,0
            11.63947,46.69093,0
            11.64007,46.69158,0
            11.64345,46.69644,0
            11.64345,46.69645,0
            11.64349,46.6965,0
            11.64351,46.69654,0
            11.6466,46.70097,0
            11.64669,46.70113,0
            11.64717,46.70179,0
            11.64753,46.70235,0
            11.64781,46.70291,0
            11.64791,46.70317,0
            11.64801,46.70357,0
            11.64827,46.70506,0
            11.6483,46.70515,0
            11.6483,46.70516,0
            11.64866,46.70614,0
            11.64879,46.70678,0
            11.6488,46.70719,0
            11.64874,46.70765,0
            11.64861,46.70816,0
            11.64808,46.7095,0
            11.64793,46.71001,0
            11.64785,46.71037,0
            11.64781,46.71072,0
            11.64779,46.71077,0
            11.64775,46.71183,0
            11.64774,46.71188,0
            11.64767,46.71364,0
            11.64758,46.71442,0
            11.64707,46.71686,0
            11.64707,46.71688,0
            11.64634,46.71943,0
            11.64633,46.71951,0
            11.64631,46.71956,0
            11.64624,46.71999,0
            11.64623,46.72024,0
            11.64628,46.72086,0
            11.64641,46.72147,0
            11.6465,46.72206,0
            11.64651,46.72223,0
            11.6465,46.72258,0
            11.6464,46.72312,0
            11.6462,46.72369,0
            11.64463,46.72694,0
            11.64428,46.72758,0
            11.64272,46.72996,0
            11.64267,46.73002,0
            11.64152,46.73175,0
            11.6415,46.73177,0
            11.64098,46.73256,0
            11.64098,46.73257,0
            11.64088,46.73272,0
            11.64088,46.73273,0
            11.6406,46.73319,0
            11.64005,46.73434,0
            11.63982,46.73503,0
            11.6398,46.73507,0
            11.63969,46.73543,0
            11.63958,46.73591,0
            11.63945,46.73681,0
            11.6394,46.73814,0
            11.63941,46.74177,0
            11.63932,46.74271,0
            11.63924,46.74313,0
            11.63915,46.74344,0
            11.63893,46.74402,0
            11.63865,46.7446,0
            11.63849,46.74488,0
            11.63824,46.74525,0
            11.63646,46.74762,0
            11.63633,46.74777,0
            11.63482,46.7498,0
            11.63451,46.75031,0
            11.63412,46.75109,0
            11.6339,46.75172,0
            11.63375,46.75225,0
            11.6337,46.75254,0
            11.63361,46.75356,0
            11.63362,46.75357,0
            11.63364,46.75406,0
            11.63374,46.75477,0
            11.63399,46.75565,0
            11.63413,46.756,0
            11.63451,46.75674,0
            11.63451,46.75675,0
            11.63796,46.76235,0
            11.6382,46.76281,0
            11.63837,46.76324,0
            11.63854,46.76376,0
            11.63867,46.7645,0
            11.6387,46.76492,0
            11.63869,46.76529,0
            11.63829,46.76859,0
            11.63828,46.76861,0
            11.63813,46.76964,0
            11.63806,46.76994,0
            11.63795,46.77025,0
            11.6378,46.77056,0
            11.63757,46.77095,0
            11.63735,46.77126,0
            11.63703,46.77161,0
            11.63653,46.77204,0
            11.63601,46.7724,0
            11.63518,46.77284,0
            11.63466,46.77304,0
            11.63405,46.77323,0
            11.63124,46.77392,0
            11.63123,46.77393,0
            11.63061,46.77417,0
            11.62993,46.77452,0
            11.62953,46.77477,0
            11.62936,46.7749,0
            11.62935,46.7749,0
            11.62876,46.77541,0
            11.62828,46.77592,0
            11.6275,46.77667,0
            11.62701,46.77707,0
            11.62637,46.77747,0
            11.62549,46.77788,0
            11.6235,46.77866,0
            11.6229,46.77898,0
            11.62176,46.77972,0
            11.62176,46.77973,0
            11.62046,46.78055,0
            11.61861,46.78154,0
            11.61819,46.78182,0
            11.61776,46.78217,0
            11.61744,46.78249,0
            11.61713,46.78287,0
            11.61693,46.78318,0
            11.61684,46.78336,0
            11.61679,46.78343,0
            11.61678,46.78347,0
            11.61677,46.78348,0
            11.61664,46.78377,0
            11.61575,46.78648,0
            11.61538,46.78733,0
            11.615,46.78797,0
            11.61473,46.78836,0
            11.61435,46.78883,0
            11.61399,46.78922,0
            11.60835,46.79422,0
            11.60802,46.79448,0
            11.60633,46.79595,0
            11.60631,46.79596,0
            11.60629,46.79599,0
            11.6055,46.79667,0
            11.60507,46.797,0
            11.60459,46.79732,0
            11.60389,46.79769,0
            11.60301,46.79803,0
            11.60221,46.79824,0
            11.60073,46.7985,0
            11.59962,46.79878,0
            11.59886,46.79907,0
            11.59828,46.79935,0
            11.59778,46.79967,0
            11.59774,46.79971,0
            11.59552,46.80118,0
            11.5948,46.80158,0
            11.59373,46.80203,0
            11.59367,46.80204,0
            11.58993,46.80335,0
            11.58992,46.80336,0
            11.58763,46.80415,0
            11.5864,46.80447,0
            11.58636,46.80447,0
            11.5863,46.80449,0
            11.58517,46.80468,0
            11.58062,46.80514,0
            11.58058,46.80515,0
            11.57522,46.8057,0
            11.57447,46.80585,0
            11.57345,46.80615,0
            11.57146,46.80685,0
            11.57146,46.80686,0
            11.5639,46.80959,0
            11.56329,46.80984,0
            11.56283,46.81006,0
            11.562,46.81052,0
            11.56197,46.81053,0
            11.56161,46.81076,0
            11.56158,46.81077,0
            11.56051,46.81145,0
            11.55964,46.81189,0
            11.55871,46.81227,0
            11.55771,46.81258,0
            11.55624,46.81289,0
            11.55619,46.81289,0
            11.5555,46.813,0
            11.55288,46.81313,0
            11.55223,46.81319,0
            11.55177,46.81326,0
            11.55172,46.81326,0
            11.55171,46.81327,0
            11.55048,46.81347,0
            11.55043,46.81347,0
            11.5423,46.81486,0
            11.54187,46.81496,0
            11.5414,46.8151,0
            11.54082,46.81532,0
            11.54043,46.8155,0
            11.53963,46.81597,0
            11.53911,46.81638,0
            11.53874,46.81674,0
            11.53857,46.81694,0
            11.53824,46.81743,0
            11.53804,46.81782,0
            11.53785,46.8184,0
            11.53777,46.81892,0
            11.53703,46.8267,0
            11.53693,46.8272,0
            11.53673,46.8279,0
            11.53655,46.82826,0
            11.5362,46.8288,0
            11.52976,46.83645,0
            11.5296,46.83667,0
            11.52899,46.83737,0
            11.52898,46.83739,0
            11.5276,46.83902,0
            11.52433,46.84336,0
            11.52378,46.84403,0
            11.52356,46.84426,0
            11.52325,46.84454,0
            11.52287,46.84483,0
            11.5224,46.84513,0
            11.52194,46.84538,0
            11.52113,46.84571,0
            11.5207,46.84585,0
            11.51871,46.84632,0
            11.51831,46.84644,0
            11.51824,46.84647,0
            11.51823,46.84647,0
            11.518,46.84656,0
            11.51799,46.84656,0
            11.51778,46.84664,0
            11.51777,46.84665,0
            11.51708,46.84698,0
            11.51678,46.84715,0
            11.51636,46.84744,0
            11.51589,46.84784,0
            11.51537,46.8484,0
            11.51454,46.84959,0
            11.51452,46.84961,0
            11.51386,46.85059,0
            11.51358,46.85096,0
            11.51343,46.85121,0
            11.51283,46.85207,0
            11.51279,46.85211,0
            11.51224,46.85292,0
            11.51212,46.85307,0
            11.51054,46.85535,0
            11.50752,46.85932,0
            11.50711,46.85975,0
            11.50651,46.86026,0
            11.50598,46.86061,0
            11.50536,46.86095,0
            11.50479,46.86121,0
            11.50407,46.86146,0
            11.503,46.86175,0
            11.50093,46.86207,0
            11.50013,46.86225,0
            11.49918,46.86256,0
            11.49845,46.86288,0
            11.4916,46.8662,0
            11.49019,46.8667,0
            11.4834,46.86865,0
            11.48339,46.86866,0
            11.47735,46.87044,0
            11.47667,46.87067,0
            11.47666,46.87068,0
            11.47661,46.87069,0
            11.46095,46.8762,0
            11.46094,46.87621,0
            11.44723,46.88101,0
            11.44722,46.88101,0
            11.44503,46.88178,0
            11.44298,46.88232,0
            11.44296,46.88232,0
            11.44295,46.88233,0
            11.44227,46.88253,0
            11.44191,46.88266,0
            11.44002,46.88355,0
            11.44001,46.88355,0
            11.43918,46.88383,0
            11.43758,46.88428,0
            11.43755,46.88428,0
            11.43664,46.88456,0
            11.43597,46.88482,0
            11.43471,46.8852,0
            11.43257,46.88567,0
            11.43127,46.886,0
            11.42985,46.88644,0
            11.42935,46.88663,0
            11.42825,46.88713,0
            11.42823,46.88715,0
            11.42814,46.88719,0
            11.4281,46.88722,0
            11.42796,46.88729,0
            11.42688,46.88798,0
            11.42688,46.88799,0
            11.42677,46.88806,0
            11.42633,46.88843,0
            11.42556,46.88922,0
            11.42529,46.88955,0
            11.42485,46.89021,0
            11.42451,46.89094,0
            11.42435,46.89142,0
            11.42427,46.89174,0
            11.42425,46.89189,0
            11.42422,46.89201,0
            11.42415,46.89256,0
            11.42385,46.89895,0
            11.42387,46.89921,0
            11.42393,46.89955,0
            11.42398,46.89974,0
            11.42423,46.90034,0
            11.42435,46.90054,0
            11.42456,46.90083,0
            11.42646,46.90303,0
            11.42693,46.90368,0
            11.42719,46.90418,0
            11.42738,46.90462,0
            11.42738,46.90465,0
            11.42743,46.90478,0
            11.42757,46.90527,0
            11.42822,46.90831,0
            11.42836,46.90879,0
            11.42855,46.90924,0
            11.42884,46.90974,0
            11.42918,46.91022,0
            11.42986,46.91098,0
            11.43027,46.91134,0
            11.43453,46.91457,0
            11.43494,46.91491,0
            11.43552,46.91529,0
            11.43616,46.91566,0
            11.44007,46.91743,0
            11.44008,46.91743,0
            11.44055,46.91769,0
            11.44064,46.91776,0
            11.44086,46.91789,0
            11.44161,46.91852,0
            11.4419,46.91883,0
            11.44233,46.91941,0
            11.44248,46.91967,0
            11.44287,46.92055,0
            11.44315,46.92142,0
            11.44323,46.92195,0
            11.44323,46.92202,0
            11.44341,46.92336,0
            11.44342,46.92355,0
            11.44349,46.92384,0
            11.4435,46.92394,0
            11.44359,46.92434,0
            11.44366,46.92457,0
            11.44383,46.92493,0
            11.444,46.92522,0
            11.44444,46.92574,0
            11.44459,46.92588,0
            11.44472,46.92605,0
            11.44571,46.92691,0
            11.44609,46.92729,0
            11.44636,46.92761,0
            11.44658,46.92793,0
            11.44682,46.92837,0
            11.44705,46.92889,0
            11.44709,46.92911,0
            11.4472,46.92943,0
            11.44729,46.92979,0
            11.44733,46.93003,0
            11.44776,46.93188,0
            11.44777,46.9319,0
            11.44796,46.93266,0
            11.44799,46.93287,0
            11.44919,46.93807,0
            11.44925,46.93855,0
            11.44926,46.94003,0
            11.44933,46.94068,0
            11.44942,46.94114,0
            11.44954,46.94159,0
            11.44975,46.94207,0
            11.44976,46.94207,0
            11.44985,46.94224,0
            11.44985,46.94225,0
            11.45068,46.94366,0
            11.45092,46.94393,0
            11.45124,46.94461,0
            11.45139,46.94506,0
            11.45199,46.9465,0
            11.45209,46.94668,0
            11.45216,46.94684,0
            11.45272,46.94772,0
            11.45297,46.94802,0
            11.45319,46.94835,0
            11.45331,46.9485,0
            11.45331,46.94851,0
            11.45387,46.94935,0
            11.45441,46.95038,0
            11.45492,46.95111,0
            11.45518,46.95144,0
            11.45543,46.95169,0
            11.45568,46.95187,0
            11.45581,46.95199,0
            11.45684,46.95279,0
            11.45736,46.95327,0
            11.45772,46.95367,0
            11.45792,46.95395,0
            11.45796,46.95403,0
            11.45808,46.95421,0
            11.4586,46.95516,0
            11.45868,46.95535,0
            11.45922,46.95629,0
            11.46303,46.96201,0
            11.46418,46.96331,0
            11.46493,46.96395,0
            11.4678,46.96621,0
            11.46952,46.9677,0
            11.47422,46.97139,0
            11.47434,46.97146,0
            11.47671,46.9733,0
            11.47719,46.97364,0
            11.47827,46.97428,0
            11.48202,46.9761,0
            11.4832,46.97674,0
            11.4837,46.97705,0
            11.484,46.97721,0
            11.48761,46.97941,0
            11.4911,46.98124,0
            11.49142,46.98145,0
            11.49162,46.98156,0
            11.49248,46.98215,0
            11.49341,46.9829,0
            11.49397,46.98346,0
            11.49476,46.98433,0
            11.49489,46.98451,0
            11.49489,46.98452,0
            11.49498,46.98463,0
            11.49535,46.98517,0
            11.49614,46.98652,0
            11.49668,46.98756,0
            11.49713,46.98829,0
            11.49736,46.98875,0
            11.49737,46.98875,0
            11.49737,46.98877,0
            11.49784,46.9896,0
            11.49792,46.98977,0
            11.49796,46.98983,0
            11.4988,46.99145,0
            11.49881,46.99149,0
            11.49884,46.99153,0
            11.49997,46.99362,0
            11.50029,46.99413,0
            11.50074,46.99473,0
            11.50076,46.99477,0
            11.5013,46.99546,0
            11.50131,46.99548,0
            11.50176,46.99606,0
            11.5021,46.99645,0
            11.50249,46.99682,0
            11.50281,46.99705,0
            11.50286,46.99707,0
            11.50305,46.9972,0
            11.50361,46.99752,0
            11.50485,46.99813,0
            11.50486,46.99814,0
            11.50567,46.99862,0
            11.50618,46.99901,0
            11.50664,46.99945,0
            11.50689,46.99976,0
            11.50689,46.99977,0
            11.50705,47.00002,0
            11.50715,47.00027,0
            11.50716,47.00028,0
            11.50734,47.00098,0
            11.50735,47.00099,0
            11.50738,47.00134,0
            11.50744,47.0017,0
            11.50746,47.00237,0
            11.50747,47.00242,0
            11.50749,47.00331,0
            11.50755,47.00364,0
            11.5076,47.00382,0
            11.50768,47.00402,0
            11.50851,47.00536,0
            11.50856,47.00546,0
            11.5086,47.00561,0
            11.50874,47.00595,0
            11.50883,47.00628,0
            11.5089,47.00684,0
            11.50889,47.00723,0
            11.50886,47.00751,0
            11.5088,47.00782,0
            11.5088,47.00785,0
            11.50849,47.00966,0
            11.50837,47.01012,0
            11.5082,47.01055,0
            11.50787,47.01113,0
            11.50687,47.01232,0
            11.50672,47.01253,0
            11.50642,47.01313,0
            11.50634,47.0134,0
            11.50628,47.01376,0
            11.50627,47.01411,0
            11.50628,47.01415,0
            11.50628,47.01423,0
            11.50634,47.01455,0
            11.50644,47.01487,0
            11.50678,47.01576,0
            11.50684,47.01598,0
            11.50684,47.01603,0
            11.50687,47.01616,0
            11.5069,47.01662,0
            11.50687,47.01691,0
            11.50682,47.01716,0
            11.50666,47.01762,0
            11.50648,47.01795,0
            11.50625,47.01828,0
            11.50602,47.01854,0
            11.50557,47.01897,0
            11.50528,47.0192,0
            11.50447,47.01973,0
            11.50325,47.02061,0
            11.5028,47.021,0
            11.50258,47.02123,0
            11.50229,47.0217,0
            11.50185,47.02272,0
            11.50155,47.02318,0
            11.50096,47.0239,0
            11.50071,47.02413,0
            11.5002,47.0245,0
            11.49989,47.02469,0
            11.49937,47.02492,0
            11.49936,47.02493,0
            11.49847,47.02528,0
            11.49772,47.02547,0
            11.49568,47.0258,0
            11.49567,47.02581,0
            11.49562,47.02581,0
            11.49493,47.02595,0
            11.49466,47.02603,0
            11.49464,47.02603,0
            11.49418,47.02617,0
            11.49417,47.02617,0
            11.49394,47.02625,0
            11.49393,47.02625,0
            11.49326,47.02651,0
            11.49325,47.02651,0
            11.49324,47.02652,0
            11.49283,47.02668,0
            11.49191,47.02716,0
            11.49086,47.02782,0
            11.49061,47.02794,0
            11.4885,47.02943,0
            11.48847,47.02946,0
            11.48432,47.03237,0
            11.48378,47.03269,0
            11.48292,47.03309,0
            11.48212,47.03338,0
            11.48178,47.03348,0
            11.48061,47.03373,0
            11.47834,47.03404,0
            11.47828,47.03406,0
            11.47782,47.03415,0
            11.47719,47.03433,0
            11.47576,47.03498,0
            11.47563,47.03506,0
            11.47516,47.03541,0
            11.47475,47.03584,0
            11.47454,47.03602,0
            11.47431,47.03641,0
            11.47421,47.03663,0
            11.47414,47.03684,0
            11.47405,47.03727,0
            11.47404,47.03777,0
            11.47411,47.03822,0
            11.47422,47.03856,0
            11.47437,47.0389,0
            11.47472,47.03951,0
            11.47502,47.03991,0
            11.4755,47.04048,0
            11.47589,47.04088,0
            11.47589,47.04089,0
            11.47662,47.04157,0
            11.47671,47.04167,0
            11.47729,47.04216,0
            11.4774,47.04228,0
            11.4775,47.04235,0
            11.47816,47.04307,0
            11.479,47.0439,0
            11.48039,47.04546,0
            11.48084,47.04602,0
            11.48165,47.04729,0
            11.48194,47.0481,0
            11.48221,47.04912,0
            11.48224,47.04938,0
            11.4821,47.05125,0
            11.48207,47.05139,0
            11.48172,47.0524,0
            11.48121,47.05433,0
            11.48094,47.05505,0
            11.48054,47.05666,0
            11.48054,47.05688,0
            11.48044,47.05724,0
            11.48017,47.05785,0
            11.48006,47.05815,0
            11.48003,47.05864,0
            11.47993,47.05932,0
            11.47987,47.06087,0
            11.47988,47.06171,0
            11.47995,47.06266,0
            11.47996,47.06269,0
            11.48011,47.06379,0
            11.48038,47.06513,0
            11.48043,47.06527,0
            11.48043,47.06528,0
            11.48047,47.0654,0
            11.48059,47.06615,0
            11.48101,47.06799,0
            11.48111,47.069,0
            11.48108,47.0696,0
            11.48104,47.06984,0
            11.48104,47.0699,0
            11.48071,47.07131,0
            11.48053,47.07175,0
            11.48015,47.07248,0
            11.4795,47.07342,0
            11.47886,47.0741,0
            11.47824,47.07463,0
            11.47734,47.07523,0
            11.47685,47.0755,0
            11.47435,47.07662,0
            11.47403,47.07679,0
            11.47391,47.07684,0
            11.47371,47.07696,0
            11.47364,47.07699,0
            11.47279,47.07753,0
            11.47217,47.07802,0
            11.47132,47.07878,0
            11.47102,47.07911,0
            11.46936,47.08075,0
            11.46881,47.08124,0
            11.46813,47.08168,0
            11.46688,47.08232,0
            11.46595,47.08271,0
            11.46467,47.08315,0
            11.46337,47.08354,0
            11.46211,47.084,0
            11.46192,47.08409,0
            11.46048,47.08498,0
            11.46035,47.08508,0
            11.45998,47.08543,0
            11.45954,47.08593,0
            11.45932,47.08625,0
            11.45899,47.08685,0
            11.45875,47.08747,0
            11.45867,47.08781,0
            11.45864,47.08812,0
            11.45863,47.08815,0
            11.45861,47.08858,0
            11.45864,47.08902,0
            11.45875,47.08954,0
            11.45887,47.0899,0
            11.45913,47.09044,0
            11.45945,47.09093,0
            11.4601,47.09175,0
            11.46092,47.09266,0
            11.46096,47.09272,0
            11.46143,47.09327,0
            11.46143,47.09328,0
            11.46154,47.09341,0
            11.46194,47.09399,0
            11.46218,47.09442,0
            11.46241,47.09499,0
            11.46254,47.09547,0
            11.46259,47.09579,0
            11.46263,47.09646,0
            11.46257,47.09707,0
            11.4625,47.09745,0
            11.46234,47.09797,0
            11.46222,47.09825,0
            11.46197,47.09872,0
            11.46182,47.09895,0
            11.46141,47.09949,0
            11.46131,47.09959,0
            11.46121,47.09972,0
            11.46056,47.10039,0
            11.45798,47.10284,0
            11.45724,47.10362,0
            11.45642,47.10462,0
            11.4558,47.10548,0
            11.45573,47.10556,0
            11.45569,47.10564,0
            11.45214,47.11072,0
            11.45187,47.11117,0
            11.45164,47.11164,0
            11.45148,47.1121,0
            11.45133,47.11279,0
            11.4512,47.11521,0
            11.45116,47.11552,0
            11.45109,47.11584,0
            11.45099,47.11617,0
            11.45081,47.11663,0
            11.45034,47.11739,0
            11.45033,47.11739,0
            11.44955,47.11847,0
            11.44934,47.1188,0
            11.44918,47.11911,0
            11.44901,47.11952,0
            11.44886,47.12012,0
            11.4488,47.12072,0
            11.44882,47.12109,0
            11.44898,47.12187,0
            11.44905,47.12205,0
            11.44906,47.12206,0
            11.44917,47.12237,0
            11.44976,47.12362,0
            11.44995,47.1241,0
            11.45018,47.12485,0
            11.45032,47.12554,0
            11.45035,47.12589,0
            11.45038,47.12604,0
            11.4504,47.12665,0
            11.45038,47.12711,0
            11.44996,47.13011,0
            11.44994,47.1312,0
            11.4501,47.13326,0
            11.4501,47.13409,0
            11.45009,47.13413,0
            11.45008,47.1345,0
            11.4499,47.13538,0
            11.44967,47.13617,0
            11.44928,47.13722,0
            11.44916,47.13744,0
            11.4491,47.13752,0
            11.44884,47.13799,0
            11.44848,47.13854,0
            11.44654,47.14118,0
            11.44654,47.14119,0
            11.44639,47.1414,0
            11.44617,47.14176,0
            11.44585,47.14238,0
            11.44559,47.14305,0
            11.44551,47.14343,0
            11.44535,47.14388,0
            11.44529,47.14412,0
            11.44516,47.14497,0
            11.44516,47.14501,0
            11.44438,47.14956,0
            11.44438,47.14959,0
            11.44406,47.15078,0
            11.44374,47.15165,0
            11.44337,47.15249,0
            11.44296,47.15328,0
            11.44254,47.154,0
            11.44161,47.15532,0
            11.44099,47.15607,0
            11.44018,47.15695,0
            11.43934,47.15776,0
            11.43629,47.16031,0
            11.43572,47.16089,0
            11.43521,47.16147,0
            11.43502,47.16176,0
            11.43375,47.16394,0
            11.43351,47.16428,0
            11.43351,47.16429,0
            11.43302,47.16495,0
            11.43267,47.16535,0
            11.43261,47.1654,0
            11.43258,47.16544,0
            11.43242,47.16559,0
            11.43237,47.16562,0
            11.43077,47.16716,0
            11.43023,47.16773,0
            11.42858,47.16971,0
            11.42852,47.16976,0
            11.42848,47.16981,0
            11.42816,47.17012,0
            11.4275,47.17066,0
            11.42677,47.17119,0
            11.42568,47.17191,0
            11.42432,47.17269,0
            11.42427,47.17271,0
            11.4242,47.17276,0
            11.42413,47.17279,0
            11.42409,47.17282,0
            11.42353,47.17311,0
            11.42343,47.17315,0
            11.42335,47.1732,0
            11.42323,47.17325,0
            11.42309,47.17334,0
            11.42249,47.17362,0
            11.42129,47.17411,0
            11.42124,47.17412,0
            11.4191,47.1749,0
            11.41895,47.17494,0
            11.41892,47.17496,0
            11.41888,47.17497,0
            11.41885,47.17499,0
            11.41876,47.17502,0
            11.41873,47.17504,0
            11.41869,47.17505,0
            11.41798,47.17539,0
            11.41789,47.17545,0
            11.41744,47.17569,0
            11.41696,47.17602,0
            11.41691,47.17607,0
            11.41656,47.17634,0
            11.41605,47.17685,0
            11.41599,47.17693,0
            11.41589,47.17703,0
            11.41487,47.17824,0
            11.41407,47.17898,0
            11.41406,47.17898,0
            11.41375,47.17923,0
            11.41374,47.17923,0
            11.41339,47.1795,0
            11.41229,47.18026,0
            11.41168,47.18073,0
            11.41156,47.18085,0
            11.41146,47.18093,0
            11.41143,47.18097,0
            11.41131,47.18108,0
            11.4113,47.18108,0
            11.41093,47.18142,0
            11.40983,47.18256,0
            11.4094,47.18294,0
            11.40873,47.18341,0
            11.40871,47.18341,0
            11.4081,47.18367,0
            11.40761,47.18381,0
            11.40719,47.18389,0
            11.40641,47.18399,0
            11.40523,47.18406,0
            11.40427,47.18405,0
            11.4036,47.18398,0
            11.40317,47.18388,0
            11.40285,47.18378,0
            11.40279,47.18377,0
            11.4026,47.18371,0
            11.40217,47.18353,0
            11.40183,47.18336,0
            11.40123,47.18301,0
            11.4012,47.18298,0
            11.40009,47.18227,0
            11.39975,47.18211,0
            11.39937,47.18197,0
            11.39906,47.18191,0
            11.39868,47.18189,0
            11.39844,47.18191,0
            11.39823,47.18195,0
            11.39802,47.18201,0
            11.39788,47.18207,0
            11.39763,47.18221,0
            11.39752,47.18229,0
            11.39737,47.18245,0
            11.39726,47.18262,0
            11.39721,47.18278,0
            11.3972,47.18295,0
            11.39721,47.18304,0
            11.39723,47.1831,0
            11.39723,47.18311,0
            11.3973,47.18329,0
            11.39736,47.18338,0
            11.39778,47.18381,0
            11.39841,47.18419,0
            11.39844,47.1842,0
            11.39954,47.18481,0
            11.4006,47.18548,0
            11.40132,47.18616,0
            11.40154,47.18649,0
            11.40155,47.18649,0
            11.40186,47.18713,0
            11.40194,47.18738,0
            11.40198,47.18759,0
            11.402,47.1878,0
            11.402,47.18816,0
            11.40192,47.18859,0
            11.40176,47.18903,0
            11.40156,47.18942,0
            11.40144,47.18959,0
            11.40131,47.18974,0
            11.4013,47.18976,0
            11.40121,47.18985,0
            11.40118,47.18987,0
            11.40101,47.19003,0
            11.401,47.19003,0
            11.40055,47.19041,0
            11.40054,47.19041,0
            11.39912,47.1916,0
            11.39859,47.19217,0
            11.39839,47.19247,0
            11.39825,47.19273,0
            11.39808,47.19326,0
            11.39798,47.19388,0
            11.39793,47.19476,0
            11.39794,47.19524,0
            11.39802,47.19594,0
            11.39827,47.19685,0
            11.39864,47.19769,0
            11.39899,47.1983,0
            11.399,47.1983,0
            11.39922,47.19863,0
            11.39971,47.19927,0
            11.39973,47.19928,0
            11.40187,47.20193,0
            11.40187,47.20194,0
            11.40312,47.20349,0
            11.40364,47.20424,0
            11.40382,47.20458,0
            11.4039,47.2048,0
            11.40392,47.20489,0
            11.40394,47.20493,0
            11.40401,47.20521,0
            11.40404,47.20541,0
            11.40404,47.20592,0
            11.40389,47.20651,0
            11.40356,47.20732,0
            11.40354,47.20742,0
            11.40337,47.20773,0
            11.40333,47.20778,0
            11.40326,47.2079,0
            11.40314,47.20817,0
            11.40294,47.20852,0
            11.40293,47.20855,0
            11.40248,47.2093,0
            11.402,47.21002,0
            11.40123,47.21107,0
            11.40031,47.21221,0
            11.39893,47.21377,0
            11.39618,47.21654,0
            11.39515,47.21767,0
            11.39514,47.21769,0
            11.39471,47.21821,0
            11.39379,47.2195,0
            11.39343,47.22009,0
            11.39286,47.22119,0
            11.39247,47.2221,0
            11.39213,47.22313,0
            11.39207,47.22353,0
            11.39207,47.22423,0
            11.39213,47.22468,0
            11.39225,47.22517,0
            11.39241,47.22557,0
            11.3934,47.22744,0
            11.39356,47.22788,0
            11.39365,47.2282,0
            11.39374,47.22898,0
            11.39374,47.2292,0
            11.39372,47.22943,0
            11.39362,47.22997,0
            11.39351,47.23038,0
            11.39339,47.23072,0
            11.39334,47.23092,0
            11.39218,47.23434,0
            11.39216,47.23438,0
            11.39153,47.23626,0
            11.39153,47.23627,0
            11.39141,47.23661,0
            11.39141,47.23662,0
            11.3908,47.23841,0
            11.39077,47.23855,0
            11.39074,47.23863,0
            11.39048,47.23969,0
            11.39041,47.2401,0
            11.3904,47.24044,0
            11.39041,47.24059,0
            11.39053,47.24138,0
            11.39066,47.24181,0
            11.39074,47.242,0
            11.39074,47.24201,0
            11.39078,47.24212,0
            11.3912,47.24292,0
            11.39142,47.24323,0
            11.39176,47.24365,0
            11.39204,47.24395,0
            11.39243,47.2443,0
            11.39382,47.24533,0
            11.39475,47.24584,0
            11.39479,47.24585,0
            11.3951,47.246,0
            11.39581,47.24628,0
            11.39656,47.24653,0
            11.39795,47.2469,0
            11.39988,47.24734,0
            11.40084,47.24765,0
            11.40113,47.24778,0
            11.40166,47.24808,0
            11.40202,47.24833,0
            11.40241,47.24866,0
            11.40266,47.24891,0
            11.40325,47.24967,0
            11.40329,47.24975,0
            11.404,47.25085,0
            11.40426,47.25112,0
            11.40428,47.25115,0
            11.40456,47.25142,0
            11.40487,47.25167,0
            11.40556,47.25209,0
            11.40613,47.25234,0
            11.4069,47.25258,0
            11.40738,47.25269,0
            11.42002,47.25451,0
            11.42159,47.2548,0
            11.4231,47.25514,0
            11.42548,47.25583,0
            11.43059,47.25758,0
            11.4328,47.25847,0
            11.43408,47.25906,0
            11.4364,47.26022,0
            11.43787,47.26077,0
            11.43832,47.26089,0
            11.43836,47.26091,0
            11.43917,47.2611,0
            11.44084,47.26137,0
            11.44717,47.26184,0
            11.44719,47.26185,0
            11.44998,47.26205,0
            11.45148,47.26223,0
            11.4521,47.26234,0
            11.45212,47.26235,0
            11.45277,47.26249,0
            11.45388,47.26282,0
            11.4547,47.26314,0
            11.45555,47.26354,0
            11.45707,47.26447,0
            11.45946,47.26614,0
            11.46067,47.2669,0
            11.46112,47.26714,0
            11.46116,47.26717,0
            11.4614,47.26729,0
            11.46149,47.26735,0
            11.46159,47.26739,0
            11.4616,47.26739,0
            11.46247,47.2678,0
            11.46349,47.26821,0
            11.46435,47.2685,0
            11.46589,47.26893,0
            11.47178,47.27007,0
            11.47179,47.27008,0
            11.48126,47.27184,0
            11.48254,47.27203,0
            11.48437,47.27218,0
            11.48639,47.2722,0
            11.49255,47.27173,0
            11.49442,47.27167,0
            11.49547,47.2717,0
            11.49624,47.27177,0
            11.49752,47.27198,0
            11.49843,47.27219,0
            11.49928,47.27243,0
            11.50024,47.27277,0
            11.50405,47.27439,0
            11.5053,47.27487,0
            11.50589,47.27506,0
            11.50723,47.27541,0
            11.50866,47.27566,0
            11.50982,47.27577,0
            11.51152,47.2758,0
            11.51556,47.27567,0
            11.517,47.27568,0
            11.51947,47.2758,0
            11.52176,47.27604,0
            11.52328,47.27626,0
            11.5379,47.27891,0
            11.54636,47.28066,0
            11.5491,47.28139,0
            11.55022,47.28176,0
            11.5514,47.28223,0
            11.55268,47.28282,0
            11.55379,47.2834,0
            11.55464,47.28391,0
            11.55618,47.28497,0
            11.55757,47.28607,0
            11.55932,47.2877,0
            11.56089,47.28933,0
            11.56469,47.29365,0
            11.56543,47.29444,0
            11.56641,47.29536,0
            11.56672,47.29561,0
            11.56769,47.29629,0
            11.56888,47.29699,0
            11.56934,47.29723,0
            11.57095,47.29794,0
            11.57195,47.29829,0
            11.57265,47.2985,0
            11.57401,47.29883,0
            11.5751,47.29903,0
            11.57715,47.29928,0
            11.58763,47.30004,0
            11.58864,47.30005,0
            11.59008,47.3,0
            11.59134,47.2999,0
            11.59611,47.29929,0
            11.59712,47.2992,0
            11.59864,47.29917,0
            11.59944,47.2992,0
            11.60138,47.29942,0
            11.60298,47.29976,0
            11.60377,47.29998,0
            11.60449,47.30022,0
            11.60606,47.30086,0
            11.60723,47.30149,0
            11.60899,47.30259,0
            11.61232,47.30491,0
            11.61345,47.3056,0
            11.6142,47.306,0
            11.61498,47.30637,0
            11.61632,47.30689,0
            11.61714,47.30715,0
            11.61841,47.30747,0
            11.62015,47.30777,0
            11.6266,47.3085,0
            11.62777,47.3087,0
            11.62889,47.30895,0
            11.63053,47.30943,0
            11.63164,47.30984,0
            11.63296,47.31042,0
            11.63447,47.31124,0
            11.63827,47.31371,0
            11.63918,47.31423,0
            11.64015,47.3147,0
            11.64136,47.3152,0
            11.64263,47.31563,0
            11.64444,47.3161,0
            11.65197,47.31744,0
            11.6548,47.31815,0
            11.65688,47.3188,0
            11.659,47.3196,0
            11.66777,47.32324,0
            11.66951,47.32401,0
            11.67099,47.32474,0
            11.67315,47.32595,0
            11.67465,47.32693,0
            11.67541,47.32747,0
            11.67687,47.32859,0
            11.67832,47.3298,0
            11.68128,47.33253,0
            11.68277,47.3341,0
            11.68348,47.33499,0
            11.68419,47.33601,0
            11.68454,47.3366,0
            11.68507,47.33763,0
            11.68541,47.3384,0
            11.68564,47.339,0
            11.68673,47.34233,0
            11.68701,47.34307,0
            11.6877,47.34444,0
            11.68784,47.34468,0
            11.68815,47.34513,0
            11.68894,47.34615,0
            11.68895,47.34615,0
            11.68907,47.34631,0
            11.68964,47.34692,0
            11.69048,47.34771,0
            11.69128,47.34838,0
            11.696,47.35197,0
            11.69678,47.35269,0
            11.69731,47.35327,0
            11.69879,47.35517,0
            11.69884,47.35522,0
            11.69956,47.35616,0
            11.70017,47.35689,0
            11.70057,47.35732,0
            11.70155,47.35821,0
            11.70268,47.35903,0
            11.70341,47.35948,0
            11.70407,47.35984,0
            11.70519,47.36036,0
            11.70647,47.36086,0
            11.70748,47.36118,0
            11.70859,47.36148,0
            11.71027,47.36185,0
            11.71969,47.36362,0
            11.71971,47.36363,0
            11.72539,47.36471,0
            11.72715,47.36517,0
            11.72841,47.36559,0
            11.72941,47.366,0
            11.72942,47.366,0
            11.73119,47.36684,0
            11.73284,47.36774,0
            11.74439,47.3746,0
            11.74714,47.37641,0
            11.753,47.38063,0
            11.75451,47.38164,0
            11.7554,47.38218,0
            11.75688,47.38299,0
            11.75845,47.38372,0
            11.75927,47.38406,0
            11.76134,47.3848,0
            11.76385,47.38549,0
            11.76551,47.38579,0
            11.76634,47.3859,0
            11.76797,47.38601,0
            11.76881,47.38601,0
            11.77445,47.38573,0
            11.77616,47.38577,0
            11.77759,47.38592,0
            11.77849,47.38607,0
            11.77942,47.38627,0
            11.78053,47.38658,0
            11.78139,47.38686,0
            11.78253,47.38729,0
            11.79145,47.39095,0
            11.7926,47.39152,0
            11.79377,47.39219,0
            11.79494,47.39301,0
            11.79554,47.39351,0
            11.79605,47.39399,0
            11.79679,47.39481,0
            11.79723,47.39539,0
            11.79759,47.39592,0
            11.79844,47.39743,0
            11.79903,47.39868,0
            11.79909,47.39884,0
            11.79974,47.39986,0
            11.80022,47.40048,0
            11.80078,47.40106,0
            11.80158,47.40173,0
            11.80217,47.40216,0
            11.80323,47.40281,0
            11.80418,47.40329,0
            11.80521,47.40371,0
            11.8063,47.40407,0
            11.8086,47.40461,0
            11.8111,47.40501,0
            11.81271,47.40518,0
            11.81583,47.4053,0
            11.82208,47.40527,0
            11.82393,47.40536,0
            11.82483,47.40545,0
            11.82668,47.40571,0
            11.82831,47.40605,0
            11.83003,47.40652,0
            11.83142,47.40699,0
            11.83687,47.4091,0
            11.84346,47.41199,0
            11.84688,47.41373,0
            11.84739,47.41403,0
            11.84806,47.41447,0
            11.84934,47.41541,0
            11.85023,47.41616,0
            11.85023,47.41617,0
            11.85024,47.41617,0
            11.85119,47.41711,0
            11.8524,47.41848,0
            11.85446,47.42103,0
            11.8552,47.42188,0
            11.85623,47.42295,0
            11.85709,47.42373,0
            11.85803,47.42447,0
            11.85886,47.42505,0
            11.86084,47.42623,0
            11.86395,47.42793,0
            11.86671,47.42955,0
            11.86861,47.43081,0
            11.87157,47.433,0
            11.87689,47.43726,0
            11.87823,47.43821,0
            11.87824,47.43821,0
            11.87901,47.43871,0
            11.87902,47.43871,0
            11.87962,47.43907,0
            11.87965,47.4391,0
            11.88066,47.43963,0
            11.88208,47.4403,0
            11.88351,47.44086,0
            11.8871,47.44202,0
            11.89054,47.44289,0
            11.89098,47.44298,0
            11.89367,47.44374,0
            11.8937,47.44374,0
            11.89403,47.44384,0
            11.89415,47.44386,0
            11.89773,47.44505,0
            11.90035,47.44611,0
            11.90391,47.44782,0
            11.90493,47.44836,0
            11.90706,47.44961,0
            11.90909,47.45097,0
            11.91525,47.45559,0
            11.9159,47.45604,0
            11.9159,47.45605,0
            11.91705,47.45677,0
            11.9181,47.45729,0
            11.91904,47.45769,0
            11.92079,47.45824,0
            11.92185,47.45849,0
            11.92239,47.45859,0
            11.93302,47.46011,0
            11.93478,47.46044,0
            11.93623,47.4608,0
            11.93624,47.46081,0
            11.93625,47.46081,0
            11.93776,47.4613,0
            11.93943,47.46201,0
            11.94257,47.46347,0
            11.94491,47.46446,0
            11.94705,47.46528,0
            11.97067,47.4734,0
            11.97304,47.47436,0
            11.97305,47.47436,0
            11.97434,47.47491,0
            11.97779,47.47651,0
            11.98022,47.47773,0
            11.98104,47.47809,0
            11.98228,47.47856,0
            11.98333,47.47888,0
            11.98454,47.47918,0
            11.98593,47.47943,0
            11.98689,47.47955,0
            11.98692,47.47956,0
            11.98829,47.47968,0
            11.99617,47.48012,0
            11.99918,47.48044,0
            12.00225,47.48089,0
            12.0052,47.48144,0
            12.01111,47.48283,0
            12.01334,47.48328,0
            12.01499,47.48351,0
            12.01729,47.48368,0
            12.01831,47.48369,0
            12.01838,47.4837,0
            12.02335,47.48372,0
            12.0266,47.48384,0
            12.03098,47.48419,0
            12.03503,47.48478,0
            12.03845,47.48544,0
            12.04142,47.48615,0
            12.04144,47.48615,0
            12.04416,47.48692,0
            12.04707,47.4879,0
            12.04709,47.4879,0
            12.04911,47.48867,0
            12.05206,47.48995,0
            12.05314,47.49049,0
            12.05359,47.49068,0
            12.05509,47.49149,0
            12.05547,47.49173,0
            12.05647,47.49244,0
            12.05718,47.49308,0
            12.05754,47.49349,0
            12.05807,47.49421,0
            12.05825,47.49451,0
            12.05846,47.49493,0
            12.05866,47.4954,0
            12.05877,47.49577,0
            12.05888,47.49634,0
            12.05891,47.49692,0
            12.05889,47.49742,0
            12.05884,47.49784,0
            12.05815,47.50065,0
            12.05814,47.50066,0
            12.0581,47.50087,0
            12.05804,47.50147,0
            12.05808,47.50237,0
            12.05813,47.50273,0
            12.05823,47.50317,0
            12.05845,47.5038,0
            12.05875,47.50442,0
            12.05922,47.50516,0
            12.05975,47.50586,0
            12.06118,47.50758,0
            12.06145,47.50787,0
            12.06196,47.50849,0
            12.06301,47.50989,0
            12.06342,47.51058,0
            12.06434,47.51243,0
            12.06562,47.51614,0
            12.066,47.51697,0
            12.0665,47.51792,0
            12.06651,47.51793,0
            12.06666,47.51821,0
            12.06703,47.51879,0
            12.06784,47.51992,0
            12.0691,47.52137,0
            12.06958,47.52185,0
            12.0713,47.52334,0
            12.07217,47.52403,0
            12.07218,47.52403,0
            12.07235,47.52416,0
            12.07235,47.52417,0
            12.07588,47.52686,0
            12.07798,47.52835,0
            12.07892,47.52897,0
            12.07954,47.52943,0
            12.08101,47.53033,0
            12.08203,47.53083,0
            12.08316,47.53131,0
            12.08477,47.53181,0
            12.08596,47.53212,0
            12.08781,47.53244,0
            12.09054,47.53273,0
            12.09056,47.53274,0
            12.09331,47.53301,0
            12.09493,47.53324,0
            12.09689,47.5336,0
            12.09698,47.53363,0
            12.09956,47.5342,0
            12.0996,47.53422,0
            12.10163,47.53477,0
            12.10319,47.53528,0
            12.10462,47.53583,0
            12.105,47.536,0
            12.10533,47.53612,0
            12.10787,47.53731,0
            12.10929,47.53809,0
            12.10936,47.53814,0
            12.10975,47.53836,0
            12.11182,47.53972,0
            12.11326,47.5408,0
            12.11443,47.54178,0
            12.11513,47.54244,0
            12.11604,47.54339,0
            12.11678,47.54424,0
            12.11787,47.54568,0
            12.11903,47.54749,0
            12.12021,47.54922,0
            12.12024,47.54925,0
            12.12032,47.54937,0
            12.1211,47.55035,0
            12.12186,47.55119,0
            12.12269,47.552,0
            12.12374,47.5529,0
            12.12486,47.55375,0
            12.12641,47.55477,0
            12.1286,47.55605,0
            12.12879,47.55614,0
            12.13057,47.55715,0
            12.13286,47.55857,0
            12.13401,47.5594,0
            12.13401,47.55941,0
            12.13469,47.55995,0
            12.13469,47.55996,0
            12.13485,47.5601,0
            12.13486,47.5601,0
            12.13563,47.56079,0
            12.13565,47.56082,0
            12.13641,47.56157,0
            12.13704,47.56227,0
            12.13794,47.56341,0
            12.13841,47.56409,0
            12.13844,47.56412,0
            12.13992,47.5662,0
            12.13997,47.56625,0
            12.15007,47.58036,0
            12.15128,47.58179,0
            12.15192,47.58247,0
            12.15302,47.58355,0
            12.15497,47.5852,0
            12.1558,47.58581,0
            12.15747,47.58694,0
            12.15946,47.58811,0
            12.16091,47.58886,0
            12.17027,47.59295,0
            12.1716,47.59362,0
            12.17272,47.59427,0
            12.17409,47.59517,0
            12.17852,47.5985,0
            12.1802,47.59957,0
            12.18206,47.60049,0
            12.18382,47.60125,0
            12.18546,47.60185,0
            12.18839,47.60281,0
            12.19077,47.60368,0
            12.19203,47.60422,0
            12.19325,47.6049,0
            12.19364,47.60508,0
            12.19604,47.60642,0
            12.19722,47.60723,0
            12.19936,47.60904,0
            12.19941,47.60913,0
            12.19962,47.60936,0
            12.20109,47.61125,0
            12.20159,47.6121,0
            12.20176,47.61247,0
            12.20199,47.61309,0
            12.20199,47.6131,0
            12.2022,47.61376,0
            12.20246,47.61478,0
            12.20258,47.61594,0
            12.20261,47.61705,0
            12.20251,47.61866,0
            12.20222,47.62101,0
            12.20221,47.62102,0
            12.20201,47.62262,0
            12.202,47.62265,0
            12.20181,47.62391,0
            12.20143,47.6256,0
            12.20097,47.62711,0
            12.20025,47.62881,0
            12.20021,47.62888,0
            12.20018,47.62896,0
            12.19973,47.62983,0
            12.19969,47.62993,0
            12.1992,47.6308,0
            12.19364,47.63962,0
            12.19147,47.6433,0
            12.19061,47.64486,0
            12.1906,47.64487,0
            12.18917,47.64754,0
            12.18902,47.64788,0
            12.18731,47.65116,0
            12.18728,47.6512,0
            12.18716,47.65146,0
            12.18713,47.6515,0
            12.18543,47.6548,0
            12.18543,47.65481,0
            12.18484,47.65615,0
            12.18483,47.65616,0
            12.18431,47.65756,0
            12.18397,47.65875,0
            12.18363,47.66028,0
            12.18363,47.66032,0
            12.18339,47.66161,0
            12.18338,47.66163,0
            12.18292,47.664,0
            12.18273,47.66475,0
            12.18249,47.66542,0
            12.18217,47.66612,0
            12.18188,47.66665,0
            12.18143,47.66734,0
            12.18123,47.6676,0
            12.18122,47.66763,0
            12.18098,47.66792,0
            12.18097,47.66794,0
            12.18058,47.66839,0
            12.17998,47.66899,0
            12.17904,47.66979,0
            12.17677,47.67142,0
            12.17673,47.67144,0
            12.17337,47.67387,0
            12.17336,47.67389,0
            12.17323,47.67398,0
            12.17156,47.67538,0
            12.17088,47.67601,0
            12.16973,47.67717,0
            12.1688,47.67821,0
            12.16784,47.67944,0
            12.1678,47.67948,0
            12.1678,47.67949,0
            12.16747,47.67997,0
            12.16744,47.68003,0
            12.16686,47.68087,0
            12.16559,47.68308,0
            12.1653,47.68372,0
            12.16461,47.68555,0
            12.16461,47.68556,0
            12.16456,47.68571,0
            12.16455,47.68572,0
            12.16424,47.68675,0
            12.16424,47.68677,0
            12.16422,47.68682,0
            12.1642,47.68693,0
            12.16417,47.68701,0
            12.16403,47.68761,0
            12.16402,47.68762,0
            12.16399,47.68778,0
            12.16398,47.68779,0
            12.16378,47.68871,0
            12.16377,47.68873,0
            12.16332,47.69061,0
            12.16299,47.69223,0
            12.16297,47.69228,0
            12.16283,47.69292,0
            12.16283,47.69294,0
            12.1626,47.69401,0
            12.1626,47.69403,0
            12.1623,47.69541,0
            12.16228,47.69546,0
            12.16191,47.69702,0
            12.16142,47.69839,0
            12.16121,47.69888,0
            12.16119,47.69891,0
            12.16112,47.69909,0
            12.16107,47.69918,0
            12.16086,47.69967,0
            12.16047,47.70043,0
            12.16045,47.70045,0
            12.15985,47.70145,0
            12.15984,47.70148,0
            12.15964,47.70178,0
            12.15963,47.70178,0
            12.15921,47.7024,0
            12.15918,47.70243,0
            12.15913,47.70251,0
            12.15843,47.70342,0
            12.15732,47.70466,0
            12.15462,47.70744,0
            12.15462,47.70745,0
            12.15353,47.70856,0
            12.15352,47.70858,0
            12.14787,47.71439,0
            12.14782,47.71443,0
            12.14586,47.71646,0
            12.14583,47.71648,0
            12.14485,47.71749,0
            12.14481,47.71752,0
            12.14196,47.72043,0
            12.13944,47.72319,0
            12.13761,47.72534,0
            12.13584,47.7276,0
            12.13574,47.72775,0
            12.13561,47.7279,0
            12.13061,47.73459,0
            12.13059,47.73463,0
            12.12722,47.73907,0
            12.12718,47.73911,0
            12.12616,47.74047,0
            12.12223,47.74516,0
            12.12005,47.7476,0
            12.12005,47.74761,0
            12.11703,47.75083,0
            12.11555,47.75233,0
            12.11552,47.75237,0
            12.11548,47.7524,0
            12.11544,47.75245,0
            12.10637,47.76107,0
            12.10635,47.76108,0
            12.10468,47.76272,0
            12.10326,47.76421,0
            12.10325,47.76421,0
            12.10159,47.7661,0
            12.10158,47.7661,0
            12.10002,47.76802,0
            12.09926,47.76903,0
            12.09749,47.77156,0
            12.09568,47.77455,0
            12.09467,47.77645,0
            12.09351,47.77898,0
            12.09253,47.78147,0
            12.09187,47.78352,0
            12.09155,47.78464,0
            12.09101,47.78684,0
            12.09075,47.78815,0
            12.09054,47.78946,0
            12.09026,47.79179,0
            12.09003,47.7951,0
            12.08994,47.79741,0
            12.08995,47.79828,0
            12.09005,47.79917,0
            12.09026,47.80019,0
            12.09028,47.80024,0
            12.09028,47.80025,0
            12.0903,47.80029,0
            12.09054,47.80104,0
            12.09072,47.8015,0
            12.09098,47.80206,0
            12.09138,47.80278,0
            12.09193,47.80362,0
            12.09236,47.80417,0
            12.09346,47.80539,0
            12.09423,47.80618,0
            12.09428,47.80622,0
            12.09452,47.80647,0
            12.09454,47.8065,0
            12.09521,47.80719,0
            12.09528,47.80728,0
            12.09536,47.80735,0
            12.09631,47.80836,0
            12.09662,47.80878,0
            12.09674,47.80898,0
            12.09683,47.8092,0
            12.09691,47.80946,0
            12.09693,47.80962,0
            12.09693,47.8098,0
            12.09687,47.8101,0
            12.09676,47.81037,0
            12.09659,47.81061,0
            12.09652,47.81068,0
            12.09647,47.81075,0
            12.09639,47.81083,0
            12.09602,47.81111,0
            12.09559,47.81134,0
            12.09519,47.81149,0
            12.09474,47.81159,0
            12.0943,47.81164,0
            12.09366,47.81164,0
            12.09321,47.81158,0
            12.09204,47.81129,0
            12.09202,47.81128,0
            12.09134,47.81115,0
            12.09042,47.8111,0
            12.08906,47.81118,0
            12.08882,47.81115,0
            12.08465,47.81177,0
            12.08461,47.81177,0
            12.06454,47.81475,0
            12.06039,47.81527,0
            12.06038,47.81528,0
            12.05616,47.81579,0
            12.05615,47.8158,0
            12.05582,47.81584,0
            12.05575,47.81584,0
            12.05275,47.81622,0
            12.05268,47.81622,0
            12.04636,47.81698,0
            12.04321,47.81724,0
            12.03081,47.81787,0
            12.03077,47.81788,0
            12.02941,47.81801,0
            12.02797,47.81821,0
            12.0266,47.81845,0
            12.01977,47.81986,0
            12.01712,47.82027,0
            12.01605,47.82038,0
            11.99831,47.82154,0
            11.9983,47.82155,0
            11.98978,47.82206,0
            11.97354,47.8218,0
            11.97162,47.82188,0
            11.97038,47.82202,0
            11.96893,47.82228,0
            11.96766,47.82259,0
            11.96694,47.82281,0
            11.96693,47.82281,0
            11.96552,47.82332,0
            11.96373,47.82412,0
            11.96372,47.82412,0
            11.96329,47.82432,0
            11.96328,47.82432,0
            11.96307,47.82442,0
            11.96306,47.82442,0
            11.96224,47.82479,0
            11.96223,47.8248,0
            11.96126,47.82523,0
            11.96009,47.82566,0
            11.95938,47.82587,0
            11.95871,47.82603,0
            11.95763,47.82622,0
            11.94877,47.8273,0
            11.94742,47.82734,0
            11.94661,47.82731,0
            11.94656,47.8273,0
            11.94648,47.8273,0
            11.94531,47.82717,0
            11.94462,47.82705,0
            11.94362,47.82682,0
            11.94258,47.82649,0
            11.94191,47.82623,0
            11.94111,47.82586,0
            11.94081,47.82569,0
            11.94077,47.82568,0
            11.93767,47.82381,0
            11.93687,47.82339,0
            11.93582,47.82296,0
            11.93491,47.82267,0
            11.93407,47.82246,0
            11.93312,47.82227,0
            11.9322,47.82217,0
            11.93217,47.82216,0
            11.93127,47.82211,0
            11.93002,47.82212,0
            11.92935,47.82217,0
            11.92823,47.82232,0
            11.92737,47.82249,0
            11.92613,47.82284,0
            11.92536,47.82313,0
            11.92461,47.82347,0
            11.91767,47.82717,0
            11.91764,47.82718,0
            11.91505,47.82856,0
            11.91504,47.82857,0
            11.91403,47.82912,0
            11.91336,47.82944,0
            11.91247,47.82979,0
            11.91242,47.8298,0
            11.91219,47.82989,0
            11.9111,47.8302,0
            11.91045,47.83034,0
            11.90921,47.83053,0
            11.90841,47.8306,0
            11.90783,47.83062,0
            11.90777,47.83063,0
            11.90655,47.83061,0
            11.9059,47.83056,0
            11.90464,47.83038,0
            11.90328,47.83007,0
            11.90277,47.8299,0
            11.90264,47.82987,0
            11.89827,47.82843,0
            11.89752,47.82826,0
            11.89684,47.82814,0
            11.89567,47.82803,0
            11.89461,47.82804,0
            11.89359,47.82814,0
            11.89358,47.82815,0
            11.89262,47.82833,0
            11.89187,47.82853,0
            11.89094,47.82888,0
            11.89052,47.82907,0
            11.87904,47.8353,0
            11.87901,47.83531,0
            11.87881,47.83542,0
            11.8788,47.83543,0
            11.87862,47.83553,0
            11.87861,47.83553,0
            11.87841,47.83564,0
            11.8784,47.83565,0
            11.87839,47.83565,0
            11.87758,47.83609,0
            11.87755,47.8361,0
            11.87716,47.83632,0
            11.87715,47.83632,0
            11.87654,47.83666,0
            11.87652,47.83666,0
            11.87429,47.83788,0
            11.87364,47.83827,0
            11.87282,47.83888,0
            11.87235,47.8393,0
            11.86999,47.84169,0
            11.86994,47.84173,0
            11.8693,47.84241,0
            11.86873,47.84313,0
            11.86873,47.84314,0
            11.86854,47.8434,0
            11.868,47.84431,0
            11.8678,47.84472,0
            11.8678,47.84474,0
            11.86771,47.84493,0
            11.8669,47.84705,0
            11.86663,47.84766,0
            11.86663,47.84768,0
            11.86628,47.84838,0
            11.86574,47.84927,0
            11.86518,47.85004,0
            11.86421,47.85115,0
            11.86379,47.85157,0
            11.86024,47.85483,0
            11.85955,47.85539,0
            11.85895,47.85582,0
            11.85802,47.8564,0
            11.85676,47.85706,0
            11.85675,47.85706,0
            11.84749,47.86096,0
            11.84685,47.86119,0
            11.84584,47.8615,0
            11.84492,47.86171,0
            11.844,47.86186,0
            11.8401,47.86217,0
            11.83911,47.86229,0
            11.83806,47.86249,0
            11.83802,47.86249,0
            11.83476,47.8633,0
            11.83475,47.86331,0
            11.83092,47.86425,0
            11.82936,47.86456,0
            11.82273,47.86549,0
            11.821,47.86566,0
            11.81812,47.86578,0
            11.81667,47.86576,0
            11.81429,47.86562,0
            11.80696,47.86485,0
            11.80535,47.86477,0
            11.80343,47.86477,0
            11.80164,47.86484,0
            11.79966,47.86502,0
            11.79796,47.86526,0
            11.79626,47.86558,0
            11.7942,47.86608,0
            11.79282,47.86649,0
            11.7913,47.86702,0
            11.79129,47.86703,0
            11.79119,47.86706,0
            11.78726,47.86866,0
            11.78725,47.86866,0
            11.78618,47.86909,0
            11.78617,47.86909,0
            11.78603,47.86916,0
            11.78602,47.86916,0
            11.78319,47.87031,0
            11.78314,47.87032,0
            11.78093,47.87123,0
            11.78092,47.87123,0
            11.78092,47.87124,0
            11.77106,47.87524,0
            11.77105,47.87524,0
            11.77038,47.87552,0
            11.77037,47.87552,0
            11.75256,47.88275,0
            11.75255,47.88276,0
            11.74882,47.88428,0
            11.74877,47.88429,0
            11.73644,47.88928,0
            11.73643,47.88929,0
            11.73318,47.89051,0
            11.73169,47.89112,0
            11.72985,47.892,0
            11.72848,47.89276,0
            11.72735,47.89347,0
            11.72643,47.89412,0
            11.72508,47.8952,0
            11.72468,47.89556,0
            11.7232,47.89708,0
            11.72266,47.89772,0
            11.72183,47.89884,0
            11.72121,47.89987,0
            11.72089,47.90047,0
            11.72043,47.90149,0
            11.71694,47.91027,0
            11.71692,47.9103,0
            11.71505,47.915,0
            11.71504,47.915,0
            11.7125,47.92137,0
            11.71249,47.92142,0
            11.71082,47.92561,0
            11.71078,47.92568,0
            11.71077,47.92573,0
            11.7098,47.9281,0
            11.70979,47.92814,0
            11.70927,47.92921,0
            11.70884,47.93001,0
            11.70839,47.93076,0
            11.70019,47.94344,0
            11.70018,47.94344,0
            11.69885,47.9455,0
            11.6988,47.94556,0
            11.69409,47.95283,0
            11.69406,47.9529,0
            11.69234,47.95557,0
            11.69234,47.95558,0
            11.69173,47.95658,0
            11.69082,47.95826,0
            11.69019,47.95956,0
            11.68963,47.96084,0
            11.68858,47.96382,0
            11.68435,47.97882,0
            11.68432,47.97889,0
            11.68409,47.97966,0
            11.68409,47.97969,0
            11.68153,47.98876,0
            11.68115,47.98984,0
            11.68023,47.99189,0
            11.67934,47.99347,0
            11.67177,48.00457,0
            11.67072,48.00619,0
            11.66634,48.0126,0
            11.66595,48.01311,0
            11.66592,48.01326,0
            11.66588,48.01335,0
            11.66531,48.0142,0
            11.66469,48.01524,0
            11.66435,48.0159,0
            11.66434,48.0159,0
            11.6636,48.0174,0
            11.6611,48.02366,0
            11.6608,48.02462,0
            11.6607,48.02524,0
            11.66069,48.02556,0
            11.66072,48.02599,0
            11.66081,48.0264,0
            11.66094,48.02679,0
            11.66117,48.02724,0
            11.66141,48.0276,0
            11.66162,48.02786,0
            11.662,48.02825,0
            11.66264,48.02876,0
            11.66327,48.02915,0
            11.66407,48.02957,0
            11.66524,48.0301,0
            11.66536,48.0302,0
            11.66832,48.03156,0
            11.66857,48.03171,0
            11.67023,48.03257,0
            11.67169,48.03339,0
            11.67384,48.03471,0
            11.67542,48.03579,0
            11.67543,48.03579,0
            11.67649,48.03656,0
            11.67795,48.03771,0
            11.67905,48.03864,0
            11.68053,48.04,0
            11.68229,48.0418,0
            11.68348,48.04316,0
            11.68848,48.0495,0
            11.68967,48.05086,0
            11.69084,48.05208,0
            11.69124,48.05246,0
            11.69129,48.05252,0
            11.69315,48.05414,0
            11.69466,48.05529,0
            11.69645,48.05649,0
            11.69685,48.05673,0
            11.69696,48.05681,0
            11.69741,48.05708,0
            11.69742,48.05708,0
            11.69883,48.05789,0
            11.70165,48.05935,0
            11.71303,48.06473,0
            11.7164,48.06649,0
            11.71923,48.06807,0
            11.72331,48.07056,0
            11.72634,48.07259,0
            11.72972,48.07504,0
            11.73041,48.07559,0
            11.73042,48.07559,0
            11.73324,48.07789,0
            11.73619,48.08051,0
            11.73622,48.08055,0
            11.73638,48.08069,0
            11.73638,48.0807,0
            11.73791,48.08216,0
            11.73922,48.08349,0
            11.74138,48.08582,0
            11.74371,48.08859,0
            11.74535,48.09071,0
            11.74676,48.09267,0
            11.74809,48.09463,0
            11.74933,48.0966,0
            11.74933,48.09661,0
            11.7505,48.09859,0
            11.75051,48.0986,0
            11.75116,48.09978,0
            11.75117,48.09979,0
            11.75148,48.10042,0
            11.75183,48.10104,0
            11.75322,48.10376,0
            11.75428,48.1061,0
            11.75508,48.10806,0
            11.75617,48.11107,0
            11.75709,48.11408,0
            11.7577,48.11642,0
            11.75837,48.11956,0
            11.7584,48.11965,0
            11.75873,48.1217,0
            11.75918,48.12554,0
            11.75926,48.12656,0
            11.75942,48.13068,0
            11.75936,48.13327,0
            11.75911,48.13684,0
            11.75895,48.13817,0
            11.75895,48.13823,0
            11.75891,48.13831,0
            11.75885,48.13866,0
            11.75885,48.13871,0
            11.75859,48.14021,0
            11.75858,48.14023,0
            11.75833,48.14146,0
            11.75793,48.14301,0
            11.7575,48.1444,0
            11.75697,48.14584,0
            11.75601,48.14801,0
            11.75504,48.14985,0
            11.75324,48.15269,0
            11.75095,48.15576,0
            11.74829,48.15901,0
            11.74428,48.16359,0
            11.73938,48.16881,0
            11.73408,48.17404,0
            11.73184,48.17612,0
            11.72937,48.17825,0
            11.7282,48.1792,0
            11.7265,48.18048,0
            11.72448,48.18189,0
            11.72272,48.18301,0
            11.72087,48.1841,0
            11.71824,48.1855,0
            11.71599,48.18658,0
            11.71384,48.18752,0
            11.71136,48.1885,0
            11.7079,48.1897,0
            11.70549,48.19042,0
            11.70182,48.19138,0
            11.69889,48.19204,0
            11.68695,48.19449,0
            11.68295,48.19543,0
            11.6772,48.19696,0
            11.67713,48.19699,0
            11.67355,48.19807,0
            11.67337,48.19811,0
            11.67079,48.19895,0
            11.66569,48.20076,0
            11.66214,48.20215,0
            11.65997,48.20306,0
            11.65755,48.20415,0
            11.65464,48.20559,0
            11.65194,48.20709,0
            11.64875,48.2091,0
            11.64862,48.2092,0
            11.6479,48.20967,0
            11.64788,48.20969,0
            11.64734,48.21005,0
            11.64734,48.21006,0
            11.6403,48.21494,0
            11.63847,48.21614,0
            11.63839,48.21629,0
            11.6383,48.21633,0
            11.63586,48.21788,0
            11.63499,48.21852,0
            11.63437,48.21904,0
            11.63386,48.21954,0
            11.63325,48.22026,0
            11.63293,48.22071,0
            11.63243,48.2216,0
            11.63212,48.22238,0
            11.63195,48.22302,0
            11.63186,48.22367,0
            11.63183,48.22428,0
            11.63185,48.22476,0
            11.63191,48.22523,0
            11.63213,48.2261,0
            11.63235,48.2267,0
            11.63439,48.23079,0
            11.63441,48.23085,0
            11.63441,48.23087,0
            11.63437,48.23099,0
            11.63515,48.23257,0
            11.6353,48.23283,0
            11.64598,48.25411,0
            11.64664,48.25567,0
            11.64686,48.25634,0
            11.64706,48.2571,0
            11.64727,48.2583,0
            11.64734,48.25891,0
            11.64738,48.25973,0
            11.64737,48.26044,0
            11.64733,48.26105,0
            11.64712,48.2624,0
            11.64689,48.26329,0
            11.64655,48.26432,0
            11.64655,48.26434,0
            11.64163,48.27891,0
            11.64161,48.27895,0
            11.64151,48.27927,0
            11.64147,48.27936,0
            11.64146,48.27941,0
            11.64048,48.28205,0
            11.64048,48.28206,0
            11.64016,48.2828,0
            11.64013,48.2829,0
            11.6394,48.28445,0
            11.63663,48.2897,0
            11.63662,48.28973,0
            11.63453,48.29367,0
            11.63452,48.2937,0
            11.63397,48.29474,0
            11.63396,48.29475,0
            11.63381,48.29505,0
            11.63378,48.29509,0
            11.63378,48.2951,0
            11.63298,48.29653,0
            11.63297,48.29654,0
            11.63235,48.2976,0
            11.63235,48.29761,0
            11.62701,48.30675,0
            11.62541,48.30934,0
            11.62426,48.31107,0
            11.62417,48.31117,0
            11.62224,48.3142,0
            11.62189,48.31483,0
            11.62188,48.31486,0
            11.6179,48.32181,0
            11.61764,48.32233,0
            11.61636,48.32463,0
            11.61379,48.3295,0
            11.61304,48.3308,0
            11.613,48.33089,0
            11.61136,48.33376,0
            11.61136,48.33377,0
            11.60688,48.34159,0
            11.60667,48.34191,0
            11.60649,48.34224,0
            11.60648,48.34225,0
            11.60568,48.34362,0
            11.60568,48.34363,0
            11.60228,48.34933,0
            11.60227,48.34933,0
            11.60199,48.34981,0
            11.60198,48.34982,0
            11.60107,48.35134,0
            11.601,48.35148,0
            11.59696,48.35825,0
            11.59695,48.35826,0
            11.59666,48.35879,0
            11.59623,48.35969,0
            11.59599,48.36029,0
            11.5957,48.36114,0
            11.59551,48.36184,0
            11.59533,48.36276,0
            11.59521,48.36374,0
            11.59518,48.36474,0
            11.59519,48.36512,0
            11.5966,48.37805,0
            11.5966,48.37813,0
            11.5974,48.38521,0
            11.59746,48.38634,0
            11.59747,48.38639,0
            11.59745,48.3872,0
            11.59738,48.38813,0
            11.59729,48.3887,0
            11.59709,48.38952,0
            11.59671,48.39073,0
            11.59623,48.39184,0
            11.59589,48.39252,0
            11.59549,48.39322,0
            11.59545,48.39327,0
            11.59524,48.39363,0
            11.59481,48.39426,0
            11.59478,48.39429,0
            11.59474,48.39436,0
            11.59326,48.39625,0
            11.59325,48.39627,0
            11.59311,48.39643,0
            11.59246,48.39729,0
            11.59205,48.39789,0
            11.59137,48.39906,0
            11.59083,48.40021,0
            11.59049,48.4011,0
            11.59025,48.40191,0
            11.59005,48.40283,0
            11.58991,48.40384,0
            11.58988,48.40429,0
            11.58983,48.40749,0
            11.58982,48.40755,0
            11.58968,48.41853,0
            11.58967,48.4186,0
            11.5895,48.43038,0
            11.58952,48.43095,0
            11.58945,48.43562,0
            11.58944,48.43568,0
            11.58935,48.44104,0
            11.58942,48.44293,0
            11.58943,48.44299,0
            11.58943,48.4431,0
            11.58968,48.44554,0
            11.59097,48.45487,0
            11.59102,48.45552,0
            11.59102,48.4557,0
            11.59104,48.45587,0
            11.59103,48.45683,0
            11.591,48.45725,0
            11.59087,48.45825,0
            11.59086,48.45827,0
            11.5908,48.45863,0
            11.59064,48.45933,0
            11.59025,48.46056,0
            11.59022,48.46062,0
            11.59017,48.46078,0
            11.58564,48.47225,0
            11.58547,48.47293,0
            11.58547,48.47296,0
            11.58543,48.47312,0
            11.58532,48.47381,0
            11.58529,48.47419,0
            11.58528,48.47486,0
            11.58529,48.47491,0
            11.58532,48.47557,0
            11.58541,48.47631,0
            11.5855,48.47681,0
            11.58567,48.47745,0
            11.58602,48.47842,0
            11.58637,48.47917,0
            11.58684,48.47999,0
            11.58814,48.48191,0
            11.58817,48.48197,0
            11.58985,48.48447,0
            11.58988,48.48453,0
            11.59298,48.48914,0
            11.59363,48.49022,0
            11.59397,48.49087,0
            11.5944,48.49185,0
            11.59454,48.49226,0
            11.59469,48.4928,0
            11.59483,48.49348,0
            11.59494,48.49446,0
            11.59495,48.49528,0
            11.59492,48.49583,0
            11.59481,48.49664,0
            11.59481,48.49669,0
            11.59455,48.49775,0
            11.59431,48.49843,0
            11.59431,48.49845,0
            11.5943,48.49845,0
            11.5943,48.49846,0
            11.59368,48.49976,0
            11.59303,48.50077,0
            11.593,48.5008,0
            11.59265,48.50128,0
            11.59214,48.5019,0
            11.58539,48.50942,0
            11.5847,48.51039,0
            11.58423,48.51118,0
            11.58378,48.51212,0
            11.58331,48.51352,0
            11.58309,48.51481,0
            11.58292,48.51732,0
            11.58291,48.51737,0
            11.58289,48.51848,0
            11.58294,48.51913,0
            11.58301,48.51964,0
            11.58321,48.52056,0
            11.5836,48.52174,0
            11.58392,48.52244,0
            11.58437,48.52325,0
            11.58519,48.52442,0
            11.58576,48.5251,0
            11.58633,48.5257,0
            11.59292,48.53151,0
            11.59372,48.53236,0
            11.59372,48.53237,0
            11.59429,48.53314,0
            11.59481,48.53408,0
            11.59508,48.53476,0
            11.59526,48.53547,0
            11.59534,48.53601,0
            11.59539,48.5366,0
            11.59539,48.5369,0
            11.59533,48.53759,0
            11.59532,48.53762,0
            11.594,48.54618,0
            11.59376,48.54722,0
            11.59345,48.54805,0
            11.59344,48.54806,0
            11.59311,48.54876,0
            11.59227,48.55012,0
            11.59225,48.55014,0
            11.58955,48.55429,0
            11.58929,48.55477,0
            11.58926,48.55481,0
            11.58907,48.55524,0
            11.58885,48.55586,0
            11.58867,48.55654,0
            11.58866,48.55662,0
            11.58864,48.55669,0
            11.58857,48.55731,0
            11.58855,48.55801,0
            11.58859,48.55867,0
            11.5887,48.55936,0
            11.58887,48.56003,0
            11.58901,48.56045,0
            11.58926,48.56106,0
            11.59055,48.56369,0
            11.59056,48.5637,0
            11.59135,48.56532,0
            11.59153,48.56564,0
            11.59185,48.56632,0
            11.59186,48.56632,0
            11.5922,48.56726,0
            11.59254,48.56868,0
            11.59261,48.56942,0
            11.59261,48.56958,0
            11.59263,48.56974,0
            11.59264,48.57023,0
            11.59267,48.57056,0
            11.59276,48.57298,0
            11.59278,48.57311,0
            11.59283,48.57475,0
            11.59285,48.57494,0
            11.59285,48.5754,0
            11.59281,48.57589,0
            11.59288,48.57595,0
            11.5929,48.57598,0
            11.59292,48.57606,0
            11.59291,48.57615,0
            11.59298,48.57682,0
            11.59309,48.57735,0
            11.59413,48.58027,0
            11.59439,48.58082,0
            11.59465,48.58117,0
            11.59473,48.58125,0
            11.59507,48.58151,0
            11.59518,48.58157,0
            11.59518,48.58158,0
            11.59546,48.58173,0
            11.59547,48.58173,0
            11.59547,48.58174,0
            11.59552,48.58182,0
            11.59717,48.58265,0
            11.59787,48.58308,0
            11.59866,48.58368,0
            11.59923,48.58422,0
            11.5996,48.58463,0
            11.60088,48.58638,0
            11.6009,48.58642,0
            11.60182,48.58767,0
            11.60185,48.5877,0
            11.60195,48.58784,0
            11.60244,48.58838,0
            11.60286,48.58879,0
            11.60331,48.58916,0
            11.60398,48.58963,0
            11.60451,48.58995,0
            11.60538,48.59038,0
            11.60656,48.59083,0
            11.60657,48.59083,0
            11.60704,48.59098,0
            11.60705,48.59098,0
            11.6071,48.591,0
            11.60809,48.59124,0
            11.60927,48.59144,0
            11.61578,48.59216,0
            11.61688,48.59232,0
            11.61904,48.59273,0
            11.61954,48.59285,0
            11.61956,48.59285,0
            11.6221,48.59351,0
            11.62211,48.59352,0
            11.62213,48.59352,0
            11.62712,48.59486,0
            11.62715,48.59486,0
            11.63895,48.59803,0
            11.63902,48.59804,0
            11.64156,48.59876,0
            11.6416,48.59878,0
            11.64161,48.59878,0
            11.64184,48.59886,0
            11.64185,48.59886,0
            11.64229,48.59902,0
            11.64348,48.59953,0
            11.6441,48.59986,0
            11.64411,48.59986,0
            11.64429,48.59996,0
            11.64431,48.59998,0
            11.64432,48.59998,0
            11.64467,48.60019,0
            11.64594,48.60107,0
            11.64595,48.60109,0
            11.64602,48.60113,0
            11.64602,48.60114,0
            11.64872,48.60316,0
            11.64873,48.60316,0
            11.65356,48.60679,0
            11.65356,48.6068,0
            11.65483,48.60773,0
            11.65537,48.60806,0
            11.65593,48.60834,0
            11.65675,48.60867,0
            11.65676,48.60867,0
            11.65699,48.60875,0
            11.65702,48.60875,0
            11.65769,48.60895,0
            11.65771,48.60895,0
            11.65824,48.60907,0
            11.65927,48.60922,0
            11.66004,48.60927,0
            11.66009,48.60928,0
            11.66101,48.60927,0
            11.66361,48.60911,0
            11.66515,48.60909,0
            11.66586,48.60914,0
            11.66676,48.60927,0
            11.66727,48.60937,0
            11.66808,48.60959,0
            11.66883,48.60986,0
            11.6713,48.61089,0
            11.67131,48.6109,0
            11.67139,48.61092,0
            11.67159,48.611,0
            11.67289,48.61137,0
            11.6739,48.61157,0
            11.67551,48.61175,0
            11.67741,48.61179,0
            11.67745,48.61178,0
            11.67754,48.61179,0
            11.68047,48.6118,0
            11.68197,48.61188,0
            11.68377,48.61207,0
            11.68568,48.6124,0
            11.68712,48.61274,0
            11.68796,48.61298,0
            11.68946,48.61348,0
            11.69053,48.6139,0
            11.6909,48.61407,0
            11.69091,48.61407,0
            11.69191,48.61454,0
            11.69302,48.61515,0
            11.69382,48.61564,0
            11.69406,48.61581,0
            11.69412,48.61584,0
            11.6957,48.61699,0
            11.69571,48.61699,0
            11.69653,48.61759,0
            11.69658,48.61764,0
            11.69735,48.61819,0
            11.69738,48.61822,0
            11.69851,48.61905,0
            11.69911,48.61956,0
            11.69939,48.61984,0
            11.69942,48.61986,0
            11.69964,48.6201,0
            11.70009,48.62067,0
            11.70041,48.62116,0
            11.70078,48.6219,0
            11.70379,48.62939,0
            11.70393,48.62981,0
            11.70469,48.63168,0
            11.70511,48.63248,0
            11.70561,48.63317,0
            11.70612,48.63372,0
            11.70614,48.63373,0
            11.70656,48.63411,0
            11.70727,48.63465,0
            11.70893,48.63577,0
            11.7099,48.6365,0
            11.71033,48.63688,0
            11.71099,48.63758,0
            11.71131,48.63802,0
            11.71157,48.63844,0
            11.71193,48.63921,0
            11.71213,48.63988,0
            11.7126,48.6423,0
            11.71277,48.64295,0
            11.713,48.64357,0
            11.71327,48.64414,0
            11.71505,48.64729,0
            11.71507,48.64734,0
            11.7164,48.6497,0
            11.71641,48.64973,0
            11.7177,48.65196,0
            11.71825,48.65278,0
            11.71828,48.65281,0
            11.71845,48.65306,0
            11.71916,48.65398,0
            11.71994,48.65487,0
            11.72057,48.65552,0
            11.72184,48.6567,0
            11.72277,48.65746,0
            11.72459,48.65878,0
            11.72658,48.66,0
            11.7323,48.66322,0
            11.7332,48.66383,0
            11.73372,48.66426,0
            11.73408,48.66462,0
            11.7341,48.66466,0
            11.73438,48.66496,0
            11.73475,48.66545,0
            11.73485,48.66561,0
            11.73488,48.66564,0
            11.73506,48.66596,0
            11.73507,48.66597,0
            11.73528,48.66641,0
            11.73545,48.66688,0
            11.73549,48.66703,0
            11.73551,48.66707,0
            11.73551,48.66709,0
            11.7356,48.66751,0
            11.73567,48.66809,0
            11.73568,48.66866,0
            11.73565,48.66911,0
            11.73551,48.66991,0
            11.7355,48.66993,0
            11.7355,48.66995,0
            11.73418,48.6762,0
            11.73409,48.67702,0
            11.73406,48.67816,0
            11.73411,48.67897,0
            11.73471,48.68419,0
            11.73475,48.6844,0
            11.73476,48.68452,0
            11.73491,48.6852,0
            11.73518,48.68597,0
            11.73539,48.68642,0
            11.73576,48.68706,0
            11.73622,48.68771,0
            11.73687,48.68843,0
            11.7377,48.68917,0
            11.73774,48.68919,0
            11.73823,48.68957,0
            11.73889,48.69002,0
            11.74192,48.69188,0
            11.74193,48.69188,0
            11.74462,48.69352,0
            11.74467,48.69356,0
            11.74472,48.69358,0
            11.75171,48.69785,0
            11.75174,48.69788,0
            11.75322,48.69872,0
            11.75475,48.69944,0
            11.75637,48.70006,0
            11.75638,48.70006,0
            11.75711,48.7003,0
            11.75869,48.70073,0
            11.76586,48.70217,0
            11.76592,48.70219,0
            11.76632,48.70226,0
            11.76634,48.70227,0
            11.76841,48.70267,0
            11.76843,48.70268,0
            11.7708,48.70315,0
            11.77086,48.70317,0
            11.77126,48.70325,0
            11.77394,48.70395,0
            11.77398,48.70397,0
            11.77568,48.70445,0
            11.7757,48.70445,0
            11.77751,48.70496,0
            11.77755,48.70498,0
            11.77949,48.70552,0
            11.77952,48.70554,0
            11.77956,48.70554,0
            11.78083,48.7059,0
            11.78087,48.70592,0
            11.7809,48.70592,0
            11.78261,48.70641,0
            11.78263,48.70641,0
            11.78718,48.7077,0
            11.78866,48.70818,0
            11.78969,48.70856,0
            11.79093,48.70908,0
            11.79097,48.70909,0
            11.79638,48.71168,0
            11.79773,48.71218,0
            11.79839,48.71237,0
            11.79843,48.71239,0
            11.79974,48.7127,0
            11.79988,48.71272,0
            11.79999,48.71275,0
            11.80158,48.71298,0
            11.80604,48.71335,0
            11.80606,48.71336,0
            11.80761,48.71356,0
            11.80844,48.71373,0
            11.80947,48.71399,0
            11.81048,48.7143,0
            11.81207,48.71494,0
            11.8121,48.71496,0
            11.81214,48.71497,0
            11.81553,48.71668,0
            11.81555,48.71668,0
            11.82232,48.72015,0
            11.82233,48.72015,0
            11.82848,48.7233,0
            11.83116,48.7246,0
            11.83367,48.7257,0
            11.83723,48.72709,0
            11.83724,48.72709,0
            11.84329,48.72932,0
            11.84461,48.72986,0
            11.84598,48.73048,0
            11.84752,48.73129,0
            11.84753,48.7313,0
            11.84763,48.73135,0
            11.84927,48.73239,0
            11.8493,48.73242,0
            11.84994,48.73288,0
            11.84997,48.73291,0
            11.85002,48.73294,0
            11.8512,48.73392,0
            11.85194,48.73462,0
            11.85298,48.73575,0
            11.85388,48.73685,0
            11.85692,48.74097,0
            11.85782,48.74212,0
            11.85783,48.74214,0
            11.8597,48.74432,0
            11.86043,48.7451,0
            11.86044,48.7451,0
            11.86153,48.74621,0
            11.86294,48.74754,0
            11.86411,48.74856,0
            11.86666,48.75062,0
            11.86673,48.75066,0
            11.86677,48.7507,0
            11.86681,48.75072,0
            11.86776,48.75143,0
            11.87071,48.75342,0
            11.87469,48.75584,0
            11.87577,48.75659,0
            11.87665,48.75731,0
            11.87726,48.75791,0
            11.87793,48.75868,0
            11.88172,48.76418,0
            11.88175,48.76424,0
            11.88177,48.76426,0
            11.88215,48.76481,0
            11.88223,48.76495,0
            11.88224,48.76495,0
            11.88514,48.76924,0
            11.88559,48.76983,0
            11.88625,48.77059,0
            11.88651,48.77085,0
            11.8871,48.77136,0
            11.8879,48.77197,0
            11.88886,48.77256,0
            11.8898,48.77305,0
            11.89064,48.77342,0
            11.89159,48.77377,0
            11.89164,48.77378,0
            11.89186,48.77386,0
            11.89188,48.77386,0
            11.89455,48.77474,0
            11.89602,48.77528,0
            11.89726,48.77585,0
            11.89727,48.77586,0
            11.89761,48.77604,0
            11.89768,48.77609,0
            11.89792,48.77622,0
            11.89886,48.77682,0
            11.89974,48.77745,0
            11.90014,48.77777,0
            11.90015,48.77777,0
            11.90032,48.7779,0
            11.90032,48.77791,0
            11.90205,48.77929,0
            11.90205,48.7793,0
            11.90375,48.78067,0
            11.90378,48.78068,0
            11.90378,48.78069,0
            11.90669,48.78303,0
            11.9067,48.78303,0
            11.90808,48.78414,0
            11.90814,48.7842,0
            11.90876,48.7847,0
            11.90877,48.7847,0
            11.90911,48.78498,0
            11.90912,48.78498,0
            11.91032,48.78595,0
            11.91033,48.78595,0
            11.91049,48.78609,0
            11.9105,48.78609,0
            11.91172,48.78705,0
            11.91172,48.78706,0
            11.9128,48.78785,0
            11.91283,48.78786,0
            11.91359,48.78837,0
            11.9136,48.78837,0
            11.92224,48.79339,0
            11.92324,48.79406,0
            11.92392,48.79458,0
            11.92507,48.79557,0
            11.92821,48.79853,0
            11.92824,48.79857,0
            11.9306,48.80079,0
            11.93062,48.8008,0
            11.93156,48.8017,0
            11.93159,48.80172,0
            11.93313,48.80317,0
            11.93313,48.80318,0
            11.93383,48.80384,0
            11.93384,48.80384,0
            11.93487,48.80482,0
            11.93487,48.80483,0
            11.93511,48.80506,0
            11.93512,48.80506,0
            11.93634,48.80618,0
            11.93636,48.80621,0
            11.93684,48.80664,0
            11.93684,48.80665,0
            11.93699,48.80678,0
            11.93704,48.80681,0
            11.94017,48.80953,0
            11.94021,48.80955,0
            11.94178,48.81088,0
            11.94179,48.8109,0
            11.94636,48.81481,0
            11.9472,48.81565,0
            11.94723,48.8157,0
            11.94733,48.8158,0
            11.94757,48.81609,0
            11.94952,48.81876,0
            11.9496,48.81889,0
            11.95027,48.81979,0
            11.9512,48.82091,0
            11.95191,48.82165,0
            11.9534,48.823,0
            11.95384,48.82335,0
            11.95576,48.82469,0
            11.95703,48.82543,0
            11.95877,48.82632,0
            11.96233,48.82782,0
            11.96237,48.82783,0
            11.9716,48.83162,0
            11.9717,48.83165,0
            11.97276,48.83208,0
            11.97277,48.83208,0
            11.97294,48.83216,0
            11.97979,48.83473,0
            11.98662,48.83716,0
            11.98663,48.83716,0
            11.98772,48.83753,0
            11.98947,48.83804,0
            11.99101,48.83841,0
            11.99854,48.83999,0
            11.99857,48.83999,0
            12.00002,48.84035,0
            12.00044,48.84048,0
            12.0005,48.84049,0
            12.00147,48.84083,0
            12.00248,48.84126,0
            12.00327,48.84166,0
            12.00434,48.84231,0
            12.00482,48.84265,0
            12.00545,48.84316,0
            12.00581,48.84349,0
            12.00645,48.84416,0
            12.00645,48.84417,0
            12.00656,48.84429,0
            12.00659,48.84434,0
            12.00671,48.84448,0
            12.00717,48.84513,0
            12.00769,48.84607,0
            12.00772,48.84615,0
            12.00776,48.84621,0
            12.00797,48.84665,0
            12.00798,48.84669,0
            12.00919,48.84922,0
            12.00919,48.84924,0
            12.012,48.8551,0
            12.012,48.85511,0
            12.01272,48.85644,0
            12.01334,48.85737,0
            12.01409,48.85833,0
            12.01504,48.8593,0
            12.0155,48.85971,0
            12.01552,48.85972,0
            12.01637,48.8604,0
            12.01695,48.86081,0
            12.0183,48.86165,0
            12.01916,48.86212,0
            12.02021,48.86261,0
            12.02124,48.86303,0
            12.02246,48.86346,0
            12.02741,48.86499,0
            12.02846,48.8654,0
            12.0298,48.86605,0
            12.03049,48.86646,0
            12.03114,48.8669,0
            12.03149,48.86717,0
            12.0327,48.86822,0
            12.03285,48.86838,0
            12.03426,48.86969,0
            12.03499,48.87028,0
            12.03587,48.87088,0
            12.03588,48.87088,0
            12.03618,48.87107,0
            12.03695,48.87148,0
            12.03757,48.87177,0
            12.03758,48.87177,0
            12.03777,48.87186,0
            12.03882,48.87226,0
            12.03887,48.87227,0
            12.03923,48.8724,0
            12.04023,48.8727,0
            12.04024,48.87271,0
            12.04073,48.87284,0
            12.04077,48.87286,0
            12.04252,48.87332,0
            12.04256,48.87334,0
            12.04303,48.87346,0
            12.04449,48.87394,0
            12.04574,48.87448,0
            12.0462,48.87472,0
            12.04719,48.8753,0
            12.04774,48.87567,0
            12.04811,48.87596,0
            12.04812,48.87596,0
            12.04888,48.8766,0
            12.05113,48.8787,0
            12.05202,48.87943,0
            12.05203,48.87943,0
            12.05235,48.87967,0
            12.05251,48.87977,0
            12.05251,48.87978,0
            12.05338,48.88032,0
            12.05398,48.88064,0
            12.05401,48.88065,0
            12.05407,48.88069,0
            12.05505,48.88113,0
            12.05591,48.88145,0
            12.05612,48.88151,0
            12.05618,48.88154,0
            12.05636,48.88159,0
            12.05643,48.88162,0
            12.05817,48.8821,0
            12.05819,48.8821,0
            12.06158,48.88287,0
            12.06281,48.88319,0
            12.06407,48.88357,0
            12.06407,48.88358,0
            12.06419,48.88361,0
            12.06577,48.88417,0
            12.06774,48.88499,0
            12.06983,48.88607,0
            12.07092,48.88671,0
            12.07164,48.88718,0
            12.07281,48.88802,0
            12.07387,48.88889,0
            12.0752,48.89015,0
            12.07626,48.89138,0
            12.07677,48.89205,0
            12.07737,48.89298,0
            12.07778,48.89378,0
            12.07816,48.89473,0
            12.07924,48.89827,0
            12.07958,48.89921,0
            12.08018,48.90058,0
            12.08056,48.90133,0
            12.08115,48.90237,0
            12.0818,48.90338,0
            12.08472,48.90737,0
            12.08559,48.90866,0
            12.08634,48.91,0
            12.08695,48.91135,0
            12.08735,48.91242,0
            12.08782,48.91398,0
            12.08809,48.91507,0
            12.08842,48.91694,0
            12.08859,48.91881,0
            12.08861,48.92003,0
            12.08858,48.9212,0
            12.08833,48.92482,0
            12.0883,48.92591,0
            12.08832,48.92701,0
            12.08841,48.92814,0
            12.08866,48.92971,0
            12.08884,48.93048,0
            12.08888,48.9306,0
            12.08892,48.93079,0
            12.08964,48.9332,0
            12.08984,48.93376,0
            12.0907,48.93666,0
            12.09127,48.93891,0
            12.09151,48.94013,0
            12.0917,48.94135,0
            12.09178,48.94213,0
            12.09179,48.94215,0
            12.09187,48.94296,0
            12.09199,48.94549,0
            12.09214,48.95195,0
            12.09238,48.95459,0
            12.09283,48.95718,0
            12.09298,48.95828,0
            12.093,48.95915,0
            12.09293,48.95981,0
            12.09284,48.9603,0
            12.09267,48.96095,0
            12.09252,48.96136,0
            12.09227,48.96191,0
            12.09171,48.96284,0
            12.09126,48.96343,0
            12.09046,48.96427,0
            12.09015,48.96454,0
            12.08904,48.96536,0
            12.08822,48.96586,0
            12.08763,48.96618,0
            12.0868,48.96656,0
            12.08679,48.96657,0
            12.08636,48.96675,0
            12.08631,48.96676,0
            12.08566,48.96701,0
            12.08449,48.96737,0
            12.08306,48.9677,0
            12.08229,48.96783,0
            12.08023,48.96808,0
            12.07786,48.9683,0
            12.07676,48.96844,0
            12.07556,48.96865,0
            12.07425,48.96897,0
            12.07322,48.9693,0
            12.07249,48.96958,0
            12.07141,48.97007,0
            12.07074,48.97043,0
            12.06988,48.97097,0
            12.06895,48.97167,0
            12.06859,48.97199,0
            12.06809,48.97249,0
            12.0673,48.97344,0
            12.06445,48.97773,0
            12.0637,48.97907,0
            12.06295,48.98063,0
            12.06171,48.98347,0
            12.06138,48.98437,0
            12.06109,48.98534,0
            12.0609,48.98619,0
            12.06081,48.98681,0
            12.0608,48.98682,0
            12.06075,48.98731,0
            12.06072,48.98799,0
            12.06073,48.9889,0
            12.06084,48.98991,0
            12.061,48.99074,0
            12.06113,48.99121,0
            12.06113,48.99123,0
            12.06125,48.99164,0
            12.06138,48.99197,0
            12.06144,48.99208,0
            12.06154,48.99236,0
            12.06277,48.99508,0
            12.06283,48.99518,0
            12.06316,48.99597,0
            12.06334,48.99652,0
            12.06348,48.99707,0
            12.06359,48.99774,0
            12.06365,48.99837,0
            12.06365,48.99901,0
            12.06361,48.99951,0
            12.06353,49.00004,0
            12.06338,49.00072,0
            12.06322,49.00122,0
            12.06301,49.00177,0
            12.06273,49.0024,0
            12.06145,49.00497,0
            12.06109,49.00586,0
            12.0609,49.00651,0
            12.0608,49.00703,0
            12.06074,49.00764,0
            12.06073,49.00794,0
            12.0608,49.00883,0
            12.06083,49.00894,0
            12.06085,49.00909,0
            12.06089,49.00921,0
            12.06092,49.00926,0
            12.06111,49.00993,0
            12.06146,49.01075,0
            12.06177,49.0113,0
            12.06223,49.01196,0
            12.06236,49.01211,0
            12.06236,49.01213,0
            12.06296,49.01284,0
            12.06366,49.01359,0
            12.06385,49.01383,0
            12.06542,49.01555,0
            12.06637,49.0167,0
            12.06699,49.01752,0
            12.06785,49.01875,0
            12.06849,49.01983,0
            12.06874,49.02035,0
            12.069,49.02103,0
            12.06902,49.02112,0
            12.06905,49.0212,0
            12.06921,49.0219,0
            12.06945,49.02343,0
            12.06953,49.0238,0
            12.06968,49.02431,0
            12.06986,49.02473,0
            12.07017,49.02526,0
            12.0706,49.02581,0
            12.07103,49.02623,0
            12.07148,49.0266,0
            12.07209,49.02701,0
            12.07271,49.02735,0
            12.07373,49.02779,0
            12.07551,49.0284,0
            12.07567,49.02844,0
            12.07573,49.02847,0
            12.0785,49.02934,0
            12.07959,49.02973,0
            12.07962,49.02975,0
            12.08023,49.03,0
            12.0809,49.03035,0
            12.08187,49.03097,0
            12.08215,49.03118,0
            12.08219,49.03122,0
            12.08233,49.03132,0
            12.08276,49.03169,0
            12.08326,49.03218,0
            12.08557,49.03468,0
            12.08557,49.03469,0
            12.08596,49.03508,0
            12.08686,49.03585,0
            12.08794,49.03659,0
            12.08919,49.03727,0
            12.09304,49.03899,0
            12.09368,49.03935,0
            12.09407,49.03961,0
            12.09482,49.04022,0
            12.09515,49.04056,0
            12.09537,49.04083,0
            12.09567,49.04126,0
            12.09602,49.04193,0
            12.09616,49.04236,0
            12.09627,49.04287,0
            12.09629,49.04354,0
            12.09625,49.04387,0
            12.09614,49.04438,0
            12.09603,49.04472,0
            12.09587,49.04506,0
            12.09566,49.04542,0
            12.09526,49.04599,0
            12.0937,49.04777,0
            12.09369,49.04779,0
            12.09362,49.04787,0
            12.09301,49.04875,0
            12.09276,49.0492,0
            12.09238,49.05012,0
            12.09225,49.0506,0
            12.09215,49.05111,0
            12.09211,49.05144,0
            12.09209,49.05191,0
            12.0921,49.0524,0
            12.0922,49.0532,0
            12.09237,49.05399,0
            12.09278,49.05558,0
            12.09288,49.05608,0
            12.09299,49.057,0
            12.09298,49.05795,0
            12.09282,49.0592,0
            12.09272,49.05974,0
            12.09272,49.05977,0
            12.09222,49.06215,0
            12.09208,49.06309,0
            12.09204,49.06363,0
            12.09203,49.06442,0
            12.09206,49.06489,0
            12.09214,49.06551,0
            12.09235,49.06647,0
            12.09247,49.06684,0
            12.09247,49.06685,0
            12.09281,49.06777,0
            12.09309,49.06835,0
            12.0936,49.06925,0
            12.09437,49.07032,0
            12.09469,49.0707,0
            12.0947,49.0707,0
            12.09493,49.07097,0
            12.09624,49.0723,0
            12.09624,49.07231,0
            12.09716,49.0732,0
            12.09718,49.07321,0
            12.09848,49.07452,0
            12.099,49.07513,0
            12.09978,49.07623,0
            12.1002,49.07697,0
            12.10027,49.07712,0
            12.10028,49.07713,0
            12.10069,49.07814,0
            12.1007,49.0782,0
            12.1008,49.0785,0
            12.10091,49.07894,0
            12.101,49.07942,0
            12.10107,49.0801,0
            12.10108,49.0801,0
            12.10109,49.0809,0
            12.10106,49.08136,0
            12.10099,49.08188,0
            12.10078,49.08278,0
            12.10059,49.08335,0
            12.10026,49.08416,0
            12.09988,49.08492,0
            12.09937,49.08582,0
            12.09884,49.08666,0
            12.0947,49.09248,0
            12.09404,49.09357,0
            12.09369,49.09428,0
            12.09338,49.09505,0
            12.09316,49.09584,0
            12.09303,49.09659,0
            12.09299,49.09711,0
            12.09299,49.09742,0
            12.09298,49.0975,0
            12.09299,49.09756,0
            12.093,49.09794,0
            12.09304,49.09835,0
            12.09312,49.09883,0
            12.09338,49.0998,0
            12.09355,49.10024,0
            12.09356,49.10025,0
            12.09361,49.10038,0
            12.09399,49.10116,0
            12.09406,49.10127,0
            12.09406,49.10128,0
            12.09455,49.10208,0
            12.09457,49.1021,0
            12.09512,49.10289,0
            12.0999,49.1089,0
            12.09991,49.1089,0
            12.10102,49.11041,0
            12.10243,49.11248,0
            12.10406,49.11509,0
            12.10563,49.11797,0
            12.10563,49.11799,0
            12.10565,49.11801,0
            12.10567,49.11806,0
            12.10572,49.11814,0
            12.10632,49.11935,0
            12.1071,49.12107,0
            12.10791,49.12304,0
            12.10846,49.12462,0
            12.10848,49.12472,0
            12.10852,49.12483,0
            12.10883,49.1261,0
            12.10905,49.12756,0
            12.10912,49.12881,0
            12.10909,49.13002,0
            12.10891,49.13152,0
            12.10889,49.13158,0
            12.10889,49.13161,0
            12.10878,49.13218,0
            12.10875,49.13226,0
            12.10865,49.13273,0
            12.10864,49.13275,0
            12.10857,49.13305,0
            12.1083,49.13393,0
            12.10775,49.13539,0
            12.10633,49.1387,0
            12.10632,49.13871,0
            12.10581,49.14005,0
            12.10548,49.14115,0
            12.10527,49.14205,0
            12.10508,49.1433,0
            12.10499,49.14506,0
            12.10507,49.14649,0
            12.10517,49.14725,0
            12.10534,49.14815,0
            12.1056,49.14915,0
            12.10568,49.14938,0
            12.10568,49.14939,0
            12.10585,49.14991,0
            12.10587,49.14994,0
            12.10597,49.15023,0
            12.10606,49.15043,0
            12.10606,49.15044,0
            12.10653,49.15147,0
            12.1071,49.15248,0
            12.10786,49.15362,0
            12.10797,49.15375,0
            12.10807,49.1539,0
            12.10956,49.15575,0
            12.10997,49.15621,0
            12.11167,49.15832,0
            12.11266,49.15971,0
            12.11278,49.15991,0
            12.11279,49.15994,0
            12.11308,49.1604,0
            12.11337,49.16093,0
            12.11377,49.16176,0
            12.11399,49.16228,0
            12.11426,49.16303,0
            12.11458,49.16422,0
            12.11472,49.16498,0
            12.11481,49.16565,0
            12.11509,49.16868,0
            12.11521,49.16947,0
            12.11521,49.16952,0
            12.11548,49.17073,0
            12.1156,49.17111,0
            12.1156,49.17113,0
            12.11565,49.17125,0
            12.11565,49.17127,0
            12.11585,49.17177,0
            12.11631,49.17265,0
            12.11656,49.17304,0
            12.11723,49.17393,0
            12.11748,49.17421,0
            12.11828,49.17501,0
            12.11974,49.17631,0
            12.11976,49.17632,0
            12.12126,49.17772,0
            12.12183,49.17836,0
            12.12206,49.17865,0
            12.12267,49.17953,0
            12.12285,49.17983,0
            12.12308,49.18029,0
            12.12311,49.18033,0
            12.12315,49.18042,0
            12.12315,49.18044,0
            12.12337,49.18097,0
            12.12348,49.18131,0
            12.12348,49.18132,0
            12.12352,49.18143,0
            12.12366,49.18202,0
            12.12368,49.18218,0
            12.12369,49.18219,0
            12.12376,49.18253,0
            12.12381,49.18298,0
            12.12382,49.18324,0
            12.12383,49.18328,0
            12.12383,49.1839,0
            12.12376,49.18479,0
            12.12367,49.18534,0
            12.12349,49.18607,0
            12.12315,49.18702,0
            12.12267,49.18805,0
            12.1221,49.189,0
            12.12119,49.19026,0
            12.12067,49.19091,0
            12.12066,49.19091,0
            12.11926,49.19262,0
            12.11924,49.19266,0
            12.11885,49.19316,0
            12.1188,49.19321,0
            12.11782,49.1946,0
            12.11724,49.19556,0
            12.11682,49.19636,0
            12.11681,49.1964,0
            12.11658,49.19688,0
            12.11657,49.19689,0
            12.11607,49.1981,0
            12.11607,49.19811,0
            12.11589,49.19859,0
            12.11562,49.19951,0
            12.11549,49.20006,0
            12.11538,49.20069,0
            12.11531,49.20141,0
            12.1153,49.20192,0
            12.11535,49.20273,0
            12.11543,49.20321,0
            12.11544,49.20323,0
            12.11552,49.20364,0
            12.11554,49.20368,0
            12.11555,49.20376,0
            12.11564,49.20404,0
            12.11564,49.20405,0
            12.11569,49.2042,0
            12.11569,49.20421,0
            12.11575,49.20439,0
            12.11598,49.20493,0
            12.11653,49.20596,0
            12.11723,49.20693,0
            12.11743,49.20715,0
            12.11752,49.20727,0
            12.11801,49.2078,0
            12.11866,49.20844,0
            12.11867,49.20846,0
            12.11992,49.20962,0
            12.11993,49.20964,0
            12.12094,49.21056,0
            12.12212,49.21174,0
            12.12297,49.21267,0
            12.12359,49.21342,0
            12.12443,49.21452,0
            12.12596,49.21685,0
            12.12596,49.21686,0
            12.1277,49.21987,0
            12.12825,49.22093,0
            12.12949,49.22364,0
            12.13035,49.22585,0
            12.13114,49.2282,0
            12.13115,49.22821,0
            12.13135,49.22886,0
            12.13156,49.22971,0
            12.13171,49.2302,0
            12.13216,49.23224,0
            12.13237,49.23339,0
            12.13263,49.23518,0
            12.13277,49.23653,0
            12.13278,49.23656,0
            12.13285,49.2379,0
            12.13284,49.23902,0
            12.1327,49.24059,0
            12.13251,49.24168,0
            12.13235,49.24239,0
            12.13219,49.24294,0
            12.13217,49.24298,0
            12.13208,49.24329,0
            12.13207,49.2433,0
            12.13175,49.24413,0
            12.13175,49.24415,0
            12.13174,49.24416,0
            12.13168,49.24432,0
            12.13168,49.24434,0
            12.13167,49.24435,0
            12.13146,49.24484,0
            12.13146,49.24486,0
            12.13104,49.2457,0
            12.13103,49.24571,0
            12.13035,49.24693,0
            12.12962,49.24804,0
            12.12962,49.24805,0
            12.12871,49.24931,0
            12.12596,49.25284,0
            12.12494,49.25424,0
            12.12453,49.25491,0
            12.12452,49.25491,0
            12.12433,49.25522,0
            12.12385,49.25615,0
            12.12384,49.25616,0
            12.12365,49.25657,0
            12.12362,49.25661,0
            12.12334,49.25732,0
            12.12298,49.25845,0
            12.12298,49.25847,0
            12.12289,49.25878,0
            12.12271,49.25965,0
            12.1226,49.26047,0
            12.12255,49.26131,0
            12.12256,49.26138,0
            12.12255,49.26189,0
            12.12263,49.26295,0
            12.12284,49.26419,0
            12.12285,49.26421,0
            12.12296,49.26467,0
            12.12325,49.26563,0
            12.12339,49.26598,0
            12.12339,49.26599,0
            12.12392,49.26722,0
            12.12424,49.26785,0
            12.12425,49.26786,0
            12.12428,49.26793,0
            12.12438,49.2681,0
            12.12439,49.26811,0
            12.12462,49.26853,0
            12.12464,49.26855,0
            12.12536,49.26969,0
            12.12537,49.26972,0
            12.12547,49.26985,0
            12.12549,49.26989,0
            12.12643,49.27118,0
            12.12759,49.2726,0
            12.12886,49.27404,0
            12.1382,49.28379,0
            12.14098,49.28695,0
            12.14288,49.28931,0
            12.14295,49.28942,0
            12.14391,49.29067,0
            12.14391,49.29069,0
            12.14416,49.29101,0
            12.14562,49.29312,0
            12.14562,49.29313,0
            12.14697,49.29523,0
            12.14821,49.29737,0
            12.1492,49.29923,0
            12.15028,49.30148,0
            12.15107,49.30331,0
            12.15192,49.30554,0
            12.15287,49.30849,0
            12.15317,49.30956,0
            12.15319,49.30968,0
            12.15336,49.31032,0
            12.15393,49.31293,0
            12.15433,49.31534,0
            12.15459,49.31757,0
            12.1546,49.31789,0
            12.15465,49.31835,0
            12.15471,49.31963,0
            12.15471,49.32107,0
            12.15461,49.32266,0
            12.1546,49.32269,0
            12.1545,49.32357,0
            12.15449,49.32358,0
            12.15441,49.32421,0
            12.15418,49.32543,0
            12.15394,49.32644,0
            12.15344,49.32813,0
            12.1534,49.32823,0
            12.15338,49.32831,0
            12.15217,49.33164,0
            12.15216,49.33165,0
            12.15164,49.33311,0
            12.15122,49.33444,0
            12.15122,49.33445,0
            12.15115,49.33465,0
            12.15064,49.33667,0
            12.15039,49.338,0
            12.15007,49.34056,0
            12.14998,49.34251,0
            12.15001,49.34281,0
            12.15,49.34356,0
            12.15012,49.34571,0
            12.15013,49.34575,0
            12.15023,49.34706,0
            12.15128,49.35586,0
            12.15129,49.35587,0
            12.152,49.36172,0
            12.152,49.3618,0
            12.15201,49.36182,0
            12.15255,49.36619,0
            12.15267,49.36755,0
            12.15272,49.36881,0
            12.15267,49.37039,0
            12.15251,49.37195,0
            12.1525,49.37196,0
            12.15243,49.37239,0
            12.15242,49.3724,0
            12.15224,49.37342,0
            12.15179,49.37525,0
            12.15179,49.37527,0
            12.15168,49.37568,0
            12.15141,49.37648,0
            12.15141,49.3765,0
            12.15135,49.37666,0
            12.15135,49.37668,0
            12.15069,49.37839,0
            12.15068,49.3784,0
            12.15008,49.37978,0
            12.15006,49.3798,0
            12.14931,49.38148,0
            12.14929,49.38151,0
            12.14893,49.38237,0
            12.1489,49.38248,0
            12.14886,49.38255,0
            12.14843,49.3838,0
            12.14825,49.38456,0
            12.14823,49.38461,0
            12.1481,49.38549,0
            12.14808,49.38612,0
            12.14809,49.38617,0
            12.1481,49.38648,0
            12.14815,49.38695,0
            12.14834,49.38782,0
            12.14862,49.3886,0
            12.14884,49.38908,0
            12.14928,49.38985,0
            12.14967,49.39039,0
            12.15015,49.39097,0
            12.15032,49.39114,0
            12.15033,49.39116,0
            12.15072,49.39155,0
            12.15118,49.39196,0
            12.15129,49.39204,0
            12.15133,49.39208,0
            12.15191,49.39253,0
            12.15361,49.39367,0
            12.15367,49.3937,0
            12.155,49.39458,0
            12.155,49.39459,0
            12.15609,49.39533,0
            12.15723,49.39619,0
            12.15822,49.39705,0
            12.15899,49.39779,0
            12.15977,49.39863,0
            12.16083,49.39998,0
            12.16133,49.40073,0
            12.16178,49.40151,0
            12.16221,49.40238,0
            12.16267,49.40351,0
            12.16267,49.40353,0
            12.16285,49.40405,0
            12.16319,49.40527,0
            12.16319,49.4053,0
            12.16324,49.40547,0
            12.16362,49.40722,0
            12.16362,49.40725,0
            12.1638,49.40811,0
            12.16381,49.40821,0
            12.16455,49.41146,0
            12.16491,49.41273,0
            12.16547,49.41442,0
            12.16598,49.41573,0
            12.16668,49.41732,0
            12.16781,49.41954,0
            12.16898,49.42156,0
            12.17064,49.42407,0
            12.1715,49.42524,0
            12.17339,49.4276,0
            12.17474,49.42914,0
            12.17616,49.43063,0
            12.18276,49.43705,0
            12.1828,49.4371,0
            12.18306,49.43735,0
            12.18306,49.43736,0
            12.18468,49.43902,0
            12.18469,49.43902,0
            12.1865,49.44104,0
            12.18755,49.44234,0
            12.18864,49.4438,0
            12.18973,49.44542,0
            12.19049,49.44666,0
            12.19142,49.44834,0
            12.19195,49.44942,0
            12.19282,49.45144,0
            12.19286,49.45151,0
            12.19306,49.45205,0
            12.19313,49.4522,0
            12.19351,49.4533,0
            12.19351,49.45331,0
            12.19383,49.45432,0
            12.19435,49.45635,0
            12.19468,49.45815,0
            12.19492,49.46006,0
            12.195,49.46111,0
            12.19505,49.46261,0
            12.19503,49.46402,0
            12.19493,49.46534,0
            12.19466,49.46748,0
            12.19443,49.46877,0
            12.19402,49.47049,0
            12.19364,49.47181,0
            12.19321,49.47307,0
            12.1932,49.47308,0
            12.1926,49.47463,0
            12.1926,49.47464,0
            12.1901,49.48009,0
            12.1897,49.48109,0
            12.18927,49.48238,0
            12.18899,49.48356,0
            12.18885,49.48439,0
            12.18873,49.48567,0
            12.18871,49.48679,0
            12.18876,49.48789,0
            12.18904,49.49095,0
            12.18906,49.4917,0
            12.18901,49.49274,0
            12.18892,49.49347,0
            12.18881,49.49408,0
            12.18862,49.49485,0
            12.18821,49.4961,0
            12.18793,49.49678,0
            12.18757,49.49752,0
            12.18753,49.49758,0
            12.18743,49.49778,0
            12.18739,49.49784,0
            12.18739,49.49785,0
            12.1868,49.49885,0
            12.18612,49.49987,0
            12.18549,49.50073,0
            12.1849,49.50147,0
            12.18404,49.50245,0
            12.18403,49.50247,0
            12.18289,49.50364,0
            12.18166,49.50478,0
            12.18072,49.50557,0
            12.18062,49.50564,0
            12.18056,49.5057,0
            12.17918,49.50674,0
            12.17914,49.50676,0
            12.17848,49.50723,0
            12.17842,49.50726,0
            12.17781,49.50768,0
            12.17568,49.50902,0
            12.17567,49.50902,0
            12.17549,49.50914,0
            12.17548,49.50914,0
            12.17331,49.51059,0
            12.17096,49.51233,0
            12.16865,49.51424,0
            12.16707,49.51568,0
            12.16705,49.51569,0
            12.16616,49.51654,0
            12.16615,49.51654,0
            12.16309,49.51941,0
            12.16306,49.51942,0
            12.16152,49.52072,0
            12.16151,49.52072,0
            12.15993,49.5219,0
            12.15891,49.52259,0
            12.15736,49.52355,0
            12.15631,49.52415,0
            12.15407,49.52531,0
            12.15294,49.52585,0
            12.15292,49.52585,0
            12.15115,49.52668,0
            12.15113,49.5267,0
            12.14801,49.52815,0
            12.14485,49.52977,0
            12.14357,49.53052,0
            12.14178,49.53167,0
            12.14177,49.53167,0
            12.13999,49.53298,0
            12.13907,49.53372,0
            12.13741,49.53521,0
            12.13614,49.53648,0
            12.13388,49.53904,0
            12.13387,49.53906,0
            12.13215,49.54123,0
            12.13214,49.54123,0
            12.13108,49.54265,0
            12.13106,49.54269,0
            12.12831,49.54667,0
            12.12698,49.54882,0
            12.12605,49.55043,0
            12.12495,49.55247,0
            12.12419,49.554,0
            12.12362,49.55527,0
            12.12361,49.55528,0
            12.12284,49.5573,0
            12.1224,49.55877,0
            12.1224,49.55879,0
            12.12231,49.55912,0
            12.122,49.56062,0
            12.12187,49.56152,0
            12.12175,49.56272,0
            12.12175,49.5629,0
            12.12174,49.56294,0
            12.12171,49.5644,0
            12.12172,49.56445,0
            12.12173,49.56495,0
            12.12184,49.56639,0
            12.12194,49.56722,0
            12.12219,49.56865,0
            12.12263,49.57042,0
            12.12299,49.57158,0
            12.12339,49.57265,0
            12.12398,49.57405,0
            12.12465,49.5754,0
            12.12466,49.5754,0
            12.12498,49.57605,0
            12.12569,49.57726,0
            12.12652,49.57853,0
            12.12723,49.57952,0
            12.12835,49.58094,0
            12.12946,49.58222,0
            12.13058,49.58341,0
            12.13144,49.58426,0
            12.13145,49.58428,0
            12.13396,49.58664,0
            12.134,49.58666,0
            12.1408,49.59257,0
            12.14085,49.5926,0
            12.14324,49.59477,0
            12.14478,49.59625,0
            12.14649,49.59803,0
            12.14766,49.59936,0
            12.14802,49.59981,0
            12.14808,49.59987,0
            12.14907,49.60119,0
            12.14911,49.60123,0
            12.14989,49.60238,0
            12.1505,49.60339,0
            12.1505,49.6034,0
            12.15076,49.60386,0
            12.15129,49.60492,0
            12.15189,49.60637,0
            12.15193,49.6065,0
            12.15194,49.60651,0
            12.15226,49.60746,0
            12.15226,49.60747,0
            12.15243,49.60804,0
            12.1526,49.60874,0
            12.15261,49.60875,0
            12.15274,49.60938,0
            12.15294,49.61066,0
            12.15295,49.61082,0
            12.15297,49.61093,0
            12.15305,49.61209,0
            12.15304,49.61365,0
            12.15303,49.61368,0
            12.15298,49.6144,0
            12.15282,49.61565,0
            12.15244,49.61754,0
            12.15184,49.61971,0
            12.15183,49.61972,0
            12.15167,49.62024,0
            12.15167,49.62025,0
            12.15162,49.62041,0
            12.15162,49.62042,0
            12.15083,49.62276,0
            12.15083,49.62277,0
            12.14965,49.6264,0
            12.14945,49.62714,0
            12.14942,49.62721,0
            12.1494,49.62732,0
            12.14921,49.62799,0
            12.1492,49.62807,0
            12.14913,49.62831,0
            12.14911,49.62843,0
            12.14899,49.62888,0
            12.14898,49.62895,0
            12.14896,49.62901,0
            12.14831,49.63223,0
            12.14792,49.63519,0
            12.14781,49.63647,0
            12.14769,49.63918,0
            12.14772,49.64174,0
            12.14788,49.64419,0
            12.14789,49.6442,0
            12.14813,49.6474,0
            12.14815,49.64898,0
            12.14811,49.6498,0
            12.148,49.65076,0
            12.14781,49.65175,0
            12.1478,49.65177,0
            12.14773,49.65208,0
            12.14748,49.65292,0
            12.1474,49.65313,0
            12.14739,49.65318,0
            12.14712,49.65385,0
            12.14689,49.65434,0
            12.14688,49.65438,0
            12.1463,49.65546,0
            12.14482,49.65757,0
            12.14445,49.65817,0
            12.1441,49.65889,0
            12.1439,49.65946,0
            12.14342,49.66123,0
            12.14325,49.66173,0
            12.14289,49.66249,0
            12.14239,49.66329,0
            12.14217,49.66358,0
            12.14155,49.6643,0
            12.14063,49.66514,0
            12.13988,49.66569,0
            12.13987,49.66569,0
            12.13984,49.66572,0
            12.13642,49.66781,0
            12.13604,49.66809,0
            12.13603,49.66809,0
            12.13563,49.6684,0
            12.13484,49.66911,0
            12.13426,49.66974,0
            12.13337,49.67089,0
            12.13336,49.67089,0
            12.13165,49.67314,0
            12.13165,49.67315,0
            12.12891,49.67679,0
            12.1289,49.67682,0
            12.12831,49.6777,0
            12.12789,49.67844,0
            12.12754,49.67917,0
            12.12725,49.68002,0
            12.12725,49.68004,0
            12.12721,49.68017,0
            12.12719,49.6803,0
            12.12717,49.68035,0
            12.12708,49.68096,0
            12.12705,49.68178,0
            12.1271,49.68236,0
            12.12711,49.68239,0
            12.12712,49.68252,0
            12.12726,49.68316,0
            12.12726,49.68318,0
            12.12748,49.68386,0
            12.12772,49.6844,0
            12.12803,49.68497,0
            12.13084,49.68927,0
            12.13195,49.69116,0
            12.13267,49.69257,0
            12.13338,49.69426,0
            12.13369,49.69514,0
            12.13369,49.69515,0
            12.13472,49.6985,0
            12.13474,49.69854,0
            12.1348,49.69877,0
            12.13482,49.69881,0
            12.13483,49.69887,0
            12.13554,49.70105,0
            12.13608,49.70228,0
            12.13609,49.70229,0
            12.13632,49.70275,0
            12.13634,49.70277,0
            12.13682,49.7036,0
            12.13754,49.70464,0
            12.13807,49.70531,0
            12.13903,49.70638,0
            12.14011,49.70747,0
            12.14014,49.70749,0
            12.14295,49.71024,0
            12.14505,49.71255,0
            12.14599,49.71368,0
            12.14757,49.71574,0
            12.14932,49.71831,0
            12.15098,49.72108,0
            12.15099,49.72108,0
            12.15148,49.72189,0
            12.15218,49.72295,0
            12.15265,49.7236,0
            12.1547,49.72613,0
            12.15473,49.72615,0
            12.15534,49.7269,0
            12.1554,49.72696,0
            12.15621,49.72808,0
            12.15647,49.72854,0
            12.15675,49.72912,0
            12.15693,49.72959,0
            12.15703,49.72994,0
            12.15715,49.73054,0
            12.15722,49.73121,0
            12.15722,49.73166,0
            12.15714,49.73251,0
            12.15702,49.73315,0
            12.15686,49.73374,0
            12.15623,49.73543,0
            12.15623,49.73544,0
            12.15511,49.73797,0
            12.15509,49.73804,0
            12.15507,49.73807,0
            12.15491,49.73846,0
            12.15411,49.74089,0
            12.15391,49.74175,0
            12.15391,49.74177,0
            12.1539,49.74179,0
            12.15388,49.74188,0
            12.15388,49.74191,0
            12.15387,49.74193,0
            12.15367,49.74321,0
            12.15358,49.7443,0
            12.15357,49.74473,0
            12.15356,49.74478,0
            12.15357,49.74599,0
            12.15358,49.74604,0
            12.15358,49.74622,0
            12.15359,49.74626,0
            12.15366,49.74744,0
            12.15367,49.74748,0
            12.15391,49.74995,0
            12.15392,49.74999,0
            12.15396,49.75046,0
            12.15397,49.7505,0
            12.15412,49.75288,0
            12.15412,49.75371,0
            12.15411,49.75374,0
            12.1541,49.75432,0
            12.15409,49.75439,0
            12.15409,49.7545,0
            12.15408,49.75455,0
            12.15403,49.75533,0
            12.15402,49.75536,0
            12.15398,49.75585,0
            12.15396,49.75596,0
            12.15396,49.75601,0
            12.15385,49.75676,0
            12.15385,49.75681,0
            12.15353,49.75851,0
            12.15337,49.75914,0
            12.15337,49.75916,0
            12.15319,49.75985,0
            12.15318,49.75987,0
            12.15284,49.76111,0
            12.15281,49.76118,0
            12.15274,49.76146,0
            12.15273,49.76148,0
            12.15236,49.76288,0
            12.15205,49.76442,0
            12.15195,49.7652,0
            12.15192,49.76587,0
            12.15191,49.76589,0
            12.15194,49.76695,0
            12.15196,49.76707,0
            12.15196,49.76713,0
            12.1521,49.76797,0
            12.1521,49.76801,0
            12.15211,49.76802,0
            12.15214,49.76819,0
            12.15227,49.76868,0
            12.15231,49.76878,0
            12.15234,49.76891,0
            12.1526,49.76964,0
            12.15292,49.77034,0
            12.15308,49.77064,0
            12.15308,49.77065,0
            12.15327,49.77098,0
            12.15327,49.77099,0
            12.15387,49.77191,0
            12.15459,49.77284,0
            12.1546,49.77286,0
            12.15484,49.77314,0
            12.15485,49.77316,0
            12.15513,49.77347,0
            12.15514,49.77349,0
            12.15673,49.77516,0
            12.1575,49.7759,0
            12.15751,49.77592,0
            12.15996,49.77831,0
            12.16,49.77834,0
            12.1673,49.78547,0
            12.16739,49.78554,0
            12.16744,49.7856,0
            12.17226,49.79028,0
            12.17226,49.79029,0
            12.17241,49.79043,0
            12.17241,49.79044,0
            12.17262,49.79063,0
            12.17263,49.79065,0
            12.17303,49.79103,0
            12.17303,49.79104,0
            12.17426,49.79223,0
            12.17426,49.79224,0
            12.17431,49.79228,0
            12.17441,49.79239,0
            12.17446,49.79243,0
            12.17446,49.79244,0
            12.17472,49.79269,0
            12.17476,49.79274,0
            12.17537,49.79334,0
            12.17538,49.79336,0
            12.17653,49.79457,0
            12.17654,49.79457,0
            12.17777,49.79597,0
            12.17911,49.79769,0
            12.1804,49.7996,0
            12.18113,49.80085,0
            12.18121,49.80102,0
            12.18151,49.80153,0
            12.18197,49.80253,0
            12.18232,49.80359,0
            12.18243,49.80402,0
            12.18256,49.80483,0
            12.1826,49.80549,0
            12.18259,49.80598,0
            12.1825,49.80676,0
            12.18239,49.80731,0
            12.18224,49.80783,0
            12.182,49.80849,0
            12.18198,49.80852,0
            12.18169,49.80916,0
            12.18127,49.80988,0
            12.18127,49.80989,0
            12.18077,49.8106,0
            12.18042,49.81102,0
            12.18042,49.81103,0
            12.17986,49.81164,0
            12.17981,49.81168,0
            12.17959,49.81191,0
            12.1795,49.81198,0
            12.17948,49.81201,0
            12.17874,49.81265,0
            12.17784,49.81332,0
            12.17681,49.81397,0
            12.17622,49.81429,0
            12.17621,49.8143,0
            12.17605,49.81439,0
            12.17145,49.81657,0
            12.17046,49.8171,0
            12.16951,49.81768,0
            12.1688,49.81818,0
            12.16768,49.81911,0
            12.16764,49.81916,0
            12.16749,49.81929,0
            12.16675,49.82006,0
            12.16625,49.82067,0
            12.16578,49.82137,0
            12.16542,49.82203,0
            12.16521,49.82249,0
            12.16506,49.82293,0
            12.16504,49.82296,0
            12.16492,49.82339,0
            12.16481,49.8239,0
            12.1647,49.82501,0
            12.1647,49.82538,0
            12.16475,49.8261,0
            12.16481,49.82646,0
            12.16481,49.8265,0
            12.16494,49.82712,0
            12.16523,49.82803,0
            12.16549,49.82865,0
            12.1659,49.82947,0
            12.16633,49.83019,0
            12.16726,49.83155,0
            12.16798,49.83247,0
            12.1729,49.83819,0
            12.17332,49.83872,0
            12.17334,49.83873,0
            12.17488,49.84074,0
            12.17533,49.8414,0
            12.17533,49.84141,0
            12.17618,49.84276,0
            12.17671,49.84374,0
            12.17672,49.84375,0
            12.17725,49.84482,0
            12.17772,49.84591,0
            12.17804,49.84675,0
            12.17836,49.84771,0
            12.17873,49.84908,0
            12.17902,49.85052,0
            12.17921,49.8519,0
            12.17939,49.85394,0
            12.1794,49.85398,0
            12.1794,49.85406,0
            12.17941,49.8541,0
            12.17966,49.8567,0
            12.17986,49.85796,0
            12.18006,49.85892,0
            12.18037,49.86006,0
            12.1807,49.86097,0
            12.18126,49.86222,0
            12.18127,49.86222,0
            12.18127,49.86223,0
            12.18128,49.86224,0
            12.18132,49.86234,0
            12.18135,49.86238,0
            12.18135,49.86239,0
            12.18187,49.86336,0
            12.18267,49.86462,0
            12.18391,49.86624,0
            12.18539,49.86789,0
            12.18604,49.86855,0
            12.18605,49.86857,0
            12.18711,49.8696,0
            12.18711,49.86961,0
            12.1889,49.87123,0
            12.18891,49.87123,0
            12.18997,49.87214,0
            12.1921,49.87381,0
            12.19211,49.87381,0
            12.19257,49.87414,0
            12.19266,49.87422,0
            12.19267,49.87422,0
            12.19382,49.87504,0
            12.19593,49.87643,0
            12.19594,49.87643,0
            12.19647,49.87677,0
            12.19654,49.8768,0
            12.19792,49.87765,0
            12.20271,49.88029,0
            12.20272,49.8803,0
            12.20678,49.88254,0
            12.2092,49.88402,0
            12.21162,49.88573,0
            12.2134,49.88721,0
            12.21472,49.88845,0
            12.21598,49.88979,0
            12.21678,49.89074,0
            12.21687,49.89087,0
            12.21699,49.89101,0
            12.21806,49.89251,0
            12.21875,49.89365,0
            12.21878,49.89368,0
            12.2195,49.89505,0
            12.21956,49.89519,0
            12.21958,49.89522,0
            12.22003,49.89626,0
            12.22004,49.89627,0
            12.22026,49.89684,0
            12.22065,49.89801,0
            12.22084,49.8987,0
            12.22084,49.89872,0
            12.22088,49.89888,0
            12.22089,49.8989,0
            12.2209,49.89897,0
            12.22093,49.89907,0
            12.22095,49.89919,0
            12.221,49.89937,0
            12.22118,49.90035,0
            12.22133,49.90155,0
            12.2214,49.90274,0
            12.2214,49.90338,0
            12.2213,49.90499,0
            12.22099,49.90688,0
            12.22001,49.91049,0
            12.22,49.91057,0
            12.21997,49.91066,0
            12.21996,49.91074,0
            12.21994,49.91079,0
            12.21977,49.91175,0
            12.21972,49.91267,0
            12.2198,49.91348,0
            12.21987,49.91384,0
            12.22005,49.91446,0
            12.22043,49.91541,0
            12.22044,49.91542,0
            12.22161,49.91781,0
            12.22161,49.91782,0
            12.22165,49.91788,0
            12.22189,49.91839,0
            12.2219,49.9184,0
            12.22238,49.91936,0
            12.2224,49.91942,0
            12.22297,49.92056,0
            12.22298,49.92056,0
            12.22552,49.9257,0
            12.22579,49.92631,0
            12.22579,49.92632,0
            12.22607,49.927,0
            12.22626,49.92763,0
            12.22639,49.92823,0
            12.22646,49.92878,0
            12.22646,49.92957,0
            12.2264,49.93014,0
            12.22631,49.93062,0
            12.2263,49.93064,0
            12.2261,49.93158,0
            12.226,49.93194,0
            12.226,49.93196,0
            12.22588,49.93245,0
            12.22587,49.93247,0
            12.22581,49.93272,0
            12.22579,49.93277,0
            12.22502,49.936,0
            12.22502,49.93603,0
            12.22477,49.93706,0
            12.22476,49.93708,0
            12.22419,49.93934,0
            12.22384,49.94037,0
            12.22349,49.94114,0
            12.22323,49.94159,0
            12.22272,49.94232,0
            12.22219,49.94293,0
            12.22219,49.94294,0
            12.22168,49.94345,0
            12.22095,49.94406,0
            12.2199,49.94481,0
            12.21768,49.94617,0
            12.21767,49.94617,0
            12.21746,49.94629,0
            12.21745,49.9463,0
            12.21657,49.94681,0
            12.21386,49.94825,0
            12.21255,49.94889,0
            12.21088,49.94964,0
            12.20893,49.95041,0
            12.20754,49.9509,0
            12.2051,49.95164,0
            12.19813,49.95325,0
            12.19737,49.95348,0
            12.19672,49.95372,0
            12.19591,49.95409,0
            12.19519,49.9545,0
            12.19435,49.95509,0
            12.19378,49.95561,0
            12.19377,49.95561,0
            12.19336,49.95605,0
            12.19305,49.95646,0
            12.19217,49.95791,0
            12.19213,49.95796,0
            12.19203,49.95813,0
            12.19202,49.95813,0
            12.19169,49.95857,0
            12.19123,49.95909,0
            12.1908,49.95951,0
            12.19078,49.95952,0
            12.19052,49.95976,0
            12.18996,49.96021,0
            12.18995,49.96021,0
            12.18407,49.96478,0
            12.18332,49.96542,0
            12.18257,49.96617,0
            12.17965,49.96986,0
            12.17965,49.96987,0
            12.17953,49.97003,0
            12.17952,49.97003,0
            12.17941,49.97019,0
            12.1794,49.97019,0
            12.1794,49.9702,0
            12.17789,49.97212,0
            12.17789,49.97213,0
            12.17682,49.97344,0
            12.1767,49.97355,0
            12.17646,49.97384,0
            12.17531,49.97492,0
            12.17485,49.9753,0
            12.17391,49.976,0
            12.17279,49.97672,0
            12.17165,49.97735,0
            12.17084,49.97774,0
            12.17083,49.97775,0
            12.16896,49.97853,0
            12.16719,49.97911,0
            12.16646,49.97931,0
            12.16643,49.97931,0
            12.16526,49.9796,0
            12.16398,49.97985,0
            12.16231,49.98009,0
            12.16055,49.98025,0
            12.15926,49.9803,0
            12.15692,49.98027,0
            12.15525,49.98014,0
            12.15432,49.98003,0
            12.1528,49.97978,0
            12.15275,49.97978,0
            12.15226,49.97969,0
            12.15226,49.97968,0
            12.14513,49.97819,0
            12.1451,49.97819,0
            12.1445,49.97808,0
            12.14274,49.97787,0
            12.14271,49.97786,0
            12.14202,49.97782,0
            12.14046,49.97783,0
            12.1394,49.97793,0
            12.13811,49.97815,0
            12.13742,49.97832,0
            12.13663,49.97856,0
            12.13595,49.97882,0
            12.13493,49.97932,0
            12.13407,49.97986,0
            12.13343,49.98035,0
            12.13286,49.98085,0
            12.13239,49.98131,0
            12.13165,49.98214,0
            12.13131,49.98257,0
            12.13131,49.98258,0
            12.13127,49.98262,0
            12.13085,49.98323,0
            12.13085,49.98324,0
            12.1308,49.9833,0
            12.13071,49.98345,0
            12.13069,49.98347,0
            12.13065,49.98355,0
            12.13064,49.98356,0
            12.13027,49.98422,0
            12.13018,49.98443,0
            12.13015,49.98447,0
            12.12991,49.98501,0
            12.12991,49.98503,0
            12.12984,49.98518,0
            12.12984,49.9852,0
            12.12967,49.98563,0
            12.12965,49.98571,0
            12.12896,49.9876,0
            12.12896,49.98761,0
            12.12895,49.98761,0
            12.12879,49.98807,0
            12.12878,49.98808,0
            12.12866,49.98836,0
            12.12864,49.98843,0
            12.12863,49.98843,0
            12.12863,49.98844,0
            12.1286,49.98852,0
            12.1285,49.9887,0
            12.12848,49.98876,0
            12.12842,49.98885,0
            12.12842,49.98886,0
            12.12834,49.989,0
            12.12834,49.98901,0
            12.12832,49.98903,0
            12.1271,49.9909,0
            12.12707,49.99093,0
            12.12688,49.99123,0
            12.12686,49.99125,0
            12.12668,49.99153,0
            12.12666,49.99155,0
            12.12577,49.99284,0
            12.12564,49.99299,0
            12.12564,49.993,0
            12.12533,49.99336,0
            12.12498,49.99372,0
            12.12478,49.99389,0
            12.12476,49.99392,0
            12.1241,49.99448,0
            12.12408,49.99449,0
            12.12301,49.99535,0
            12.12206,49.99623,0
            12.1205,49.99792,0
            12.12046,49.99795,0
            12.12022,49.99819,0
            12.1202,49.9982,0
            12.11965,49.99873,0
            12.11914,49.99916,0
            12.1146,50.00256,0
            12.11408,50.00289,0
            12.11212,50.00396,0
            12.11157,50.0043,0
            12.11075,50.0049,0
            12.11032,50.0053,0
            12.10984,50.00583,0
            12.10962,50.00612,0
            12.10962,50.00613,0
            12.10939,50.00647,0
            12.10901,50.00719,0
            12.10879,50.00782,0
            12.10869,50.00835,0
            12.10865,50.00878,0
            12.10867,50.00929,0
            12.10874,50.00979,0
            12.10881,50.01008,0
            12.10889,50.01032,0
            12.10889,50.01035,0
            12.10892,50.01041,0
            12.10897,50.01056,0
            12.10898,50.01057,0
            12.10911,50.01089,0
            12.10927,50.01121,0
            12.10962,50.0118,0
            12.11003,50.01239,0
            12.11812,50.02188,0
            12.11844,50.02235,0
            12.11883,50.0231,0
            12.11905,50.02372,0
            12.11919,50.02436,0
            12.11923,50.02484,0
            12.11921,50.02538,0
            12.11912,50.02602,0
            12.11899,50.0265,0
            12.11891,50.02671,0
            12.1189,50.02676,0
            12.11874,50.02716,0
            12.11859,50.02746,0
            12.11841,50.02776,0
            12.11806,50.02827,0
            12.11782,50.02855,0
            12.11782,50.02856,0
            12.1173,50.0291,0
            12.1167,50.02962,0
            12.11622,50.02997,0
            12.1153,50.03054,0
            12.11431,50.03103,0
            12.11282,50.03158,0
            12.11171,50.03192,0
            12.11078,50.03225,0
            12.11015,50.03252,0
            12.10956,50.03281,0
            12.10863,50.03337,0
            12.10784,50.03397,0
            12.10728,50.03451,0
            12.10668,50.03525,0
            12.10651,50.03551,0
            12.10625,50.03599,0
            12.10604,50.0365,0
            12.10591,50.03696,0
            12.10567,50.03844,0
            12.10567,50.03849,0
            12.10565,50.03855,0
            12.10531,50.04094,0
            12.10514,50.04178,0
            12.10488,50.04254,0
            12.10445,50.04346,0
            12.10407,50.0444,0
            12.10393,50.04487,0
            12.10386,50.04519,0
            12.10377,50.04581,0
            12.10373,50.04661,0
            12.10377,50.04967,0
            12.10367,50.05119,0
            12.10353,50.05211,0
            12.10334,50.05299,0
            12.10299,50.05421,0
            12.10268,50.05509,0
            12.10227,50.05605,0
            12.10166,50.05723,0
            12.10124,50.05794,0
            12.10034,50.05923,0
            12.10034,50.05924,0
            12.10011,50.05953,0
            12.10008,50.05958,0
            12.09879,50.06119,0
            12.09819,50.06206,0
            12.09795,50.06248,0
            12.09776,50.06289,0
            12.0976,50.06336,0
            12.09753,50.06368,0
            12.09749,50.06398,0
            12.09748,50.06446,0
            12.09754,50.06493,0
            12.09767,50.06542,0
            12.0978,50.06575,0
            12.09792,50.06599,0
            12.09793,50.066,0
            12.09802,50.06618,0
            12.09823,50.0665,0
            12.09855,50.06691,0
            12.0991,50.06747,0
            12.10056,50.06877,0
            12.10056,50.06878,0
            12.10087,50.06908,0
            12.10142,50.06976,0
            12.1017,50.07018,0
            12.10174,50.07027,0
            12.10188,50.07051,0
            12.10202,50.0708,0
            12.10219,50.07126,0
            12.10221,50.07129,0
            12.1024,50.07206,0
            12.10244,50.0724,0
            12.10245,50.07287,0
            12.10239,50.07357,0
            12.10234,50.07383,0
            12.10231,50.07392,0
            12.10227,50.07412,0
            12.1021,50.07472,0
            12.10209,50.07473,0
            12.10194,50.07529,0
            12.10183,50.0759,0
            12.1018,50.07639,0
            12.10181,50.07674,0
            12.10186,50.07722,0
            12.10188,50.07728,0
            12.1019,50.0774,0
            12.10204,50.07792,0
            12.10216,50.07825,0
            12.10216,50.07826,0
            12.10237,50.0787,0
            12.1024,50.07874,0
            12.10247,50.07888,0
            12.10349,50.08036,0
            12.10349,50.08037,0
            12.1037,50.08069,0
            12.10395,50.08114,0
            12.10416,50.08163,0
            12.10424,50.08189,0
            12.10425,50.0819,0
            12.10429,50.08207,0
            12.1043,50.08208,0
            12.10437,50.08241,0
            12.10443,50.08297,0
            12.10442,50.08342,0
            12.10438,50.08372,0
            12.10428,50.08421,0
            12.10406,50.08482,0
            12.10391,50.08512,0
            12.10391,50.08513,0
            12.10382,50.08529,0
            12.10382,50.0853,0
            12.1033,50.08608,0
            12.10244,50.08717,0
            12.10242,50.08718,0
            12.10044,50.08966,0
            12.0999,50.09051,0
            12.09973,50.0909,0
            12.09957,50.09138,0
            12.09946,50.09192,0
            12.09942,50.09241,0
            12.09943,50.09275,0
            12.09949,50.09321,0
            12.09978,50.09449,0
            12.09984,50.09498,0
            12.09986,50.09548,0
            12.09982,50.09597,0
            12.09972,50.09651,0
            12.0996,50.09692,0
            12.09927,50.09769,0
            12.09901,50.09814,0
            12.0987,50.09859,0
            12.09848,50.09886,0
            12.09847,50.09886,0
            12.0981,50.09927,0
            12.09754,50.09979,0
            12.09625,50.10087,0
            12.09587,50.10123,0
            12.09548,50.10167,0
            12.09524,50.10198,0
            12.09489,50.10251,0
            12.09456,50.10318,0
            12.09441,50.1036,0
            12.09426,50.1042,0
            12.09421,50.10456,0
            12.09419,50.10516,0
            12.0942,50.10538,0
            12.09426,50.10584,0
            12.09433,50.10614,0
            12.09433,50.10616,0
            12.09459,50.10692,0
            12.0949,50.10756,0
            12.09579,50.10922,0
            12.09628,50.11031,0
            12.09651,50.11096,0
            12.09669,50.1116,0
            12.09685,50.11241,0
            12.09692,50.11307,0
            12.09694,50.11392,0
            12.0969,50.11455,0
            12.09674,50.11558,0
            12.09653,50.11637,0
            12.09631,50.11701,0
            12.09568,50.11855,0
            12.09566,50.11858,0
            12.09511,50.11986,0
            12.09477,50.12087,0
            12.09428,50.12303,0
            12.09408,50.12377,0
            12.09382,50.12449,0
            12.09364,50.12491,0
            12.0935,50.12518,0
            12.0935,50.12519,0
            12.09342,50.12536,0
            12.09281,50.12639,0
            12.0911,50.12872,0
            12.09074,50.12935,0
            12.09065,50.12956,0
            12.09064,50.12957,0
            12.09044,50.1301,0
            12.09036,50.13042,0
            12.09035,50.13044,0
            12.09027,50.13086,0
            12.09027,50.13091,0
            12.09024,50.13107,0
            12.0901,50.1328,0
            12.09009,50.13283,0
            12.09004,50.13327,0
            12.08998,50.13359,0
            12.08993,50.13376,0
            12.08993,50.13379,0
            12.08978,50.13428,0
            12.08976,50.13431,0
            12.08976,50.13432,0
            12.0896,50.13471,0
            12.08936,50.13518,0
            12.08917,50.13549,0
            12.08866,50.13614,0
            12.08863,50.13619,0
            12.08824,50.1366,0
            12.08776,50.13705,0
            12.08768,50.1371,0
            12.08571,50.13861,0
            12.08537,50.13891,0
            12.08535,50.13892,0
            12.08514,50.13914,0
            12.08509,50.13918,0
            12.08473,50.13958,0
            12.08443,50.13997,0
            12.08433,50.14013,0
            12.08429,50.14017,0
            12.08405,50.14058,0
            12.0839,50.14089,0
            12.08389,50.14093,0
            12.08375,50.14125,0
            12.0836,50.14181,0
            12.08359,50.14183,0
            12.08351,50.14232,0
            12.08349,50.14271,0
            12.0835,50.14311,0
            12.08361,50.14379,0
            12.08374,50.14423,0
            12.08393,50.1447,0
            12.08408,50.145,0
            12.08435,50.14545,0
            12.08462,50.14582,0
            12.08462,50.14583,0
            12.08476,50.14599,0
            12.08477,50.14601,0
            12.08489,50.14615,0
            12.08547,50.14673,0
            12.08607,50.14722,0
            12.08668,50.14765,0
            12.08824,50.14861,0
            12.09004,50.14954,0
            12.09104,50.14999,0
            12.09121,50.15005,0
            12.09124,50.15007,0
            12.09139,50.15012,0
            12.09145,50.15015,0
            12.09146,50.15015,0
            12.09187,50.15031,0
            12.09188,50.15031,0
            12.09302,50.1507,0
            12.09303,50.1507,0
            12.09499,50.15137,0
            12.09563,50.15164,0
            12.10047,50.15418,0
            12.10048,50.15419,0
            12.10066,50.15428,0
            12.10184,50.15505,0
            12.10257,50.15562,0
            12.10261,50.15564,0
            12.10314,50.15606,0
            12.10314,50.15607,0
            12.10349,50.15634,0
            12.1035,50.15634,0
            12.10536,50.15779,0
            12.10594,50.15829,0
            12.10598,50.15834,0
            12.10624,50.15858,0
            12.10625,50.15858,0
            12.10679,50.15915,0
            12.10725,50.15975,0
            12.1075,50.16016,0
            12.10751,50.1602,0
            12.10758,50.16032,0
            12.10779,50.1608,0
            12.10788,50.16108,0
            12.10802,50.16173,0
            12.10805,50.16207,0
            12.10803,50.16274,0
            12.10798,50.16306,0
            12.10756,50.16476,0
            12.10751,50.16509,0
            12.10728,50.16861,0
            12.10729,50.16894,0
            12.1073,50.16899,0
            12.10731,50.16926,0
            12.10738,50.16978,0
            12.10744,50.17007,0
            12.10757,50.17051,0
            12.10761,50.17059,0
            12.10764,50.17068,0
            12.10785,50.17113,0
            12.10809,50.17152,0
            12.10867,50.17222,0
            12.10935,50.17281,0
            12.10989,50.17318,0
            12.11023,50.17338,0
            12.11024,50.17339,0
            12.11063,50.1736,0
            12.11147,50.17398,0
            12.11148,50.17399,0
            12.11232,50.17432,0
            12.1161,50.17551,0
            12.11792,50.17615,0
            12.11793,50.17615,0
            12.11815,50.17625,0
            12.11822,50.17627,0
            12.11869,50.17648,0
            12.11933,50.17681,0
            12.11995,50.17719,0
            12.11996,50.17719,0
            12.12057,50.17765,0
            12.12097,50.17802,0
            12.12142,50.17853,0
            12.12176,50.17902,0
            12.12196,50.1794,0
            12.12219,50.18003,0
            12.12229,50.18054,0
            12.1223,50.18072,0
            12.12231,50.18076,0
            12.12231,50.18108,0
            12.12225,50.18161,0
            12.12218,50.18189,0
            12.12204,50.18232,0
            12.12173,50.18292,0
            12.12154,50.18321,0
            12.12127,50.18356,0
            12.12092,50.18394,0
            12.12089,50.18396,0
            12.12089,50.18397,0
            12.12087,50.18398,0
            12.12073,50.18412,0
            12.12002,50.18471,0
            12.11964,50.18498,0
            12.1195,50.18506,0
            12.11945,50.1851,0
            12.11938,50.18514,0
            12.11937,50.18514,0
            12.11877,50.1855,0
            12.11876,50.1855,0
            12.1179,50.18592,0
            12.11786,50.18593,0
            12.11743,50.18612,0
            12.11622,50.18655,0
            12.11506,50.18689,0
            12.11359,50.18725,0
            12.11033,50.18793,0
            12.10749,50.18862,0
            12.10605,50.18909,0
            12.10492,50.18957,0
            12.10488,50.18958,0
            12.10395,50.19007,0
            12.10393,50.19009,0
            12.10355,50.19032,0
            12.10287,50.19081,0
            12.10232,50.1913,0
            12.10182,50.19184,0
            12.10157,50.19217,0
            12.10157,50.19218,0
            12.10147,50.19231,0
            12.10112,50.19289,0
            12.10085,50.19353,0
            12.10075,50.19384,0
            12.10067,50.19418,0
            12.1006,50.19478,0
            12.10061,50.19535,0
            12.10066,50.19571,0
            12.10079,50.19627,0
            12.10084,50.19642,0
            12.10084,50.19643,0
            12.10095,50.19673,0
            12.10118,50.19721,0
            12.10156,50.19781,0
            12.10203,50.19839,0
            12.10267,50.19906,0
            12.10401,50.20022,0
            12.10636,50.20208,0
            12.10724,50.20287,0
            12.10756,50.20319,0
            12.10813,50.20384,0
            12.1086,50.2045,0
            12.10883,50.2049,0
            12.10895,50.20516,0
            12.10895,50.20517,0
            12.10902,50.20533,0
            12.10903,50.20534,0
            12.10908,50.20547,0
            12.10909,50.20552,0
            12.10915,50.20568,0
            12.1093,50.20633,0
            12.10934,50.20664,0
            12.10936,50.20713,0
            12.10931,50.20772,0
            12.10925,50.20804,0
            12.10912,50.20851,0
            12.10884,50.20917,0
            12.10851,50.20974,0
            12.10816,50.21022,0
            12.10779,50.21065,0
            12.10712,50.21128,0
            12.10629,50.21189,0
            12.10593,50.21212,0
            12.10515,50.21254,0
            12.10413,50.21299,0
            12.10301,50.21337,0
            12.10201,50.21363,0
            12.1002,50.214,0
            12.09366,50.21492,0
            12.09136,50.21533,0
            12.09058,50.2155,0
            12.09056,50.21551,0
            12.08869,50.21598,0
            12.08785,50.21624,0
            12.08624,50.21683,0
            12.08507,50.21734,0
            12.08383,50.21798,0
            12.08257,50.21875,0
            12.08255,50.21877,0
            12.08235,50.2189,0
            12.08144,50.21958,0
            12.08065,50.22024,0
            12.07995,50.22089,0
            12.07991,50.22094,0
            12.07748,50.2233,0
            12.07718,50.22356,0
            12.07632,50.22421,0
            12.07631,50.22421,0
            12.07566,50.22463,0
            12.07475,50.22514,0
            12.07372,50.22562,0
            12.07211,50.22629,0
            12.0721,50.2263,0
            12.07043,50.22702,0
            12.07042,50.22703,0
            12.06941,50.22754,0
            12.06914,50.2277,0
            12.06911,50.22771,0
            12.06892,50.22782,0
            12.06822,50.2283,0
            12.0676,50.22882,0
            12.06749,50.22893,0
            12.06747,50.22894,0
            12.06707,50.22935,0
            12.06659,50.22993,0
            12.06614,50.23066,0
            12.06598,50.23098,0
            12.06591,50.23116,0
            12.06591,50.23117,0
            12.06585,50.2313,0
            12.06566,50.23192,0
            12.06554,50.23258,0
            12.06533,50.23519,0
            12.0653,50.23537,0
            12.06529,50.23553,0
            12.06521,50.23602,0
            12.06521,50.23607,0
            12.06501,50.23704,0
            12.06499,50.23709,0
            12.06492,50.23737,0
            12.06461,50.23832,0
            12.06414,50.2394,0
            12.06414,50.23941,0
            12.06398,50.23975,0
            12.06397,50.23976,0
            12.0639,50.23992,0
            12.0639,50.23993,0
            12.06329,50.24112,0
            12.06326,50.2412,0
            12.06168,50.24409,0
            12.06016,50.24662,0
            12.05859,50.24898,0
            12.05744,50.2506,0
            12.0564,50.2519,0
            12.0564,50.25191,0
            12.05499,50.25345,0
            12.0539,50.2545,0
            12.0539,50.25451,0
            12.05302,50.2553,0
            12.05049,50.25732,0
            12.04888,50.25849,0
            12.04882,50.25852,0
            12.04681,50.25994,0
            12.04677,50.25998,0
            12.04171,50.26337,0
            12.03953,50.26471,0
            12.03156,50.26929,0
            12.03054,50.26993,0
            12.02885,50.27107,0
            12.02725,50.27232,0
            12.02598,50.27348,0
            12.02513,50.2744,0
            12.02461,50.27504,0
            12.02411,50.27574,0
            12.02372,50.27636,0
            12.02331,50.2771,0
            12.02303,50.27768,0
            12.02302,50.27772,0
            12.02281,50.2782,0
            12.02235,50.27961,0
            12.02207,50.28097,0
            12.02191,50.28267,0
            12.0219,50.28342,0
            12.02191,50.28349,0
            12.02192,50.28415,0
            12.02206,50.28557,0
            12.02226,50.28664,0
            12.02256,50.28786,0
            12.02304,50.28925,0
            12.02347,50.29028,0
            12.02405,50.29146,0
            12.02405,50.29147,0
            12.02535,50.29381,0
            12.02535,50.29382,0
            12.02544,50.29398,0
            12.02545,50.29399,0
            12.02615,50.29522,0
            12.02615,50.29523,0
            12.02672,50.29633,0
            12.02712,50.29729,0
            12.02726,50.29772,0
            12.02746,50.29856,0
            12.02755,50.29937,0
            12.02755,50.29969,0
            12.02751,50.3003,0
            12.02742,50.30085,0
            12.02721,50.30159,0
            12.02687,50.30238,0
            12.02687,50.30239,0
            12.02663,50.30284,0
            12.02442,50.30648,0
            12.02418,50.30696,0
            12.02382,50.30789,0
            12.0238,50.30797,0
            12.02371,50.30819,0
            12.02342,50.30908,0
            12.02313,50.31029,0
            12.02299,50.31127,0
            12.02294,50.31182,0
            12.02291,50.31261,0
            12.02292,50.31267,0
            12.02294,50.31338,0
            12.02295,50.3134,0
            12.02306,50.31446,0
            12.02369,50.31818,0
            12.02385,50.31941,0
            12.02393,50.32074,0
            12.02391,50.32167,0
            12.02382,50.32275,0
            12.02369,50.32357,0
            12.02369,50.32363,0
            12.02368,50.32364,0
            12.02368,50.32367,0
            12.02342,50.32486,0
            12.02315,50.32578,0
            12.02289,50.3265,0
            12.02233,50.32781,0
            12.02181,50.32883,0
            12.02121,50.32985,0
            12.02035,50.33111,0
            12.02012,50.3314,0
            12.02012,50.33141,0
            12.01965,50.33201,0
            12.01898,50.33279,0
            12.01789,50.33394,0
            12.01695,50.33481,0
            12.01694,50.33483,0
            12.01541,50.3361,0
            12.01374,50.33731,0
            12.01249,50.33812,0
            12.01248,50.33812,0
            12.01061,50.3392,0
            12.00887,50.34008,0
            12.0072,50.34082,0
            12.00719,50.34083,0
            12.00486,50.34174,0
            12.00255,50.34252,0
            12.00096,50.343,0
            12.00094,50.343,0
            11.9964,50.34423,0
            11.98203,50.34786,0
            11.98201,50.34787,0
            11.98177,50.34793,0
            11.98175,50.34793,0
            11.9802,50.34833,0
            11.97756,50.34912,0
            11.97649,50.34951,0
            11.97532,50.35,0
            11.97399,50.35068,0
            11.9731,50.35126,0
            11.97203,50.35211,0
            11.97154,50.3526,0
            11.97105,50.35315,0
            11.97062,50.35373,0
            11.9706,50.35377,0
            11.97053,50.35386,0
            11.97012,50.35461,0
            11.96989,50.35514,0
            11.96972,50.35563,0
            11.96961,50.35607,0
            11.96953,50.35653,0
            11.96949,50.35699,0
            11.96949,50.35736,0
            11.96953,50.35791,0
            11.96959,50.35831,0
            11.96975,50.35897,0
            11.96991,50.35948,0
            11.97013,50.35998,0
            11.97068,50.36097,0
            11.97069,50.36097,0
            11.97094,50.3614,0
            11.97311,50.36435,0
            11.97363,50.36511,0
            11.97405,50.36581,0
            11.97406,50.36584,0
            11.97407,50.36585,0
            11.97422,50.36614,0
            11.97423,50.36615,0
            11.97443,50.36662,0
            11.97444,50.36662,0
            11.97457,50.36693,0
            11.97476,50.36751,0
            11.97492,50.36848,0
            11.97494,50.36913,0
            11.9749,50.36974,0
            11.97488,50.36982,0
            11.97487,50.36993,0
            11.97483,50.3701,0
            11.97483,50.37012,0
            11.97476,50.37044,0
            11.97471,50.37059,0
            11.97469,50.37069,0
            11.97452,50.37113,0
            11.97412,50.37196,0
            11.97384,50.3724,0
            11.97381,50.37242,0
            11.97351,50.37285,0
            11.97289,50.37356,0
            11.97251,50.37393,0
            11.97193,50.37439,0
            11.97184,50.37448,0
            11.97166,50.37462,0
            11.97072,50.37524,0
            11.96989,50.3757,0
            11.96988,50.3757,0
            11.96758,50.37679,0
            11.96625,50.3775,0
            11.96573,50.37783,0
            11.96523,50.37819,0
            11.96469,50.37863,0
            11.96435,50.37896,0
            11.96411,50.37924,0
            11.96389,50.37957,0
            11.96363,50.38011,0
            11.96368,50.38021,0
            11.96369,50.38022,0
            11.96358,50.38079,0
            11.96356,50.38113,0
            11.96357,50.38131,0
            11.96365,50.38182,0
            11.96367,50.38186,0
            11.96368,50.38191,0
            11.96379,50.3822,0
            11.96398,50.38256,0
            11.96407,50.3827,0
            11.96423,50.3829,0
            11.96424,50.38292,0
            11.96453,50.38325,0
            11.9649,50.38357,0
            11.96523,50.3838,0
            11.96572,50.38408,0
            11.96837,50.38541,0
            11.96838,50.38541,0
            11.96838,50.38542,0
            11.96844,50.3855,0
            11.97175,50.38704,0
            11.97178,50.38706,0
            11.97364,50.38785,0
            11.97512,50.38839,0
            11.9767,50.38888,0
            11.98312,50.39068,0
            11.98441,50.39114,0
            11.98532,50.39151,0
            11.99278,50.39506,0
            11.99279,50.39506,0
            11.99352,50.39535,0
            11.99436,50.39563,0
            11.99547,50.39593,0
            11.99718,50.39626,0
            11.9981,50.39638,0
            12.00061,50.39659,0
            12.00064,50.3966,0
            12.00541,50.397,0
            12.00649,50.39716,0
            12.00783,50.39744,0
            12.0087,50.39767,0
            12.00961,50.39797,0
            12.00962,50.39797,0
            12.01099,50.39851,0
            12.01212,50.39908,0
            12.01246,50.39928,0
            12.01247,50.39928,0
            12.01297,50.39959,0
            12.01697,50.40236,0
            12.01845,50.40322,0
            12.01915,50.40357,0
            12.0242,50.40583,0
            12.02421,50.40583,0
            12.02555,50.40639,0
            12.0268,50.40686,0
            12.02681,50.40687,0
            12.02738,50.40708,0
            12.02739,50.40708,0
            12.02873,50.40758,0
            12.02874,50.40758,0
            12.03092,50.40838,0
            12.03201,50.40873,0
            12.03744,50.4101,0
            12.03753,50.41011,0
            12.03784,50.41018,0
            12.04687,50.41151,0
            12.04764,50.41166,0
            12.04893,50.41198,0
            12.04984,50.41225,0
            12.05131,50.4128,0
            12.05299,50.41364,0
            12.05564,50.41532,0
            12.05572,50.41536,0
            12.05636,50.41582,0
            12.05685,50.41622,0
            12.05758,50.41692,0
            12.05759,50.41694,0
            12.05792,50.4173,0
            12.05831,50.41779,0
            12.06161,50.42268,0
            12.0622,50.42339,0
            12.06292,50.42409,0
            12.06384,50.42481,0
            12.06478,50.42542,0
            12.06571,50.42592,0
            12.07474,50.43013,0
            12.07609,50.43086,0
            12.08016,50.43344,0
            12.08104,50.43389,0
            12.08172,50.43419,0
            12.08258,50.43451,0
            12.08264,50.43452,0
            12.08301,50.43465,0
            12.0841,50.43495,0
            12.08525,50.43518,0
            12.08629,50.43533,0
            12.08666,50.43536,0
            12.0867,50.43537,0
            12.08765,50.43543,0
            12.09257,50.43548,0
            12.09441,50.43534,0
            12.09585,50.4351,0
            12.09693,50.43484,0
            12.10084,50.43367,0
            12.10158,50.43349,0
            12.10305,50.43321,0
            12.10372,50.43312,0
            12.1052,50.43299,0
            12.10688,50.43297,0
            12.10794,50.43302,0
            12.1179,50.43386,0
            12.1273,50.43436,0
            12.13675,50.43455,0
            12.13778,50.43461,0
            12.13897,50.43473,0
            12.13968,50.43484,0
            12.14592,50.4361,0
            12.14749,50.43657,0
            12.14878,50.43709,0
            12.14879,50.43709,0
            12.14962,50.43749,0
            12.15832,50.44229,0
            12.15832,50.4423,0
            12.15848,50.44238,0
            12.15879,50.44257,0
            12.1588,50.44257,0
            12.15953,50.44306,0
            12.1601,50.44352,0
            12.16306,50.44631,0
            12.16358,50.44674,0
            12.16427,50.44725,0
            12.16981,50.45073,0
            12.17076,50.45138,0
            12.17234,50.45261,0
            12.17386,50.45388,0
            12.17388,50.45389,0
            12.1765,50.45606,0
            12.17655,50.45609,0
            12.17657,50.45612,0
            12.17747,50.45685,0
            12.1775,50.45689,0
            12.17767,50.45703,0
            12.17769,50.45704,0
            12.17924,50.45832,0
            12.17925,50.45832,0
            12.18374,50.46204,0
            12.18446,50.46272,0
            12.18494,50.46327,0
            12.1853,50.46376,0
            12.18572,50.46448,0
            12.18602,50.46516,0
            12.18615,50.46555,0
            12.18628,50.46605,0
            12.18634,50.4664,0
            12.18639,50.46703,0
            12.18636,50.46778,0
            12.18634,50.46786,0
            12.1863,50.46818,0
            12.18618,50.46868,0
            12.18597,50.46928,0
            12.18579,50.46969,0
            12.18506,50.47114,0
            12.18505,50.47114,0
            12.18442,50.4724,0
            12.18418,50.47297,0
            12.18418,50.47299,0
            12.18409,50.47325,0
            12.18397,50.47377,0
            12.1839,50.47424,0
            12.18388,50.47501,0
            12.18389,50.47514,0
            12.1839,50.47515,0
            12.18391,50.47532,0
            12.18398,50.47575,0
            12.18407,50.4761,0
            12.18419,50.47643,0
            12.1843,50.47681,0
            12.18701,50.48469,0
            12.18701,50.48471,0
            12.18748,50.48605,0
            12.18748,50.48608,0
            12.18828,50.48841,0
            12.18829,50.48841,0
            12.18834,50.48855,0
            12.18834,50.48857,0
            12.18864,50.48925,0
            12.18895,50.4898,0
            12.18934,50.49035,0
            12.18969,50.49077,0
            12.19018,50.49128,0
            12.19565,50.49598,0
            12.20399,50.50216,0
            12.20517,50.50292,0
            12.20577,50.50324,0
            12.20578,50.50325,0
            12.20638,50.50355,0
            12.20771,50.50411,0
            12.20772,50.50412,0
            12.21361,50.50657,0
            12.21362,50.50658,0
            12.21565,50.50746,0
            12.21646,50.50789,0
            12.21735,50.50845,0
            12.22352,50.51309,0
            12.2272,50.51609,0
            12.22732,50.51617,0
            12.23553,50.52278,0
            12.24426,50.52869,0
            12.24427,50.52869,0
            12.24438,50.52877,0
            12.24439,50.52877,0
            12.24566,50.52962,0
            12.24689,50.53051,0
            12.24775,50.53122,0
            12.24849,50.53189,0
            12.2504,50.53383,0
            12.25084,50.53424,0
            12.25093,50.53434,0
            12.25098,50.53438,0
            12.25149,50.5349,0
            12.25151,50.53494,0
            12.25159,50.53502,0
            12.25162,50.53504,0
            12.25176,50.5352,0
            12.25178,50.53521,0
            12.25203,50.53548,0
            12.25205,50.53549,0
            12.253,50.53646,0
            12.25301,50.53648,0
            12.25361,50.53704,0
            12.25361,50.53705,0
            12.25451,50.53781,0
            12.25524,50.53835,0
            12.25538,50.53843,0
            12.25553,50.53854,0
            12.25639,50.53907,0
            12.25803,50.53995,0
            12.26044,50.54106,0
            12.26044,50.54107,0
            12.26182,50.54183,0
            12.26224,50.5421,0
            12.26227,50.54211,0
            12.26252,50.54228,0
            12.26258,50.54231,0
            12.26597,50.54468,0
            12.26606,50.54473,0
            12.26654,50.54507,0
            12.26655,50.54507,0
            12.26758,50.5458,0
            12.2676,50.5458,0
            12.26811,50.54617,0
            12.26814,50.54618,0
            12.26928,50.54699,0
            12.27503,50.55168,0
            12.27504,50.5517,0
            12.27572,50.55225,0
            12.27577,50.55228,0
            12.28001,50.55578,0
            12.28079,50.5565,0
            12.2817,50.55748,0
            12.28239,50.55835,0
            12.28248,50.55849,0
            12.28254,50.55856,0
            12.28319,50.55961,0
            12.2834,50.56001,0
            12.28341,50.56002,0
            12.28371,50.56067,0
            12.28372,50.56068,0
            12.28416,50.56189,0
            12.28438,50.5628,0
            12.28448,50.56342,0
            12.28453,50.56399,0
            12.2847,50.56799,0
            12.28475,50.5684,0
            12.28494,50.56921,0
            12.28538,50.57045,0
            12.28564,50.57108,0
            12.28595,50.57168,0
            12.28634,50.57224,0
            12.28664,50.57261,0
            12.28697,50.57297,0
            12.28768,50.57361,0
            12.2877,50.57362,0
            12.28801,50.57387,0
            12.2889,50.57446,0
            12.28891,50.57446,0
            12.28907,50.57455,0
            12.28912,50.57459,0
            12.28982,50.57497,0
            12.29067,50.57534,0
            12.29191,50.57578,0
            12.2955,50.57676,0
            12.29712,50.57733,0
            12.2981,50.57777,0
            12.29964,50.5786,0
            12.29965,50.57861,0
            12.29968,50.57862,0
            12.29976,50.57867,0
            12.29977,50.57867,0
            12.30407,50.58106,0
            12.30408,50.58106,0
            12.30523,50.58169,0
            12.30524,50.5817,0
            12.30562,50.5819,0
            12.30564,50.58192,0
            12.30619,50.5822,0
            12.30687,50.5825,0
            12.30688,50.58251,0
            12.30732,50.5827,0
            12.30739,50.58274,0
            12.3074,50.58274,0
            12.309,50.58333,0
            12.30995,50.58359,0
            12.3117,50.58396,0
            12.31661,50.58469,0
            12.31664,50.5847,0
            12.31794,50.5849,0
            12.31894,50.5851,0
            12.31985,50.58533,0
            12.32061,50.58556,0
            12.32065,50.58558,0
            12.32067,50.58558,0
            12.32068,50.58559,0
            12.32146,50.58586,0
            12.32206,50.58611,0
            12.32298,50.58655,0
            12.32416,50.58723,0
            12.32495,50.58777,0
            12.32595,50.58861,0
            12.32848,50.59099,0
            12.32865,50.59112,0
            12.32873,50.5912,0
            12.32875,50.59121,0
            12.32908,50.59147,0
            12.32977,50.59195,0
            12.33077,50.59252,0
            12.33083,50.59254,0
            12.33135,50.59279,0
            12.33139,50.5928,0
            12.3316,50.5929,0
            12.33351,50.59366,0
            12.34177,50.59662,0
            12.34178,50.59663,0
            12.34251,50.59687,0
            12.34422,50.59731,0
            12.34426,50.59731,0
            12.34527,50.5975,0
            12.34674,50.59768,0
            12.34896,50.59783,0
            12.34899,50.59784,0
            12.35188,50.59803,0
            12.3519,50.59804,0
            12.35684,50.59838,0
            12.35807,50.59852,0
            12.35921,50.59872,0
            12.36025,50.59895,0
            12.36131,50.59926,0
            12.36137,50.59927,0
            12.36249,50.59967,0
            12.36353,50.60012,0
            12.36426,50.60049,0
            12.36432,50.60053,0
            12.36443,50.60058,0
            12.36519,50.60103,0
            12.36571,50.60139,0
            12.36575,50.60141,0
            12.37018,50.60464,0
            12.37018,50.60465,0
            12.37107,50.60527,0
            12.37108,50.60527,0
            12.37165,50.60563,0
            12.37182,50.60572,0
            12.37183,50.60573,0
            12.3727,50.60617,0
            12.37392,50.60667,0
            12.37435,50.60682,0
            12.37437,50.60682,0
            12.37554,50.60716,0
            12.37684,50.60743,0
            12.37793,50.60758,0
            12.37796,50.60759,0
            12.37986,50.60771,0
            12.38084,50.6077,0
            12.38203,50.60762,0
            12.38759,50.60683,0
            12.38761,50.60682,0
            12.38859,50.60667,0
            12.39006,50.60651,0
            12.39162,50.60644,0
            12.39316,50.60646,0
            12.39482,50.6066,0
            12.39585,50.60674,0
            12.39732,50.60703,0
            12.39826,50.60727,0
            12.39942,50.60763,0
            12.39943,50.60763,0
            12.40073,50.60813,0
            12.40194,50.6087,0
            12.4031,50.60938,0
            12.40393,50.60995,0
            12.40442,50.61034,0
            12.40501,50.61087,0
            12.40547,50.61133,0
            12.40547,50.61134,0
            12.4091,50.61519,0
            12.4091,50.6152,0
            12.40915,50.61524,0
            12.41202,50.6183,0
            12.41211,50.61838,0
            12.4145,50.62093,0
            12.41452,50.62094,0
            12.41943,50.62616,0
            12.42063,50.62732,0
            12.42111,50.62773,0
            12.42238,50.62872,0
            12.42289,50.62908,0
            12.43051,50.63395,0
            12.43052,50.63395,0
            12.43213,50.63497,0
            12.43336,50.63568,0
            12.43484,50.63643,0
            12.43636,50.6371,0
            12.44111,50.63897,0
            12.44112,50.63897,0
            12.44135,50.63907,0
            12.44136,50.63908,0
            12.44339,50.64005,0
            12.44482,50.64086,0
            12.44964,50.64384,0
            12.44965,50.64384,0
            12.45046,50.64433,0
            12.45046,50.64434,0
            12.45087,50.64458,0
            12.45088,50.64458,0
            12.45093,50.64462,0
            12.4515,50.64494,0
            12.45151,50.64494,0
            12.4524,50.64542,0
            12.4534,50.64589,0
            12.45445,50.64633,0
            12.45447,50.64633,0
            12.4547,50.64643,0
            12.45471,50.64643,0
            12.45644,50.64704,0
            12.45645,50.64705,0
            12.45811,50.64753,0
            12.45985,50.64793,0
            12.46127,50.64819,0
            12.46391,50.64857,0
            12.46393,50.64858,0
            12.46741,50.64904,0
            12.4684,50.64911,0
            12.46996,50.64913,0
            12.47114,50.64907,0
            12.47115,50.64906,0
            12.47189,50.649,0
            12.47193,50.64899,0
            12.47816,50.64837,0
            12.48012,50.64828,0
            12.48147,50.64832,0
            12.48268,50.64842,0
            12.48398,50.64861,0
            12.48778,50.64943,0
            12.48779,50.64944,0
            12.48829,50.64955,0
            12.48832,50.64955,0
            12.49046,50.65003,0
            12.49048,50.65003,0
            12.49312,50.65061,0
            12.49393,50.65083,0
            12.49563,50.6514,0
            12.49683,50.6519,0
            12.49818,50.65259,0
            12.49894,50.65305,0
            12.50499,50.65724,0
            12.50501,50.65726,0
            12.50536,50.6575,0
            12.50537,50.6575,0
            12.50541,50.65754,0
            12.50547,50.65757,0
            12.50547,50.65758,0
            12.50553,50.65761,0
            12.5056,50.65767,0
            12.50564,50.65769,0
            12.50566,50.65771,0
            12.5057,50.65773,0
            12.50619,50.65808,0
            12.5062,50.65808,0
            12.50642,50.65824,0
            12.50648,50.65827,0
            12.50833,50.65957,0
            12.50834,50.65957,0
            12.50889,50.65996,0
            12.5089,50.65996,0
            12.50921,50.66018,0
            12.50925,50.6602,0
            12.50985,50.66062,0
            12.50986,50.66062,0
            12.51021,50.66087,0
            12.51025,50.66089,0
            12.51231,50.66233,0
            12.5124,50.66238,0
            12.51319,50.66293,0
            12.51444,50.66366,0
            12.51646,50.66458,0
            12.51649,50.6646,0
            12.51658,50.66463,0
            12.51659,50.66464,0
            12.51811,50.66532,0
            12.51907,50.66581,0
            12.51908,50.66582,0
            12.51921,50.66589,0
            12.51922,50.66589,0
            12.51924,50.66591,0
            12.52083,50.66689,0
            12.52085,50.66691,0
            12.52109,50.66706,0
            12.5211,50.66706,0
            12.52122,50.66714,0
            12.52123,50.66714,0
            12.52217,50.66774,0
            12.52218,50.66774,0
            12.52254,50.66797,0
            12.52403,50.66882,0
            12.52404,50.66883,0
            12.53295,50.67356,0
            12.53424,50.67416,0
            12.53551,50.6746,0
            12.53659,50.67488,0
            12.54357,50.67625,0
            12.54433,50.67637,0
            12.54543,50.67649,0
            12.54657,50.67654,0
            12.54767,50.67652,0
            12.54863,50.67644,0
            12.55883,50.67519,0
            12.56011,50.67511,0
            12.56132,50.67509,0
            12.56257,50.67513,0
            12.56444,50.6753,0
            12.5657,50.67549,0
            12.56689,50.67573,0
            12.56785,50.67597,0
            12.56876,50.67624,0
            12.56878,50.67624,0
            12.57379,50.67804,0
            12.5738,50.67804,0
            12.60035,50.68768,0
            12.60171,50.68807,0
            12.60292,50.68832,0
            12.60415,50.68849,0
            12.60512,50.68857,0
            12.6059,50.6886,0
            12.60716,50.68858,0
            12.60814,50.68851,0
            12.60816,50.6885,0
            12.60913,50.68839,0
            12.6092,50.68837,0
            12.60998,50.68824,0
            12.61104,50.688,0
            12.61182,50.68778,0
            12.61392,50.68702,0
            12.61393,50.68702,0
            12.61558,50.6864,0
            12.6156,50.6864,0
            12.61667,50.68603,0
            12.61793,50.68567,0
            12.62607,50.68389,0
            12.62616,50.68388,0
            12.62622,50.68386,0
            12.62625,50.68386,0
            12.62883,50.6833,0
            12.62885,50.68329,0
            12.63051,50.68294,0
            12.63052,50.68293,0
            12.6327,50.68247,0
            12.63346,50.68235,0
            12.63468,50.68221,0
            12.64101,50.68198,0
            12.64265,50.68201,0
            12.64332,50.68206,0
            12.64447,50.6822,0
            12.64594,50.6825,0
            12.64677,50.68275,0
            12.64812,50.68325,0
            12.64915,50.68374,0
            12.64949,50.68393,0
            12.65035,50.6845,0
            12.65404,50.68755,0
            12.65456,50.68792,0
            12.65548,50.68846,0
            12.65609,50.68876,0
            12.65693,50.68912,0
            12.65817,50.68953,0
            12.65868,50.68966,0
            12.6587,50.68967,0
            12.6602,50.68996,0
            12.66964,50.69088,0
            12.67129,50.69092,0
            12.67264,50.69084,0
            12.67265,50.69083,0
            12.67283,50.69082,0
            12.67393,50.69066,0
            12.67538,50.69037,0
            12.67541,50.69037,0
            12.67917,50.68963,0
            12.67922,50.68963,0
            12.67997,50.68952,0
            12.68212,50.68941,0
            12.68348,50.68944,0
            12.68365,50.68946,0
            12.68379,50.68946,0
            12.68478,50.68955,0
            12.68629,50.68979,0
            12.69192,50.69113,0
            12.69369,50.69144,0
            12.69453,50.69153,0
            12.69627,50.69162,0
            12.70142,50.69148,0
            12.70149,50.69147,0
            12.70909,50.69124,0
            12.71124,50.69126,0
            12.71251,50.69132,0
            12.71469,50.6915,0
            12.71635,50.69172,0
            12.7185,50.69211,0
            12.72092,50.69268,0
            12.73295,50.69579,0
            12.73546,50.69653,0
            12.7355,50.69655,0
            12.73594,50.69669,0
            12.73597,50.69669,0
            12.74499,50.69966,0
            12.74501,50.69966,0
            12.74541,50.69979,0
            12.74545,50.69981,0
            12.74638,50.70012,0
            12.74744,50.70054,0
            12.74745,50.70054,0
            12.74844,50.70101,0
            12.74922,50.70145,0
            12.75008,50.70201,0
            12.75045,50.70229,0
            12.75046,50.70229,0
            12.75491,50.70583,0
            12.75554,50.70644,0
            12.75556,50.70647,0
            12.75578,50.7067,0
            12.75637,50.70744,0
            12.75665,50.70786,0
            12.75685,50.70821,0
            12.75712,50.70879,0
            12.75766,50.71014,0
            12.75781,50.71059,0
            12.75829,50.7118,0
            12.75852,50.71224,0
            12.75892,50.71287,0
            12.75929,50.71337,0
            12.75947,50.71358,0
            12.7595,50.7136,0
            12.75978,50.71391,0
            12.75981,50.71393,0
            12.76018,50.7143,0
            12.76079,50.71482,0
            12.76096,50.71494,0
            12.76097,50.71496,0
            12.76658,50.7192,0
            12.76745,50.71977,0
            12.77415,50.72353,0
            12.77422,50.72356,0
            12.77553,50.72434,0
            12.77638,50.72495,0
            12.777,50.72548,0
            12.77702,50.72551,0
            12.77703,50.72551,0
            12.77729,50.72575,0
            12.77781,50.72632,0
            12.77823,50.72686,0
            12.77859,50.7274,0
            12.779,50.72818,0
            12.779,50.72819,0
            12.77928,50.72901,0
            12.77943,50.72957,0
            12.78014,50.73309,0
            12.78052,50.73444,0
            12.78103,50.73576,0
            12.78167,50.73699,0
            12.78215,50.73778,0
            12.78314,50.73915,0
            12.7834,50.73945,0
            12.78347,50.73955,0
            12.78378,50.73989,0
            12.78378,50.7399,0
            12.78478,50.74095,0
            12.78598,50.74203,0
            12.78758,50.74327,0
            12.78916,50.74431,0
            12.79072,50.7452,0
            12.79371,50.74678,0
            12.79373,50.7468,0
            12.79429,50.74712,0
            12.79538,50.74784,0
            12.79615,50.74841,0
            12.79664,50.74881,0
            12.80036,50.75224,0
            12.80039,50.75228,0
            12.80375,50.75541,0
            12.8038,50.75547,0
            12.80421,50.75585,0
            12.80517,50.75683,0
            12.80524,50.75692,0
            12.80526,50.75693,0
            12.80561,50.75733,0
            12.80561,50.75734,0
            12.80603,50.75785,0
            12.80917,50.76232,0
            12.80921,50.76236,0
            12.8101,50.76363,0
            12.81013,50.76369,0
            12.81341,50.76836,0
            12.81409,50.76927,0
            12.81474,50.77007,0
            12.82183,50.77764,0
            12.82188,50.77768,0
            12.82553,50.78152,0
            12.82555,50.78155,0
            12.82656,50.7826,0
            12.8266,50.78263,0
            12.82795,50.78404,0
            12.82846,50.78451,0
            12.82848,50.78452,0
            12.82863,50.78465,0
            12.82863,50.78466,0
            12.82902,50.785,0
            12.83069,50.78626,0
            12.83195,50.78707,0
            12.83363,50.78802,0
            12.83462,50.78853,0
            12.83468,50.78857,0
            12.83481,50.78863,0
            12.83487,50.78867,0
            12.83511,50.78879,0
            12.83512,50.78879,0
            12.83577,50.78914,0
            12.83578,50.78914,0
            12.83938,50.79101,0
            12.84052,50.79154,0
            12.84163,50.79199,0
            12.84444,50.79293,0
            12.84444,50.79294,0
            12.84453,50.79296,0
            12.8457,50.79335,0
            12.84572,50.79335,0
            12.84669,50.79369,0
            12.8467,50.7937,0
            12.84675,50.79371,0
            12.84695,50.79379,0
            12.84696,50.7938,0
            12.84703,50.79382,0
            12.84796,50.79422,0
            12.84861,50.79454,0
            12.84972,50.79519,0
            12.85026,50.79556,0
            12.85028,50.79558,0
            12.85046,50.7957,0
            12.85078,50.79596,0
            12.85253,50.79754,0
            12.85255,50.79757,0
            12.85263,50.79763,0
            12.85599,50.80075,0
            12.85634,50.80112,0
            12.85787,50.80321,0
            12.85829,50.804,0
            12.85833,50.8041,0
            12.85836,50.80415,0
            12.85838,50.80421,0
            12.85839,50.80422,0
            12.8584,50.80426,0
            12.85843,50.80431,0
            12.85873,50.8051,0
            12.85882,50.80542,0
            12.85884,50.80546,0
            12.85894,50.80585,0
            12.85911,50.80685,0
            12.85917,50.80794,0
            12.85905,50.81008,0
            12.85903,50.81022,0
            12.85891,50.81219,0
            12.85889,50.81227,0
            12.85882,50.8131,0
            12.85881,50.81314,0
            12.85881,50.81318,0
            12.85874,50.8136,0
            12.85866,50.81392,0
            12.85864,50.81397,0
            12.85863,50.81404,0
            12.85841,50.81467,0
            12.85786,50.81582,0
            12.85786,50.81583,0
            12.85777,50.81599,0
            12.85756,50.81646,0
            12.85594,50.81969,0
            12.85588,50.81978,0
            12.85556,50.82044,0
            12.85555,50.82044,0
            12.85495,50.82153,0
            12.85432,50.82244,0
            12.84753,50.83083,0
            12.84696,50.83171,0
            12.84689,50.83185,0
            12.84689,50.83186,0
            12.84674,50.83216,0
            12.84653,50.83268,0
            12.84634,50.83337,0
            12.84627,50.83373,0
            12.8462,50.83433,0
            12.84592,50.838,0
            12.84588,50.83823,0
            12.84554,50.84288,0
            12.84565,50.843,0
            12.8455,50.84863,0
            12.84549,50.84868,0
            12.84551,50.84915,0
            12.84558,50.84951,0
            12.84564,50.84969,0
            12.84565,50.8497,0
            12.84571,50.84987,0
            12.84572,50.84988,0
            12.84585,50.85014,0
            12.84589,50.85019,0
            12.84596,50.85031,0
            12.84611,50.85051,0
            12.84633,50.85076,0
            12.84634,50.85076,0
            12.84635,50.85078,0
            12.84669,50.85109,0
            12.84681,50.85118,0
            12.84685,50.8512,0
            12.84699,50.8513,0
            12.8475,50.85157,0
            12.84751,50.85158,0
            12.84803,50.85179,0
            12.84895,50.85204,0
            12.85105,50.85237,0
            12.85105,50.85238,0
            12.85113,50.85246,0
            12.85191,50.85257,0
            12.85325,50.85282,0
            12.85464,50.85314,0
            12.85614,50.85355,0
            12.85774,50.85409,0
            12.86012,50.85507,0
            12.86167,50.85585,0
            12.86378,50.85715,0
            12.86397,50.8573,0
            12.86479,50.85785,0
            12.8648,50.85785,0
            12.8713,50.86248,0
            12.8732,50.86368,0
            12.87461,50.86447,0
            12.87462,50.86447,0
            12.87579,50.86509,0
            12.87717,50.86576,0
            12.87938,50.8667,0
            12.88115,50.86735,0
            12.88116,50.86735,0
            12.88269,50.86783,0
            12.88271,50.86783,0
            12.8857,50.86861,0
            12.88573,50.86861,0
            12.88612,50.86871,0
            12.88614,50.86871,0
            12.88639,50.86877,0
            12.88641,50.86877,0
            12.88961,50.86952,0
            12.88962,50.86953,0
            12.90615,50.87344,0
            12.90617,50.87345,0
            12.90769,50.87387,0
            12.9097,50.87451,0
            12.91173,50.87523,0
            12.91415,50.87623,0
            12.91629,50.87723,0
            12.91774,50.87799,0
            12.92567,50.88242,0
            12.92707,50.88326,0
            12.928,50.88389,0
            12.92971,50.88524,0
            12.93014,50.88563,0
            12.93016,50.88564,0
            12.93181,50.88707,0
            12.93182,50.88707,0
            12.93305,50.88811,0
            12.9343,50.88904,0
            12.93567,50.88993,0
            12.9357,50.88994,0
            12.93571,50.88995,0
            12.93652,50.89043,0
            12.93797,50.89118,0
            12.93984,50.89201,0
            12.94431,50.89378,0
            12.94432,50.89378,0
            12.95806,50.89922,0
            12.95806,50.89923,0
            12.96011,50.90019,0
            12.96078,50.90055,0
            12.96079,50.90055,0
            12.96083,50.90057,0
            12.96085,50.90059,0
            12.96212,50.90132,0
            12.96404,50.9026,0
            12.96405,50.9026,0
            12.96726,50.90487,0
            12.96762,50.90509,0
            12.96762,50.9051,0
            12.96912,50.90598,0
            12.96916,50.90599,0
            12.96918,50.90601,0
            12.97093,50.90688,0
            12.97094,50.90688,0
            12.97193,50.90732,0
            12.97385,50.90806,0
            12.97477,50.90837,0
            12.97759,50.90918,0
            12.98199,50.91029,0
            12.98207,50.9103,0
            12.98306,50.91054,0
            12.98309,50.91054,0
            12.98901,50.91178,0
            12.98903,50.91179,0
            12.99533,50.91287,0
            12.99813,50.91321,0
            13.00039,50.91338,0
            13.01201,50.91391,0
            13.01405,50.91407,0
            13.01563,50.91425,0
            13.01796,50.91465,0
            13.01799,50.91465,0
            13.0194,50.91496,0
            13.02095,50.91536,0
            13.02602,50.91684,0
            13.02605,50.91686,0
            13.02901,50.91775,0
            13.02903,50.91775,0
            13.02992,50.91802,0
            13.02998,50.91803,0
            13.03388,50.91921,0
            13.03589,50.91991,0
            13.03845,50.92098,0
            13.03914,50.92131,0
            13.0392,50.92133,0
            13.04177,50.92255,0
            13.04188,50.92259,0
            13.0476,50.9253,0
            13.04764,50.92531,0
            13.05081,50.92688,0
            13.0523,50.92773,0
            13.05337,50.92841,0
            13.05483,50.92944,0
            13.05574,50.93017,0
            13.05725,50.93152,0
            13.05743,50.93171,0
            13.05745,50.93174,0
            13.05861,50.93298,0
            13.05907,50.93354,0
            13.05988,50.93465,0
            13.0599,50.93469,0
            13.06011,50.93498,0
            13.0605,50.93562,0
            13.06108,50.93668,0
            13.06166,50.93799,0
            13.06166,50.938,0
            13.06272,50.94073,0
            13.06273,50.94079,0
            13.06393,50.94391,0
            13.06439,50.945,0
            13.06629,50.94872,0
            13.06632,50.9488,0
            13.06674,50.94953,0
            13.07043,50.95656,0
            13.07104,50.95759,0
            13.07178,50.95867,0
            13.07317,50.96036,0
            13.07417,50.96145,0
            13.08274,50.96977,0
            13.08275,50.96979,0
            13.09728,50.98383,0
            13.09898,50.9854,0
            13.099,50.98541,0
            13.09973,50.98602,0
            13.10095,50.98695,0
            13.10185,50.98754,0
            13.10276,50.98807,0
            13.10394,50.98867,0
            13.10507,50.98917,0
            13.10588,50.98947,0
            13.10589,50.98948,0
            13.10659,50.98973,0
            13.10866,50.99033,0
            13.11034,50.9907,0
            13.11279,50.99106,0
            13.1144,50.9912,0
            13.11931,50.99139,0
            13.12845,50.9915,0
            13.13029,50.99161,0
            13.13264,50.99192,0
            13.13358,50.9921,0
            13.13526,50.99251,0
            13.13527,50.99252,0
            13.14295,50.99496,0
            13.14296,50.99496,0
            13.14443,50.99543,0
            13.14455,50.99548,0
            13.1504,50.99732,0
            13.15041,50.99732,0
            13.15071,50.99742,0
            13.15548,50.99869,0
            13.1555,50.9987,0
            13.16418,51.00097,0
            13.1642,51.00098,0
            13.16523,51.00123,0
            13.16692,51.00156,0
            13.16907,51.00182,0
            13.17111,51.00191,0
            13.17216,51.00191,0
            13.17345,51.00185,0
            13.17797,51.00151,0
            13.18051,51.00144,0
            13.19014,51.00145,0
            13.19965,51.0012,0
            13.19972,51.00119,0
            13.20748,51.00098,0
            13.20977,51.00097,0
            13.21226,51.00106,0
            13.21495,51.0013,0
            13.21725,51.00162,0
            13.21965,51.00207,0
            13.22086,51.00234,0
            13.22087,51.00235,0
            13.22263,51.0028,0
            13.22518,51.00359,0
            13.22698,51.00425,0
            13.22876,51.005,0
            13.231,51.0061,0
            13.23415,51.0079,0
            13.23417,51.00792,0
            13.23501,51.0084,0
            13.23506,51.00844,0
            13.25028,51.01731,0
            13.25029,51.01732,0
            13.2549,51.02,0
            13.25492,51.02002,0
            13.26279,51.02461,0
            13.2628,51.02462,0
            13.26415,51.02541,0
            13.26503,51.02598,0
            13.26574,51.02651,0
            13.26581,51.02655,0
            13.26623,51.0269,0
            13.26624,51.0269,0
            13.26642,51.02705,0
            13.26644,51.02708,0
            13.26839,51.0288,0
            13.26933,51.02956,0
            13.26989,51.02996,0
            13.27129,51.03082,0
            13.2726,51.03146,0
            13.27261,51.03147,0
            13.27356,51.03188,0
            13.27484,51.03235,0
            13.27564,51.0326,0
            13.2772,51.03298,0
            13.2781,51.03315,0
            13.27919,51.0333,0
            13.28019,51.03339,0
            13.28569,51.03353,0
            13.28575,51.03354,0
            13.28658,51.03357,0
            13.28889,51.03379,0
            13.29117,51.03418,0
            13.29544,51.03513,0
            13.29717,51.03541,0
            13.32176,51.03779,0
            13.32322,51.03802,0
            13.32515,51.03843,0
            13.3264,51.03877,0
            13.32807,51.03932,0
            13.32919,51.03977,0
            13.3304,51.04034,0
            13.33165,51.04105,0
            13.33297,51.04196,0
            13.33678,51.04502,0
            13.33687,51.04508,0
            13.33688,51.0451,0
            13.33779,51.04574,0
            13.33819,51.04599,0
            13.33935,51.04663,0
            13.34068,51.0472,0
            13.34167,51.04756,0
            13.34169,51.04756,0
            13.34201,51.04767,0
            13.34383,51.04815,0
            13.3461,51.04856,0
            13.34614,51.04856,0
            13.35631,51.05013,0
            13.3583,51.05053,0
            13.35956,51.05085,0
            13.36119,51.05136,0
            13.36236,51.05179,0
            13.36655,51.05358,0
            13.3666,51.05361,0
            13.37401,51.05681,0
            13.37491,51.05716,0
            13.37492,51.05716,0
            13.3761,51.05756,0
            13.37716,51.05787,0
            13.37798,51.05807,0
            13.37963,51.05837,0
            13.38143,51.05862,0
            13.38303,51.05874,0
            13.38544,51.05877,0
            13.39184,51.05839,0
            13.39318,51.05838,0
            13.39515,51.05843,0
            13.39764,51.05861,0
            13.39879,51.05875,0
            13.39881,51.05876,0
            13.40061,51.059,0
            13.40512,51.05975,0
            13.40543,51.05982,0
            13.40832,51.06027,0
            13.4108,51.06056,0
            13.41392,51.06083,0
            13.41531,51.06088,0
            13.41703,51.06086,0
            13.41706,51.06085,0
            13.41804,51.06079,0
            13.41937,51.06064,0
            13.42065,51.06043,0
            13.42278,51.05994,0
            13.42696,51.05871,0
            13.42838,51.05837,0
            13.43021,51.05804,0
            13.43117,51.05791,0
            13.43338,51.05773,0
            13.43584,51.05771,0
            13.4378,51.05784,0
            13.43873,51.05794,0
            13.44053,51.05822,0
            13.44204,51.05854,0
            13.44638,51.05974,0
            13.4464,51.05974,0
            13.44758,51.06001,0
            13.44987,51.06037,0
            13.45182,51.06054,0
            13.45316,51.06059,0
            13.45445,51.06058,0
            13.45451,51.06057,0
            13.45558,51.06053,0
            13.45812,51.06032,0
            13.47446,51.05937,0
            13.47715,51.05929,0
            13.47722,51.05928,0
            13.48159,51.05923,0
            13.48799,51.05938,0
            13.49444,51.05978,0
            13.50372,51.0608,0
            13.50673,51.06104,0
            13.50893,51.0611,0
            13.51134,51.06104,0
            13.51273,51.06096,0
            13.51816,51.06049,0
            13.52099,51.0604,0
            13.53273,51.06072,0
            13.5328,51.06073,0
            13.53392,51.06076,0
            13.53395,51.06077,0
            13.54455,51.06108,0
            13.54459,51.06109,0
            13.55198,51.06131,0
            13.55205,51.06132,0
            13.56629,51.06172,0
            13.5698,51.06175,0
            13.56987,51.06176,0
            13.57602,51.0618,0
            13.57976,51.0619,0
            13.57983,51.06191,0
            13.58454,51.06203,0
            13.58461,51.06204,0
            13.60127,51.06251,0
            13.60155,51.06258,0
            13.60343,51.06272,0
            13.6057,51.06298,0
            13.60738,51.06324,0
            13.61013,51.06378,0
            13.61224,51.06428,0
            13.61227,51.06428,0
            13.62329,51.06688,0
            13.62333,51.06688,0
            13.62334,51.06689,0
            13.62336,51.06689,0
            13.63589,51.06979,0
            13.63916,51.07042,0
            13.64221,51.07087,0
            13.64429,51.07111,0
            13.64712,51.07134,0
            13.64905,51.07144,0
            13.66251,51.0717,0
            13.66256,51.07171,0
            13.66408,51.07177,0
            13.66539,51.07189,0
            13.66732,51.07218,0
            13.67708,51.07419,0
            13.67797,51.07443,0
            13.67923,51.07483,0
            13.67997,51.0751,0
            13.68082,51.07546,0
            13.68186,51.07596,0
            13.68339,51.07686,0
            13.68445,51.07764,0
            13.6872,51.07989,0
            13.68759,51.08024,0
            13.68843,51.08112,0
            13.68883,51.08164,0
            13.6891,51.08204,0
            13.68974,51.08326,0
            13.68975,51.08327,0
            13.69217,51.088,0
            13.69217,51.08801,0
            13.6928,51.08919,0
            13.69282,51.08921,0
            13.69354,51.09041,0
            13.69404,51.09113,0
            13.69479,51.09208,0
            13.69589,51.09327,0
            13.69636,51.09372,0
            13.69747,51.09468,0
            13.69844,51.09543,0
            13.69845,51.09543,0
            13.69961,51.09623,0
            13.70111,51.09714,0
            13.70277,51.09797,0
            13.70436,51.09862,0
            13.70633,51.09927,0
            13.70809,51.09974,0
            13.70811,51.09974,0
            13.72023,51.10256,0
            13.72025,51.10256,0
            13.72389,51.10341,0
            13.72659,51.10415,0
            13.72862,51.10483,0
            13.73028,51.10547,0
            13.7321,51.10626,0
            13.73435,51.10735,0
            13.73436,51.10736,0
            13.73766,51.10906,0
            13.73872,51.10968,0
            13.73972,51.11036,0
            13.7407,51.11113,0
            13.74126,51.11165,0
            13.74128,51.11168,0
            13.74131,51.1117,0
            13.74133,51.11173,0
            13.74173,51.11215,0
            13.74176,51.11217,0
            13.74188,51.11232,0
            13.74193,51.11236,0
            13.7425,51.11307,0
            13.7426,51.11322,0
            13.74264,51.11326,0
            13.74308,51.11391,0
            13.7431,51.11393,0
            13.7432,51.1141,0
            13.74323,51.11413,0
            13.7437,51.11492,0
            13.7437,51.11493,0
            13.74371,51.11494,0
            13.74387,51.11524,0
            13.7439,51.11528,0
            13.74443,51.11629,0
            13.74443,51.1163,0
            13.74494,51.11731,0
            13.74501,51.11757,0
            13.74504,51.11761,0
            13.74554,51.11864,0
            13.74557,51.11868,0
            13.74568,51.11894,0
            13.7457,51.11897,0
            13.74583,51.11927,0
            13.74585,51.1193,0
            13.74591,51.11946,0
            13.74592,51.11947,0
            13.74596,51.11957,0
            13.74598,51.1196,0
            13.74598,51.11963,0
            13.74599,51.11964,0
            13.74623,51.12023,0
            13.7466,51.12132,0
            13.7466,51.12133,0
            13.74697,51.12255,0
            13.74699,51.12259,0
            13.74749,51.12424,0
            13.7475,51.1243,0
            13.74949,51.13086,0
            13.74949,51.13088,0
            13.74999,51.13248,0
            13.75001,51.13252,0
            13.75006,51.13269,0
            13.75033,51.13334,0
            13.75064,51.13396,0
            13.75102,51.13458,0
            13.7517,51.13549,0
            13.75176,51.13555,0
            13.75182,51.13563,0
            13.75254,51.13638,0
            13.75327,51.13703,0
            13.75395,51.13757,0
            13.75557,51.13874,0
            13.76236,51.14334,0
            13.76301,51.14373,0
            13.76306,51.14377,0
            13.76393,51.14424,0
            13.77346,51.14885,0
            13.77436,51.14935,0
            13.78553,51.15667,0
            13.78643,51.15721,0
            13.7865,51.15724,0
            13.78837,51.15836,0
            13.78842,51.15838,0
            13.78896,51.1587,0
            13.78901,51.15874,0
            13.79458,51.16202,0
            13.79524,51.16249,0
            13.80283,51.16728,0
            13.80286,51.16731,0
            13.80353,51.16772,0
            13.80353,51.16773,0
            13.80535,51.16887,0
            13.8064,51.16947,0
            13.80641,51.16947,0
            13.80659,51.16956,0
            13.80663,51.16959,0
            13.80699,51.16977,0
            13.80701,51.16977,0
            13.80722,51.16988,0
            13.80843,51.17041,0
            13.80945,51.17079,0
            13.8107,51.17118,0
            13.8126,51.17164,0
            13.81451,51.17196,0
            13.81635,51.17214,0
            13.81669,51.17215,0
            13.81673,51.17216,0
            13.81792,51.1722,0
            13.81949,51.17218,0
            13.82081,51.17209,0
            13.82085,51.17208,0
            13.82113,51.17206,0
            13.82116,51.17205,0
            13.82136,51.17204,0
            13.8214,51.17203,0
            13.8222,51.17195,0
            13.82223,51.17194,0
            13.82789,51.17126,0
            13.82927,51.17114,0
            13.83144,51.17104,0
            13.83324,51.17104,0
            13.84458,51.17155,0
            13.84462,51.17156,0
            13.84964,51.17178,0
            13.84967,51.17179,0
            13.85163,51.17184,0
            13.85759,51.17179,0
            13.85767,51.17178,0
            13.85845,51.17178,0
            13.85854,51.17177,0
            13.86503,51.17169,0
            13.90962,51.17038,0
            13.91117,51.17027,0
            13.91215,51.17014,0
            13.91386,51.1698,0
            13.91533,51.16938,0
            13.91633,51.16902,0
            13.91688,51.16879,0
            13.91689,51.16879,0
            13.9173,51.1686,0
            13.9173,51.16859,0
            13.91791,51.16829,0
            13.91844,51.16799,0
            13.92016,51.1667,0
            13.9202,51.16666,0
            13.92141,51.16572,0
            13.92141,51.16571,0
            13.92274,51.1646,0
            13.92282,51.16452,0
            13.92457,51.16307,0
            13.92526,51.16258,0
            13.926,51.16213,0
            13.92673,51.16174,0
            13.92807,51.16115,0
            13.92922,51.16075,0
            13.93062,51.16036,0
            13.9308,51.16033,0
            13.93086,51.16031,0
            13.93259,51.16001,0
            13.93466,51.15983,0
            13.93544,51.15981,0
            13.93855,51.15988,0
            13.93859,51.15989,0
            13.93881,51.15989,0
            13.93887,51.1599,0
            13.96094,51.1605,0
            13.96255,51.16048,0
            13.96356,51.16041,0
            13.96358,51.1604,0
            13.96385,51.16038,0
            13.96521,51.16019,0
            13.96539,51.16015,0
            13.96549,51.16014,0
            13.96676,51.15986,0
            13.9721,51.15833,0
            13.97214,51.15831,0
            13.98164,51.15558,0
            13.98382,51.15505,0
            13.98677,51.15453,0
            13.98979,51.15421,0
            13.99187,51.15411,0
            13.99417,51.15411,0
            14.01029,51.15517,0
            14.0118,51.15536,0
            14.01295,51.15555,0
            14.01404,51.15578,0
            14.01534,51.15611,0
            14.02379,51.15861,0
            14.02542,51.15897,0
            14.02775,51.15932,0
            14.03515,51.15988,0
            14.03751,51.16013,0
            14.03754,51.16014,0
            14.03849,51.16028,0
            14.03851,51.16029,0
            14.03988,51.16055,0
            14.0399,51.16056,0
            14.04126,51.16089,0
            14.04275,51.16134,0
            14.05321,51.16538,0
            14.05322,51.16538,0
            14.05366,51.16555,0
            14.05369,51.16557,0
            14.05597,51.16646,0
            14.05598,51.16646,0
            14.0599,51.16799,0
            14.06106,51.16839,0
            14.06225,51.16875,0
            14.06387,51.16914,0
            14.06538,51.16942,0
            14.08061,51.17142,0
            14.08063,51.17143,0
            14.08344,51.1718,0
            14.08515,51.1721,0
            14.08517,51.17211,0
            14.08519,51.17211,0
            14.08561,51.17221,0
            14.08564,51.17221,0
            14.08578,51.17225,0
            14.0858,51.17225,0
            14.08663,51.17246,0
            14.08771,51.1728,0
            14.08772,51.1728,0
            14.09153,51.1742,0
            14.09155,51.1742,0
            14.09301,51.17476,0
            14.09302,51.17476,0
            14.09346,51.17493,0
            14.09351,51.17494,0
            14.09408,51.17515,0
            14.09544,51.17555,0
            14.0965,51.17577,0
            14.097,51.17584,0
            14.09701,51.17585,0
            14.09816,51.17597,0
            14.09925,51.17602,0
            14.10014,51.17601,0
            14.10099,51.17596,0
            14.10225,51.17581,0
            14.10225,51.1758,0
            14.10268,51.17574,0
            14.10379,51.17551,0
            14.10381,51.1755,0
            14.10566,51.17508,0
            14.10567,51.17507,0
            14.10862,51.1744,0
            14.11017,51.17411,0
            14.11077,51.17403,0
            14.12269,51.17318,0
            14.12384,51.17317,0
            14.12392,51.17318,0
            14.12413,51.17318,0
            14.12529,51.17327,0
            14.13084,51.1742,0
            14.13092,51.1742,0
            14.13136,51.17425,0
            14.13625,51.17456,0
            14.13747,51.17474,0
            14.13819,51.17488,0
            14.13865,51.175,0
            14.13868,51.175,0
            14.13989,51.17537,0
            14.14033,51.17553,0
            14.14111,51.17587,0
            14.14186,51.17625,0
            14.1428,51.17684,0
            14.14573,51.17907,0
            14.14585,51.17914,0
            14.1459,51.17918,0
            14.14652,51.17955,0
            14.14745,51.18001,0
            14.14746,51.18001,0
            14.14781,51.18017,0
            14.14925,51.18066,0
            14.14999,51.18086,0
            14.15136,51.18112,0
            14.16157,51.18242,0
            14.1616,51.18243,0
            14.16711,51.18314,0
            14.16906,51.18354,0
            14.17068,51.184,0
            14.1722,51.18456,0
            14.17364,51.18522,0
            14.17657,51.18676,0
            14.17658,51.18676,0
            14.17856,51.18774,0
            14.1794,51.18809,0
            14.17941,51.1881,0
            14.18047,51.18851,0
            14.18207,51.18902,0
            14.18232,51.18908,0
            14.18234,51.18909,0
            14.18351,51.18937,0
            14.18351,51.18938,0
            14.18368,51.18941,0
            14.18374,51.18943,0
            14.18378,51.18943,0
            14.18954,51.19059,0
            14.19169,51.19115,0
            14.19325,51.19167,0
            14.19786,51.19335,0
            14.19787,51.19335,0
            14.19944,51.1939,0
            14.20316,51.19498,0
            14.20323,51.19499,0
            14.20758,51.19623,0
            14.20931,51.19664,0
            14.21036,51.19684,0
            14.21248,51.19711,0
            14.21251,51.19712,0
            14.23583,51.19961,0
            14.23752,51.1999,0
            14.23855,51.20013,0
            14.24994,51.20314,0
            14.25124,51.20341,0
            14.25299,51.20368,0
            14.25302,51.20369,0
            14.25493,51.20388,0
            14.25558,51.20391,0
            14.2556,51.20392,0
            14.25773,51.20396,0
            14.25961,51.20388,0
            14.26485,51.20339,0
            14.26489,51.20338,0
            14.27455,51.20244,0
            14.27458,51.20243,0
            14.28374,51.20157,0
            14.28568,51.20149,0
            14.28728,51.20149,0
            14.2889,51.20155,0
            14.29173,51.20179,0
            14.29615,51.2023,0
            14.29618,51.20231,0
            14.30392,51.20319,0
            14.30584,51.20332,0
            14.30724,51.20336,0
            14.31034,51.2033,0
            14.31315,51.20305,0
            14.31535,51.20273,0
            14.31708,51.20239,0
            14.319,51.20192,0
            14.32199,51.20101,0
            14.322,51.20101,0
            14.32275,51.20077,0
            14.32276,51.20077,0
            14.32574,51.19986,0
            14.32725,51.19949,0
            14.32929,51.19908,0
            14.33516,51.19808,0
            14.33519,51.19808,0
            14.34234,51.19687,0
            14.34236,51.19686,0
            14.3455,51.19633,0
            14.34552,51.19632,0
            14.34693,51.19605,0
            14.34816,51.19576,0
            14.3511,51.19493,0
            14.35111,51.19492,0
            14.35486,51.19383,0
            14.35502,51.19377,0
            14.3565,51.19334,0
            14.35652,51.19334,0
            14.35761,51.19302,0
            14.35767,51.19301,0
            14.36104,51.19201,0
            14.36106,51.19201,0
            14.37002,51.18939,0
            14.37246,51.18883,0
            14.37341,51.18867,0
            14.37584,51.1884,0
            14.37722,51.18832,0
            14.38006,51.18827,0
            14.38014,51.18826,0
            14.38274,51.18823,0
            14.38442,51.18813,0
            14.38445,51.18812,0
            14.38567,51.18798,0
            14.38613,51.1879,0
            14.38618,51.1879,0
            14.38642,51.18785,0
            14.38646,51.18785,0
            14.38669,51.18781,0
            14.38671,51.1878,0
            14.38738,51.18768,0
            14.38741,51.18768,0
            14.39481,51.18632,0
            14.39653,51.1861,0
            14.39814,51.18603,0
            14.3982,51.18602,0
            14.39938,51.18604,0
            14.39946,51.18605,0
            14.39964,51.18605,0
            14.40075,51.18614,0
            14.40191,51.18629,0
            14.40265,51.18643,0
            14.40269,51.18643,0
            14.40463,51.18688,0
            14.40465,51.18689,0
            14.40963,51.18813,0
            14.40967,51.18815,0
            14.41019,51.18829,0
            14.41168,51.1888,0
            14.41184,51.18887,0
            14.41188,51.18888,0
            14.41299,51.18939,0
            14.41328,51.18955,0
            14.4133,51.18955,0
            14.41331,51.18956,0
            14.41365,51.18975,0
            14.41493,51.19056,0
            14.41495,51.19058,0
            14.41824,51.19278,0
            14.4183,51.19283,0
            14.41877,51.19314,0
            14.41877,51.19315,0
            14.41973,51.19379,0
            14.41976,51.1938,0
            14.41979,51.19383,0
            14.42283,51.19583,0
            14.42342,51.19616,0
            14.42426,51.19658,0
            14.42515,51.19695,0
            14.4262,51.19732,0
            14.42716,51.1976,0
            14.42838,51.19788,0
            14.4296,51.19808,0
            14.43082,51.19821,0
            14.43163,51.19826,0
            14.43324,51.19827,0
            14.44289,51.19756,0
            14.44879,51.19686,0
            14.45724,51.19556,0
            14.45873,51.19542,0
            14.46007,51.19534,0
            14.46241,51.19535,0
            14.46401,51.19546,0
            14.46567,51.19566,0
            14.46744,51.19598,0
            14.46916,51.1964,0
            14.47069,51.19688,0
            14.47206,51.1974,0
            14.47207,51.19741,0
            14.47337,51.19798,0
            14.47515,51.19887,0
            14.48142,51.20223,0
            14.48143,51.20224,0
            14.48225,51.20268,0
            14.48229,51.20271,0
            14.48596,51.2046,0
            14.48788,51.20542,0
            14.48795,51.20546,0
            14.4885,51.20567,0
            14.48851,51.20567,0
            14.48917,51.20591,0
            14.48919,51.20591,0
            14.48964,51.20607,0
            14.48969,51.20608,0
            14.4897,51.20609,0
            14.49154,51.20662,0
            14.49317,51.20701,0
            14.4956,51.20745,0
            14.49565,51.20745,0
            14.49615,51.20752,0
            14.49617,51.20753,0
            14.49848,51.20776,0
            14.49991,51.20783,0
            14.50163,51.20785,0
            14.50295,51.20782,0
            14.50574,51.20764,0
            14.51822,51.20651,0
            14.52103,51.20631,0
            14.52231,51.20626,0
            14.5241,51.20626,0
            14.5259,51.20634,0
            14.52835,51.2066,0
            14.53185,51.2072,0
            14.5319,51.2072,0
            14.54521,51.2098,0
            14.54761,51.21018,0
            14.54992,51.21044,0
            14.55172,51.21058,0
            14.55175,51.21059,0
            14.56438,51.21142,0
            14.56628,51.2115,0
            14.56755,51.2115,0
            14.56764,51.21149,0
            14.56778,51.2115,0
            14.56971,51.21144,0
            14.57082,51.21134,0
            14.57233,51.21114,0
            14.58088,51.20952,0
            14.58368,51.20908,0
            14.58729,51.20865,0
            14.59035,51.2084,0
            14.59526,51.20823,0
            14.59845,51.20826,0
            14.60125,51.20839,0
            14.60426,51.20862,0
            14.6077,51.209,0
            14.60773,51.20901,0
            14.613,51.20972,0
            14.61305,51.20972,0
            14.62007,51.21068,0
            14.6221,51.2109,0
            14.62405,51.21101,0
            14.62493,51.21102,0
            14.62716,51.21092,0
            14.62993,51.21057,0
            14.63339,51.20989,0
            14.6413,51.20806,0
            14.64133,51.20806,0
            14.64503,51.20723,0
            14.64628,51.20701,0
            14.64728,51.20688,0
            14.64881,51.20676,0
            14.66954,51.20594,0
            14.66957,51.20593,0
            14.67178,51.20585,0
            14.6718,51.20584,0
            14.67229,51.20583,0
            14.67236,51.20582,0
            14.67432,51.20579,0
            14.67582,51.20583,0
            14.6776,51.20596,0
            14.68,51.20625,0
            14.68166,51.20654,0
            14.69079,51.20853,0
            14.6908,51.20854,0
            14.69259,51.20894,0
            14.69262,51.20894,0
            14.70721,51.21217,0
            14.71094,51.2129,0
            14.71099,51.2129,0
            14.71236,51.21312,0
            14.71439,51.21335,0
            14.71601,51.21345,0
            14.71745,51.21347,0
            14.7194,51.21337,0
            14.72079,51.21321,0
            14.72273,51.21285,0
            14.72346,51.21268,0
            14.72494,51.21225,0
            14.72576,51.21197,0
            14.72838,51.2109,0
            14.72841,51.21088,0
            14.73098,51.20977,0
            14.73383,51.20864,0
            14.73385,51.20864,0
            14.73515,51.20816,0
            14.73785,51.20726,0
            14.74048,51.20648,0
            14.74203,51.20607,0
            14.74204,51.20606,0
            14.74384,51.20562,0
            14.74385,51.20561,0
            14.74522,51.20529,0
            14.74928,51.2045,0
            14.75373,51.20383,0
            14.75374,51.20382,0
            14.75627,51.20353,0
            14.7603,51.20322,0
            14.76134,51.20321,0
            14.7614,51.2032,0
            14.76239,51.20316,0
            14.76439,51.20315,0
            14.76805,51.20327,0
            14.77205,51.20361,0
            14.77566,51.20411,0
            14.77785,51.2045,0
            14.77983,51.20492,0
            14.78167,51.20537,0
            14.78368,51.20593,0
            14.78616,51.20671,0
            14.78784,51.20731,0
            14.78785,51.20731,0
            14.78977,51.20806,0
            14.79537,51.21054,0
            14.79538,51.21055,0
            14.7959,51.2108,0
            14.79861,51.21194,0
            14.80043,51.21262,0
            14.80232,51.21322,0
            14.80239,51.21323,0
            14.80239,51.21324,0
            14.8046,51.21379,0
            14.80461,51.2138,0
            14.8062,51.21413,0
            14.80837,51.21447,0
            14.80971,51.21462,0
            14.81172,51.21477,0
            14.81362,51.21485,0
            14.8247,51.21492,0
            14.82997,51.21514,0
            14.83232,51.21531,0
            14.83523,51.2156,0
            14.83856,51.21607,0
            14.84956,51.21802,0
            14.84958,51.21803,0
            14.85406,51.21867,0
            14.8587,51.21914,0
            14.86323,51.2194,0
            14.86795,51.21946,0
            14.87358,51.21943,0
            14.87869,51.2196,0
            14.88197,51.21995,0
            14.88353,51.2202,0
            14.88519,51.22053,0
            14.88998,51.22166,0
            14.8927,51.22224,0
            14.89272,51.22225,0
            14.89325,51.22234,0
            14.89327,51.22235,0
            14.89351,51.22239,0
            14.89355,51.22239,0
            14.89377,51.22243,0
            14.89379,51.22244,0
            14.89404,51.22248,0
            14.89408,51.22248,0
            14.89611,51.22278,0
            14.89618,51.22278,0
            14.89635,51.22281,0
            14.90029,51.22315,0
            14.90411,51.22324,0
            14.90642,51.22318,0
            14.90999,51.22292,0
            14.91277,51.22256,0
            14.91535,51.2221,0
            14.91694,51.22176,0
            14.91955,51.22109,0
            14.92212,51.22029,0
            14.92414,51.21956,0
            14.92599,51.21879,0
            14.92767,51.21801,0
            14.92988,51.2169,0
            14.93031,51.21665,0
            14.93076,51.21644,0
            14.93335,51.21496,0
            14.93336,51.21496,0
            14.94365,51.20846,0
            14.94377,51.20837,0
            14.9438,51.20836,0
            14.94951,51.20474,0
            14.95215,51.20318,0
            14.95464,51.2018,0
            14.95623,51.20098,0
            14.95623,51.20097,0
            14.95991,51.19918,0
            14.96377,51.19744,0
            14.96378,51.19744,0
            14.97156,51.19407,0
            14.97157,51.19407,0
            14.97278,51.19355,0
            14.97279,51.19355,0
            14.9735,51.19324,0
            14.97351,51.19323,0
            14.97372,51.19314,0
            14.97373,51.19313,0
            14.97805,51.19127,0
            14.97807,51.19127,0
            14.98061,51.19018,0
            14.98065,51.19017,0
            14.98582,51.18792,0
            14.98778,51.18716,0
            14.9878,51.18716,0
            14.98802,51.18707,0
            14.99104,51.18612,0
            14.99814,51.18425,0
            14.99816,51.18424,0
            14.99823,51.18423,0
            14.99933,51.18394,0
            15.00506,51.18208,0
            15.00966,51.18031,0
            15.01775,51.17691,0
            15.01776,51.17691,0
            15.02134,51.17542,0
            15.02135,51.17542,0
            15.02401,51.17432,0
            15.02523,51.17386,0
            15.02705,51.17328,0
            15.02811,51.17299,0
            15.02972,51.17261,0
            15.03163,51.17226,0
            15.03344,51.172,0
            15.05517,51.17025,0
            15.05519,51.17024,0
            15.06092,51.16981,0
            15.0629,51.16978,0
            15.06419,51.16982,0
            15.06613,51.16997,0
            15.06616,51.16998,0
            15.06799,51.17021,0
            15.07064,51.17077,0
            15.07223,51.17122,0
            15.07386,51.1718,0
            15.07387,51.1718,0
            15.07469,51.17213,0
            15.08074,51.17504,0
            15.08076,51.17506,0
            15.11786,51.19323,0
            15.11787,51.19323,0
            15.12382,51.1961,0
            15.12739,51.19756,0
            15.13035,51.19857,0
            15.1327,51.19927,0
            15.13576,51.20004,0
            15.19386,51.21204,0
            15.19402,51.21206,0
            15.21097,51.21554,0
            15.21295,51.21586,0
            15.21646,51.21628,0
            15.21871,51.21646,0
            15.22035,51.21654,0
            15.25389,51.21682,0
            15.258,51.21699,0
            15.26213,51.2173,0
            15.26721,51.21792,0
            15.27212,51.21874,0
            15.27403,51.21913,0
            15.27407,51.21913,0
            15.277,51.21979,0
            15.28086,51.22079,0
            15.30718,51.22868,0
            15.30719,51.22868,0
            15.309,51.22923,0
            15.30904,51.22925,0
            15.31732,51.23174,0
            15.3206,51.23283,0
            15.32246,51.23352,0
            15.32464,51.23441,0
            15.32658,51.23527,0
            15.32924,51.23659,0
            15.33118,51.23766,0
            15.33269,51.23856,0
            15.33443,51.23969,0
            15.33654,51.24117,0
            15.35463,51.25451,0
            15.35506,51.25477,0
            15.36465,51.26187,0
            15.36525,51.26224,0
            15.3657,51.26258,0
            15.36755,51.26373,0
            15.371,51.26549,0
            15.37369,51.26663,0
            15.37633,51.26754,0
            15.37822,51.26813,0
            15.38035,51.26872,0
            15.38305,51.26933,0
            15.38497,51.26971,0
            15.38809,51.27017,0
            15.38979,51.27036,0
            15.39258,51.27058,0
            15.39554,51.27068,0
            15.39866,51.27065,0
            15.40195,51.27045,0
            15.40461,51.27018,0
            15.40661,51.26992,0
            15.40663,51.26991,0
            15.41924,51.26831,0
            15.42202,51.26811,0
            15.42352,51.26808,0
            15.42662,51.26821,0
            15.42808,51.26835,0
            15.42981,51.26861,0
            15.43082,51.2688,0
            15.43246,51.26917,0
            15.43469,51.26982,0
            15.48079,51.28647,0
            15.48365,51.28771,0
            15.48619,51.28896,0
            15.50722,51.30019,0
            15.50955,51.30135,0
            15.51152,51.30225,0
            15.51456,51.30347,0
            15.51676,51.30426,0
            15.52123,51.30568,0
            15.53542,51.30978,0
            15.53878,51.31064,0
            15.54007,51.31089,0
            15.54261,51.31125,0
            15.54435,51.3114,0
            15.546,51.31148,0
            15.54869,51.31145,0
            15.56079,51.31085,0
            15.56173,51.31086,0
            15.56363,51.31095,0
            15.56553,51.31112,0
            15.58006,51.31288,0
            15.5818,51.31317,0
            15.58402,51.31366,0
            15.58568,51.31412,0
            15.60313,51.32013,0
            15.60766,51.32156,0
            15.61238,51.32285,0
            15.61592,51.32368,0
            15.6373,51.32794,0
            15.64038,51.32842,0
            15.64185,51.32854,0
            15.64335,51.32854,0
            15.64467,51.32844,0
            15.64594,51.32827,0
            15.64675,51.32812,0
            15.64857,51.32764,0
            15.64935,51.32736,0
            15.65041,51.3269,0
            15.65049,51.32685,0
            15.65072,51.32674,0
            15.65178,51.32614,0
            15.65355,51.32488,0
            15.65365,51.32479,0
            15.65606,51.32298,0
            15.65724,51.32218,0
            15.65732,51.32214,0
            15.65765,51.32192,0
            15.65866,51.32134,0
            15.67992,51.31099,0
            15.68128,51.31042,0
            15.68292,51.3098,0
            15.68417,51.3094,0
            15.68557,51.30901,0
            15.68728,51.3086,0
            15.74357,51.29799,0
            15.74887,51.29681,0
            15.75185,51.29601,0
            15.75605,51.29466,0
            15.75875,51.2937,0
            15.76306,51.29196,0
            15.7656,51.29076,0
            15.76607,51.29058,0
            15.76804,51.28959,0
            15.77186,51.28746,0
            15.78891,51.27691,0
            15.79225,51.27504,0
            15.79459,51.27386,0
            15.79813,51.27224,0
            15.81536,51.26521,0
            15.81538,51.26521,0
            15.81849,51.26393,0
            15.81851,51.26393,0
            15.8261,51.26082,0
            15.82611,51.26082,0
            15.83552,51.257,0
            15.83728,51.25637,0
            15.83871,51.25594,0
            15.85437,51.25186,0
            15.85441,51.25184,0
            15.86424,51.24929,0
            15.86426,51.24928,0
            15.86845,51.2482,0
            15.86846,51.24819,0
            15.86877,51.24811,0
            15.86879,51.24811,0
            15.8739,51.24677,0
            15.87744,51.24572,0
            15.87868,51.24531,0
            15.87869,51.24531,0
            15.91322,51.23366,0
            15.91322,51.23365,0
            15.91325,51.23365,0
            15.91793,51.23206,0
            15.92008,51.2314,0
            15.9218,51.23096,0
            15.92458,51.23042,0
            15.93154,51.22954,0
            15.93155,51.22953,0
            15.96096,51.22599,0
            15.96305,51.22563,0
            15.96444,51.22533,0
            15.96581,51.22497,0
            15.96828,51.2242,0
            15.96991,51.22358,0
            15.97133,51.22297,0
            15.97134,51.22297,0
            15.98063,51.21882,0
            15.98205,51.21811,0
            15.98317,51.2175,0
            15.98497,51.21635,0
            15.98585,51.21573,0
            15.987,51.21477,0
            15.98796,51.21386,0
            15.99486,51.20696,0
            15.9957,51.20621,0
            15.99643,51.20563,0
            15.99644,51.20563,0
            15.99728,51.205,0
            15.99817,51.2044,0
            15.99956,51.20357,0
            16.00123,51.20269,0
            16.0039,51.20157,0
            16.00623,51.20073,0
            16.00624,51.20072,0
            16.00869,51.19981,0
            16.00871,51.19981,0
            16.01433,51.19777,0
            16.0164,51.19687,0
            16.01641,51.19687,0
            16.01642,51.19686,0
            16.01789,51.19614,0
            16.02841,51.18995,0
            16.02843,51.18993,0
            16.03089,51.18845,0
            16.0309,51.18844,0
            16.04465,51.18025,0
            16.04467,51.18023,0
            16.04674,51.17903,0
            16.04836,51.17822,0
            16.05028,51.1774,0
            16.05156,51.17695,0
            16.05157,51.17695,0
            16.05326,51.17643,0
            16.05485,51.176,0
            16.05616,51.1757,0
            16.10502,51.16664,0
            16.10506,51.16664,0
            16.12398,51.16313,0
            16.12402,51.16313,0
            16.12873,51.1623,0
            16.12997,51.16214,0
            16.13221,51.16195,0
            16.18696,51.16025,0
            16.18824,51.16014,0
            16.19007,51.15992,0
            16.19267,51.15951,0
            16.19267,51.1595,0
            16.21147,51.15636,0
            16.21149,51.15635,0
            16.22367,51.15432,0
            16.22374,51.1543,0
            16.22417,51.15423,0
            16.22422,51.15423,0
            16.22845,51.15352,0
            16.22848,51.15352,0
            16.23176,51.15295,0
            16.23179,51.15295,0
            16.23478,51.15244,0
            16.23481,51.15244,0
            16.26042,51.14816,0
            16.26044,51.14815,0
            16.26234,51.14774,0
            16.2637,51.14737,0
            16.26532,51.14687,0
            16.26674,51.14635,0
            16.28527,51.13896,0
            16.28528,51.13896,0
            16.30092,51.13273,0
            16.30104,51.13267,0
            16.30376,51.13163,0
            16.30667,51.13073,0
            16.30865,51.13027,0
            16.30994,51.13002,0
            16.31135,51.1298,0
            16.31336,51.12956,0
            16.34975,51.12763,0
            16.35101,51.1275,0
            16.35355,51.12712,0
            16.35874,51.12597,0
            16.35917,51.12585,0
            16.36146,51.12534,0
            16.36436,51.1246,0
            16.36593,51.12411,0
            16.36753,51.12351,0
            16.36947,51.12265,0
            16.39387,51.11059,0
            16.39464,51.11015,0
            16.39584,51.1094,0
            16.39673,51.10878,0
            16.39812,51.10767,0
            16.39892,51.10692,0
            16.4016,51.10422,0
            16.402,51.10385,0
            16.40239,51.10341,0
            16.40285,51.10297,0
            16.40348,51.10224,0
            16.40432,51.10112,0
            16.40501,51.1,0
            16.4075,51.09563,0
            16.40832,51.09449,0
            16.40942,51.09316,0
            16.41029,51.09229,0
            16.41199,51.09085,0
            16.41251,51.09047,0
            16.41254,51.09044,0
            16.41687,51.08726,0
            16.4183,51.0863,0
            16.41904,51.08586,0
            16.42085,51.08489,0
            16.42234,51.08421,0
            16.42401,51.08355,0
            16.42617,51.08283,0
            16.44537,51.07734,0
            16.4454,51.07734,0
            16.45019,51.07597,0
            16.4502,51.07596,0
            16.45047,51.0759,0
            16.45165,51.07556,0
            16.45166,51.07555,0
            16.45342,51.07506,0
            16.45719,51.07389,0
            16.47226,51.06844,0
            16.47267,51.06832,0
            16.47345,51.06804,0
            16.47502,51.06757,0
            16.47691,51.06709,0
            16.47745,51.06698,0
            16.47747,51.06697,0
            16.47874,51.06673,0
            16.4811,51.06638,0
            16.49031,51.06524,0
            16.49033,51.06523,0
            16.49705,51.0644,0
            16.49707,51.06439,0
            16.50293,51.06367,0
            16.50296,51.06366,0
            16.50948,51.06282,0
            16.51213,51.06229,0
            16.55684,51.05112,0
            16.5596,51.05053,0
            16.58123,51.04642,0
            16.58415,51.04575,0
            16.58637,51.04518,0
            16.61614,51.03689,0
            16.61616,51.03689,0
            16.62208,51.03525,0
            16.62458,51.03464,0
            16.65875,51.02833,0
            16.66311,51.02729,0
            16.68803,51.0203,0
            16.69091,51.01975,0
            16.69437,51.01938,0
            16.69637,51.01927,0
            16.73874,51.01963,0
            16.74114,51.0197,0
            16.74457,51.0199,0
            16.75487,51.0208,0
            16.75491,51.02081,0
            16.77393,51.02249,0
            16.77619,51.02281,0
            16.77951,51.02351,0
            16.78228,51.02435,0
            16.78381,51.02491,0
            16.78628,51.026,0
            16.78844,51.02717,0
            16.79328,51.03008,0
            16.79474,51.03088,0
            16.79688,51.0319,0
            16.79936,51.03285,0
            16.80132,51.03346,0
            16.80343,51.03398,0
            16.80508,51.03431,0
            16.80736,51.03466,0
            16.80951,51.03487,0
            16.81237,51.03499,0
            16.85759,51.03488,0
            16.86133,51.03498,0
            16.86573,51.03528,0
            16.86577,51.03529,0
            16.87898,51.03652,0
            16.879,51.03653,0
            16.90644,51.03908,0
            16.91206,51.03979,0
            16.91512,51.04031,0
            16.91515,51.04031,0
            16.91753,51.04078,0
            16.95435,51.04946,0
            16.95676,51.04989,0
            16.96022,51.05027,0
            16.96216,51.05036,0
            16.96405,51.05036,0
            16.96713,51.05021,0
            16.96903,51.05001,0
            16.97118,51.04967,0
            16.97276,51.04935,0
            16.97401,51.04905,0
            16.97634,51.04838,0
            16.97639,51.04832,0
            16.97646,51.04827,0
            16.97653,51.04824,0
            16.97671,51.04813,0
            16.97685,51.04801,0
            16.97695,51.04787,0
            16.97698,51.04775,0
            16.97698,51.04764,0
            16.97697,51.04759,0
            16.97695,51.04754,0
            16.97689,51.04745,0
            16.97678,51.04734,0
            16.97666,51.04727,0
            16.97648,51.0472,0
            16.9763,51.04716,0
            16.9758,51.04713,0
            16.97526,51.04726,0
            16.97458,51.0475,0
            16.97457,51.0475,0
            16.97259,51.04822,0
            16.97256,51.04825,0
            16.97244,51.04831,0
            16.9723,51.0484,0
            16.97228,51.04843,0
            16.97222,51.04849,0
            16.97217,51.0486,0
            16.97217,51.04864,0
            16.97216,51.04865,0
            16.97216,51.04879,0
            16.97219,51.04894,0
            16.97436,51.05092,0
            16.9749,51.05132,0
            16.9877,51.0587,0
            16.98852,51.05909,0
            16.9894,51.0594,0
            16.99554,51.06092,0
            16.9963,51.06114,0
            16.99734,51.06151,0
            17.00075,51.06295,0
            17.00138,51.06337,0
            17.00177,51.06372,0
            17.00202,51.06403,0
            17.00597,51.07121,0
            17.00639,51.07219,0
            17.00672,51.07281,0
            17.00703,51.07328,0
            17.00736,51.07385,0
            17.00746,51.07412,0
            17.00752,51.07438,0
            17.00753,51.0744,0
            17.00756,51.07713,0
            17.00763,51.07833,0
            17.00768,51.07873,0
            17.00782,51.0792,0
            17.00795,51.07948,0
            17.00819,51.07989,0
            17.00821,51.07991,0
            17.00847,51.08033,0
            17.00859,51.08049,0
            17.01165,51.08557,0
            17.01205,51.08609,0
            17.01218,51.08623,0
            17.01225,51.08633,0
            17.01273,51.08678,0
            17.01563,51.08929,0
            17.01577,51.08933,0
            17.01598,51.08933,0
            17.01598,51.08932,0
            17.01607,51.08931,0
            17.01613,51.08929,0
            17.0162,51.08929,0
            17.01633,51.08927,0
            17.01658,51.08927,0
            17.0166,51.08928,0
            17.01667,51.08928,0
            17.01669,51.08929,0
            17.01682,51.0893,0
            17.01723,51.08942,0
            17.01739,51.08949,0
            17.0175,51.08956,0
            17.01763,51.08967,0
            17.01772,51.08978,0
            17.0178,51.08994,0
            17.01782,51.09,0
            17.01784,51.09017,0
            17.01783,51.09029,0
            17.01777,51.09046,0
            17.01776,51.09046,0
            17.01774,51.0905,0
            17.01764,51.09064,0
            17.01756,51.09069,0
            17.01751,51.09083,0
            17.01751,51.09085,0
            17.0175,51.09085,0
            17.0175,51.09088,0
            17.01749,51.0909,0
            17.0175,51.09092,0
            17.0175,51.09094,0
            17.01946,51.09258,0
            17.01956,51.09265,0
            17.02021,51.0932,0
            17.02034,51.09333,0
            17.02051,51.09345,0
            17.02051,51.09346,0
            17.02182,51.09457,0
            17.02184,51.09458,0
            17.02196,51.09471,0
            17.02502,51.09725,0
            17.02579,51.09794,0
            17.02659,51.09874,0
            17.02825,51.10016,0
            17.0292,51.1011,0
            17.02924,51.10117,0
            17.02928,51.10122,0
            17.02935,51.10135,0
            17.02935,51.10136,0
            17.02936,51.10137,0
            17.02937,51.1014,0
            17.02992,51.10242,0
            17.03022,51.1028,0
            17.03027,51.10291,0
            17.03029,51.10303,0
            17.03029,51.10307,0
            17.03033,51.10324,0
            17.03105,51.10476,0
            17.03107,51.10477,0
            17.0311,51.1048,0
            17.03111,51.1048,0
            17.03112,51.10481,0
            17.03114,51.10481,0
            17.03115,51.10482,0
            17.03204,51.10478,0
            17.03206,51.10479,0
            17.03208,51.10479,0
            17.03209,51.1048,0
            17.03215,51.10481,0
            17.03252,51.10494,0
            17.03255,51.10496,0
            17.03259,51.10497,0
            17.03266,51.10503,0
            17.03273,51.10511,0
            17.03285,51.10531,0
            17.03296,51.10542,0
            17.03299,51.10544,0
            17.03315,51.10562,0
            17.03326,51.10582,0
            17.03342,51.10623,0
            17.03349,51.10666,0
            17.03349,51.10711,0
            17.034,51.10708,0
            17.03525,51.1071,0
            17.0357,51.10716,0
            17.03612,51.10725,0
            17.03649,51.1074,0
            17.03733,51.10761,0
            17.03792,51.10763,0
            17.03814,51.10762,0
            17.0384,51.10769,0
            17.03874,51.10785,0
            17.03875,51.10786,0
            17.03878,51.10787,0
            17.03883,51.10792,0
            17.03885,51.10795,0
            17.03892,51.10825,0
            17.03892,51.10832,0
            17.03891,51.10838,0
            17.03877,51.10871,0
            17.03876,51.10876,0
            17.03876,51.10884,0
            17.03877,51.10887,0
            17.03879,51.1089,0
            17.03882,51.10892,0
            17.03884,51.10895,0
            17.03895,51.10901,0
            17.03914,51.10905,0
            17.03929,51.10905,0
            17.03956,51.10901,0
            17.04067,51.10906,0
            17.04069,51.11068,0
            17.03905,51.11071,0
            17.03845,51.10878,0
            17.03843,51.10868,0
            17.03843,51.1086,0
            17.03844,51.10856,0
            17.03844,51.10852,0
            17.0385,51.1082,0
            17.03844,51.10812,0
            17.03839,51.10807,0
            17.03831,51.10803,0
            17.03822,51.10802,0
            17.03821,51.10801,0
            17.03805,51.10799,0
            17.0377,51.10798,0
            17.03729,51.10793,0
            17.03713,51.10789,0
            17.03698,51.10787,0
            17.03627,51.1076,0
            17.03587,51.10737,0
            17.03581,51.10735,0
            17.03544,51.10729,0
            17.03473,51.10724,0
            17.034,51.10724,0
            17.03336,51.10728,0
            17.03231,51.10744,0
            17.02817,51.10838,0
            17.02805,51.10842,0
            17.02772,51.10857,0
            17.02753,51.1087,0
            17.02729,51.10892,0
            17.02724,51.10898,0
            17.02712,51.10918,0
            17.02707,51.10929,0
            17.02688,51.10988,0
            17.02683,51.10998,0
            17.02679,51.11019,0
            17.02679,51.11033,0
            17.0268,51.11037,0
            17.0268,51.11044,0
            17.02692,51.11075,0
            17.02716,51.11123,0
            17.02728,51.11139,0
            17.02757,51.11197,0
            17.02768,51.11213,0
            17.0278,51.11227,0
            17.02791,51.11236,0
            17.02816,51.11252,0
            17.02838,51.11261,0
            17.03022,51.11295,0
            17.03039,51.11296,0
            17.03067,51.11303,0
            17.03069,51.11304,0
            17.03074,51.11305,0
            17.03159,51.11334,0
            17.03158,51.1134,0
            17.03085,51.11462,0
            17.03083,51.11467,0
            17.03077,51.11477,0
            17.0307,51.11499,0
            17.03071,51.11508,0
            17.03077,51.1152,0
            17.03175,51.11675,0
            17.03198,51.11722,0
            17.03201,51.1174,0
            17.032,51.11765,0
            17.03198,51.11777,0
            17.03185,51.11826,0
            17.03183,51.1183,0
            17.03146,51.11954,0
            17.03141,51.11959,0
            17.03074,51.12184,0
            17.03065,51.12204,0
            17.02938,51.12414,0
            17.02922,51.12436,0
            17.02827,51.12547,0
            17.02827,51.12552,0
            17.02824,51.12558,0
            17.0281,51.12575,0
            17.02787,51.12612,0
            17.02788,51.12621,0
            17.02783,51.12646,0
            17.02783,51.1265,0
            17.02775,51.12688,0
            17.02776,51.1269,0
            17.02778,51.12701,0
            17.02759,51.12911,0
            17.02759,51.12942,0
            17.02817,51.13275,0
            17.02824,51.13294,0
            17.02837,51.1332,0
            17.02851,51.1343,0
            17.02861,51.13467,0
            17.02873,51.13498,0
            17.02906,51.13554,0
            17.03158,51.13918,0
            17.03158,51.13919,0
            17.03179,51.13944,0
            17.03231,51.13997,0
            17.03239,51.14008,0
            17.03244,51.14017,0
            17.03246,51.14019,0
            17.0325,51.14035,0
            17.03249,51.14046,0
            17.03029,51.14778,0
            17.03025,51.148,0
            17.02989,51.14904,0
            17.02947,51.15043,0
            17.02934,51.15097,0
            17.02859,51.15328,0
            17.02858,51.15335,0
            17.02857,51.15337,0
            17.02857,51.15339,0
            17.02856,51.1534,0
            17.02853,51.15376,0
            17.0286,51.15426,0
            17.02888,51.1554,0
            17.02894,51.15552,0
            17.02904,51.15595,0
            17.02906,51.15632,0
            17.02904,51.15662,0
            17.02893,51.15701,0
            17.02885,51.15719,0
            17.02881,51.15732,0
            17.02833,51.15829,0
            17.02813,51.15878,0
            17.02787,51.15958,0
            17.02774,51.16012,0
            17.02774,51.16016,0
            17.02771,51.16029,0
            17.0277,51.16039,0
            17.02767,51.16052,0
            17.02758,51.16138,0
            17.02759,51.16207,0
            17.02776,51.16354,0
            17.02776,51.16362,0
            17.02783,51.1641,0
            17.02817,51.16476,0
            17.02832,51.16496,0
            17.02848,51.16514,0
            17.02944,51.16599,0
            17.02996,51.1665,0
            17.03023,51.16682,0
            17.03285,51.16943,0
            17.03379,51.17027,0
            17.03525,51.17144,0
            17.04268,51.17658,0
            17.04403,51.17762,0
            17.04557,51.17896,0
            17.046,51.17943,0
            17.04662,51.18002,0
            17.04734,51.18085,0
            17.04822,51.18198,0
            17.04823,51.18198,0
            17.04986,51.18459,0
            17.05049,51.18603,0
            17.0505,51.18604,0
            17.05082,51.18692,0
            17.05105,51.1877,0
            17.05177,51.19065,0
            17.05204,51.19206,0
            17.05268,51.19455,0
            17.05326,51.19724,0
            17.05402,51.20034,0
            17.05423,51.20151,0
            17.05429,51.20238,0
            17.05433,51.20267,0
            17.05432,51.20313,0
            17.05425,51.20368,0
            17.05396,51.205,0
            17.0538,51.20554,0
            17.05327,51.20668,0
            17.05309,51.20699,0
            17.05307,51.20704,0
            17.05217,51.20834,0
            17.05153,51.20911,0
            17.05093,51.20974,0
            17.05023,51.21033,0
            17.04916,51.21115,0
            17.04757,51.21214,0
            17.04306,51.21477,0
            17.04195,51.21551,0
            17.04063,51.2165,0
            17.03977,51.21725,0
            17.03884,51.21817,0
            17.03778,51.21942,0
            17.03716,51.2203,0
            17.03669,51.22106,0
            17.03643,51.22155,0
            17.03593,51.22262,0
            17.03562,51.22352,0
            17.03539,51.22444,0
            17.03526,51.22524,0
            17.03518,51.22607,0
            17.03519,51.22673,0
            17.03537,51.22875,0
            17.03609,51.23444,0
            17.0361,51.23446,0
            17.03637,51.23671,0
            17.03637,51.23677,0
            17.03778,51.24798,0
            17.03787,51.24849,0
            17.03825,51.24991,0
            17.03856,51.2509,0
            17.03876,51.25143,0
            17.03959,51.2533,0
            17.03997,51.25393,0
            17.04027,51.25452,0
            17.04116,51.25587,0
            17.04609,51.26267,0
            17.04612,51.2627,0
            17.04659,51.26337,0
            17.04729,51.2645,0
            17.04755,51.26501,0
            17.048,51.26605,0
            17.04827,51.26687,0
            17.04838,51.26728,0
            17.0486,51.26849,0
            17.04866,51.2693,0
            17.04857,51.27092,0
            17.04841,51.27194,0
            17.0468,51.27938,0
            17.0468,51.27942,0
            17.04632,51.28152,0
            17.04632,51.28155,0
            17.04525,51.28647,0
            17.04504,51.28716,0
            17.04489,51.28756,0
            17.04456,51.2882,0
            17.04408,51.28896,0
            17.04375,51.28939,0
            17.04332,51.28989,0
            17.04259,51.29061,0
            17.03974,51.29306,0
            17.03839,51.29435,0
            17.03791,51.29489,0
            17.03732,51.29572,0
            17.03712,51.29605,0
            17.03671,51.29692,0
            17.03652,51.29748,0
            17.03639,51.29804,0
            17.03632,51.29857,0
            17.03629,51.29932,0
            17.03633,51.30029,0
            17.03674,51.30364,0
            17.03674,51.30373,0
            17.03765,51.31145,0
            17.03767,51.31253,0
            17.03765,51.31322,0
            17.03744,51.31495,0
            17.03711,51.31635,0
            17.03691,51.31697,0
            17.03633,51.31853,0
            17.03577,51.31961,0
            17.03494,51.32099,0
            17.03392,51.32242,0
            17.0334,51.32305,0
            17.03338,51.32306,0
            17.03267,51.32386,0
            17.03175,51.32478,0
            17.03061,51.32581,0
            17.02925,51.32688,0
            17.0216,51.33246,0
            17.01897,51.33458,0
            17.0167,51.33668,0
            17.00859,51.34471,0
            17.00674,51.34622,0
            17.00461,51.3476,0
            17.00227,51.34883,0
            16.99951,51.34998,0
            16.99832,51.3504,0
            16.9971,51.35078,0
            16.99492,51.35135,0
            16.99358,51.35163,0
            16.99159,51.35198,0
            16.98893,51.3523,0
            16.98712,51.35242,0
            16.97591,51.35271,0
            16.97343,51.35283,0
            16.97224,51.35293,0
            16.96947,51.35331,0
            16.96807,51.35358,0
            16.96519,51.35432,0
            16.96412,51.35466,0
            16.9628,51.35514,0
            16.96068,51.35606,0
            16.95851,51.35725,0
            16.9434,51.36744,0
            16.94135,51.36893,0
            16.94013,51.36997,0
            16.93904,51.37107,0
            16.93833,51.37193,0
            16.93735,51.37337,0
            16.93643,51.37511,0
            16.93589,51.3771,0
            16.93582,51.37755,0
            16.9358,51.37782,0
            16.93577,51.38101,0
            16.93599,51.38621,0
            16.93594,51.3873,0
            16.93585,51.38801,0
            16.93561,51.38922,0
            16.93523,51.39049,0
            16.93478,51.39151,0
            16.93419,51.39268,0
            16.93353,51.39366,0
            16.93285,51.39451,0
            16.93104,51.3964,0
            16.93012,51.39721,0
            16.92869,51.39831,0
            16.92096,51.4035,0
            16.92085,51.40356,0
            16.91401,51.40813,0
            16.91218,51.40945,0
            16.91002,51.41124,0
            16.90389,51.41705,0
            16.90317,51.41781,0
            16.90266,51.41842,0
            16.90161,51.4199,0
            16.90111,51.42076,0
            16.90077,51.42145,0
            16.90043,51.42227,0
            16.90022,51.42288,0
            16.89989,51.4241,0
            16.89971,51.42528,0
            16.89966,51.42627,0
            16.89968,51.42715,0
            16.89978,51.42825,0
            16.89997,51.42958,0
            16.90012,51.43108,0
            16.9002,51.43247,0
            16.9,51.43456,0
            16.89991,51.43509,0
            16.89956,51.43662,0
            16.89895,51.4385,0
            16.89822,51.44001,0
            16.89762,51.44107,0
            16.8976,51.44109,0
            16.89714,51.44185,0
            16.89621,51.44316,0
            16.89558,51.44394,0
            16.89418,51.44548,0
            16.88816,51.45133,0
            16.88816,51.45134,0
            16.88763,51.45187,0
            16.88689,51.45272,0
            16.88577,51.45417,0
            16.88534,51.45494,0
            16.88488,51.456,0
            16.88452,51.45705,0
            16.88438,51.45767,0
            16.88424,51.45872,0
            16.88421,51.45912,0
            16.88425,51.46045,0
            16.88428,51.46071,0
            16.88457,51.46203,0
            16.88507,51.46331,0
            16.88584,51.46472,0
            16.88667,51.46591,0
            16.88738,51.46671,0
            16.88802,51.46736,0
            16.88892,51.46816,0
            16.89009,51.46906,0
            16.89699,51.47409,0
            16.89856,51.47541,0
            16.89858,51.47542,0
            16.8993,51.47602,0
            16.90174,51.47871,0
            16.90271,51.48002,0
            16.90353,51.48139,0
            16.90444,51.48333,0
            16.90497,51.48494,0
            16.90535,51.48689,0
            16.90543,51.48754,0
            16.9055,51.48892,0
            16.90551,51.48897,0
            16.90552,51.48935,0
            16.90539,51.49108,0
            16.90517,51.49241,0
            16.9048,51.49359,0
            16.90416,51.49512,0
            16.90352,51.4965,0
            16.90268,51.49793,0
            16.90203,51.49894,0
            16.89748,51.50522,0
            16.89606,51.50707,0
            16.89604,51.50711,0
            16.89347,51.51068,0
            16.89336,51.51081,0
            16.89298,51.51141,0
            16.89186,51.51286,0
            16.89182,51.5129,0
            16.89143,51.51347,0
            16.89036,51.51489,0
            16.88863,51.51738,0
            16.88746,51.51933,0
            16.87596,51.53994,0
            16.87563,51.5407,0
            16.87508,51.54216,0
            16.87467,51.54391,0
            16.87416,51.54756,0
            16.87391,51.54864,0
            16.8737,51.54921,0
            16.87341,51.54979,0
            16.87238,51.5513,0
            16.87181,51.5518,0
            16.87166,51.55188,0
            16.87097,51.55247,0
            16.87041,51.55288,0
            16.8704,51.55288,0
            16.86943,51.55349,0
            16.86749,51.55454,0
            16.86589,51.55549,0
            16.86478,51.55626,0
            16.86415,51.55681,0
            16.86332,51.5577,0
            16.86288,51.55832,0
            16.86249,51.55899,0
            16.8622,51.55967,0
            16.86196,51.56048,0
            16.86196,51.56053,0
            16.86186,51.56113,0
            16.86181,51.56166,0
            16.86184,51.56311,0
            16.86181,51.564,0
            16.86172,51.56521,0
            16.8616,51.56592,0
            16.86105,51.56774,0
            16.85911,51.57235,0
            16.85822,51.57431,0
            16.85768,51.57509,0
            16.85766,51.57511,0
            16.85747,51.57541,0
            16.85669,51.57632,0
            16.85597,51.57699,0
            16.85548,51.5774,0
            16.85426,51.5783,0
            16.85333,51.57885,0
            16.8521,51.57949,0
            16.85085,51.58004,0
            16.85084,51.58004,0
            16.84865,51.58094,0
            16.84751,51.58146,0
            16.84577,51.58218,0
            16.84573,51.58219,0
            16.84235,51.58366,0
            16.84085,51.58441,0
            16.83955,51.58512,0
            16.83768,51.58625,0
            16.83371,51.58884,0
            16.83369,51.58886,0
            16.83368,51.58886,0
            16.83349,51.58899,0
            16.83348,51.58899,0
            16.81449,51.60121,0
            16.81443,51.60126,0
            16.80733,51.60577,0
            16.80521,51.60728,0
            16.8041,51.60817,0
            16.80207,51.61004,0
            16.80032,51.61202,0
            16.79937,51.61329,0
            16.79892,51.61396,0
            16.79798,51.61563,0
            16.79756,51.61651,0
            16.79717,51.61746,0
            16.79674,51.61878,0
            16.7964,51.62019,0
            16.7963,51.6208,0
            16.79614,51.62215,0
            16.79611,51.62271,0
            16.79615,51.62406,0
            16.79621,51.62486,0
            16.79622,51.62488,0
            16.79643,51.62627,0
            16.79671,51.62746,0
            16.79696,51.62826,0
            16.79732,51.62925,0
            16.7979,51.63052,0
            16.79882,51.63231,0
            16.79967,51.6342,0
            16.8001,51.63535,0
            16.80046,51.6365,0
            16.80081,51.63792,0
            16.80103,51.63904,0
            16.80117,51.64009,0
            16.80128,51.64206,0
            16.80121,51.64429,0
            16.80085,51.6467,0
            16.80051,51.64816,0
            16.80013,51.6494,0
            16.79963,51.65075,0
            16.79932,51.65146,0
            16.7985,51.65314,0
            16.7977,51.65452,0
            16.79702,51.65556,0
            16.79559,51.65748,0
            16.79438,51.65892,0
            16.79435,51.65894,0
            16.7934,51.65996,0
            16.79216,51.66117,0
            16.79076,51.66241,0
            16.76833,51.68022,0
            16.76759,51.68075,0
            16.76577,51.68188,0
            16.76423,51.68272,0
            16.76263,51.68352,0
            16.76091,51.68429,0
            16.75523,51.68647,0
            16.75244,51.68769,0
            16.7511,51.68836,0
            16.74315,51.69283,0
            16.74307,51.69289,0
            16.74295,51.69295,0
            16.74089,51.69434,0
            16.73916,51.69567,0
            16.73786,51.69679,0
            16.73697,51.69766,0
            16.73605,51.69864,0
            16.73522,51.69962,0
            16.73454,51.70053,0
            16.73359,51.70199,0
            16.73191,51.70494,0
            16.73058,51.70692,0
            16.72983,51.70789,0
            16.72779,51.71008,0
            16.7261,51.71158,0
            16.725,51.71242,0
            16.72188,51.7146,0
            16.68826,51.73663,0
            16.68826,51.73664,0
            16.68344,51.73974,0
            16.67982,51.74188,0
            16.67796,51.74311,0
            16.67651,51.74414,0
            16.67537,51.74505,0
            16.67361,51.74658,0
            16.66927,51.75091,0
            16.66759,51.7524,0
            16.66639,51.75336,0
            16.66407,51.75509,0
            16.66123,51.75691,0
            16.65941,51.75792,0
            16.65784,51.75872,0
            16.65558,51.75976,0
            16.64596,51.76394,0
            16.64462,51.76459,0
            16.64371,51.76509,0
            16.64273,51.76569,0
            16.64116,51.76677,0
            16.6402,51.76753,0
            16.63918,51.76842,0
            16.63868,51.76892,0
            16.63741,51.77037,0
            16.63679,51.77121,0
            16.63599,51.77253,0
            16.63567,51.77313,0
            16.63467,51.77563,0
            16.63414,51.7771,0
            16.63346,51.77864,0
            16.63261,51.78027,0
            16.63195,51.78134,0
            16.63129,51.78229,0
            16.63024,51.78364,0
            16.6297,51.78427,0
            16.62856,51.78547,0
            16.6269,51.78702,0
            16.62687,51.78704,0
            16.62673,51.78718,0
            16.62672,51.78718,0
            16.62042,51.79256,0
            16.6204,51.79257,0
            16.61924,51.79356,0
            16.61778,51.79472,0
            16.61777,51.79472,0
            16.61742,51.79501,0
            16.61518,51.79664,0
            16.61517,51.79664,0
            16.61323,51.79793,0
            16.60963,51.79992,0
            16.60718,51.8011,0
            16.60547,51.80183,0
            16.60396,51.80241,0
            16.60019,51.80369,0
            16.60018,51.8037,0
            16.59829,51.80425,0
            16.59517,51.80503,0
            16.59221,51.80565,0
            16.5892,51.80617,0
            16.57811,51.80768,0
            16.57806,51.80768,0
            16.56212,51.8098,0
            16.55646,51.81047,0
            16.52659,51.81348,0
            16.52386,51.81391,0
            16.52193,51.81432,0
            16.52011,51.81481,0
            16.52007,51.81483,0
            16.51928,51.81507,0
            16.51927,51.81507,0
            16.517,51.81588,0
            16.51485,51.81682,0
            16.51405,51.81723,0
            16.51261,51.81804,0
            16.51127,51.8189,0
            16.51061,51.81938,0
            16.50915,51.8206,0
            16.50848,51.82124,0
            16.50767,51.82211,0
            16.50729,51.82256,0
            16.50668,51.82336,0
            16.50617,51.82413,0
            16.50576,51.82486,0
            16.50552,51.82536,0
            16.50498,51.82667,0
            16.50477,51.82734,0
            16.50449,51.82863,0
            16.5044,51.82957,0
            16.50439,51.83024,0
            16.5045,51.83159,0
            16.50469,51.83266,0
            16.50478,51.83302,0
            16.50501,51.83373,0
            16.50533,51.83457,0
            16.50571,51.83537,0
            16.50633,51.83645,0
            16.50688,51.83723,0
            16.50762,51.83817,0
            16.50845,51.83906,0
            16.50976,51.84031,0
            16.50977,51.84033,0
            16.51335,51.84359,0
            16.51492,51.84528,0
            16.5158,51.84634,0
            16.5168,51.84775,0
            16.51722,51.84842,0
            16.5179,51.84961,0
            16.51824,51.85029,0
            16.51878,51.85154,0
            16.51919,51.8527,0
            16.51936,51.85329,0
            16.51965,51.85456,0
            16.51977,51.8553,0
            16.51996,51.85731,0
            16.51997,51.85776,0
            16.51991,51.85925,0
            16.51977,51.8605,0
            16.51967,51.86101,0
            16.51964,51.86126,0
            16.51938,51.86236,0
            16.51903,51.8635,0
            16.51863,51.86455,0
            16.51806,51.86586,0
            16.51725,51.86736,0
            16.51669,51.86827,0
            16.51475,51.87099,0
            16.51348,51.87289,0
            16.51312,51.87349,0
            16.51249,51.87466,0
            16.51202,51.87568,0
            16.51175,51.87635,0
            16.51175,51.87636,0
            16.5117,51.87652,0
            16.5117,51.87653,0
            16.51164,51.87669,0
            16.51163,51.8767,0
            16.51117,51.87817,0
            16.51083,51.87961,0
            16.51066,51.88078,0
            16.51066,51.88088,0
            16.51065,51.88093,0
            16.51057,51.88218,0
            16.5107,51.88452,0
            16.51099,51.88615,0
            16.51099,51.8862,0
            16.51117,51.88695,0
            16.51148,51.88799,0
            16.51202,51.88936,0
            16.51414,51.89392,0
            16.51474,51.89535,0
            16.51494,51.89591,0
            16.51549,51.89705,0
            16.5155,51.89706,0
            16.51578,51.89779,0
            16.51628,51.89957,0
            16.51641,51.90021,0
            16.51642,51.90023,0
            16.51661,51.90149,0
            16.51668,51.90257,0
            16.5167,51.90382,0
            16.5166,51.90524,0
            16.51636,51.90688,0
            16.51601,51.90836,0
            16.51596,51.90865,0
            16.51573,51.91091,0
            16.51573,51.912,0
            16.51576,51.91255,0
            16.51595,51.91371,0
            16.51611,51.91436,0
            16.51645,51.91527,0
            16.51645,51.91528,0
            16.51709,51.91664,0
            16.51776,51.91775,0
            16.51853,51.91872,0
            16.51996,51.92022,0
            16.52107,51.92117,0
            16.52226,51.92205,0
            16.52445,51.92345,0
            16.52537,51.92397,0
            16.53479,51.9297,0
            16.53718,51.93143,0
            16.53767,51.93184,0
            16.53768,51.93186,0
            16.53907,51.93307,0
            16.53986,51.93384,0
            16.54023,51.93425,0
            16.54076,51.9349,0
            16.54077,51.9349,0
            16.54136,51.93561,0
            16.54213,51.93662,0
            16.54336,51.93841,0
            16.54387,51.93945,0
            16.54413,51.94009,0
            16.54448,51.94082,0
            16.54478,51.94159,0
            16.54548,51.94387,0
            16.5457,51.94477,0
            16.5461,51.94609,0
            16.5461,51.94611,0
            16.54625,51.94663,0
            16.54637,51.94696,0
            16.54695,51.9489,0
            16.5472,51.94955,0
            16.54786,51.95195,0
            16.54799,51.95225,0
            16.54837,51.95365,0
            16.54854,51.95452,0
            16.54875,51.95643,0
            16.54874,51.9579,0
            16.54862,51.9592,0
            16.54836,51.96071,0
            16.5482,51.96139,0
            16.54791,51.96232,0
            16.54717,51.96405,0
            16.54559,51.96729,0
            16.54382,51.97064,0
            16.54348,51.97122,0
            16.54153,51.97506,0
            16.54082,51.97634,0
            16.54082,51.97635,0
            16.53967,51.97855,0
            16.53947,51.97889,0
            16.53945,51.97894,0
            16.53933,51.97913,0
            16.53901,51.97974,0
            16.53901,51.97975,0
            16.53813,51.98149,0
            16.53773,51.98237,0
            16.53754,51.98292,0
            16.53733,51.98371,0
            16.53715,51.9852,0
            16.53731,51.98668,0
            16.53731,51.9868,0
            16.53764,51.98803,0
            16.53764,51.98805,0
            16.53778,51.98838,0
            16.53858,51.98992,0
            16.53859,51.98993,0
            16.53866,51.99006,0
            16.53881,51.99028,0
            16.53923,51.99106,0
            16.53945,51.99138,0
            16.54059,51.99327,0
            16.54121,51.99456,0
            16.54142,51.99534,0
            16.54151,51.99577,0
            16.54161,51.99647,0
            16.54166,51.99746,0
            16.54171,51.99782,0
            16.54178,51.99894,0
            16.54181,52.00021,0
            16.54201,52.00295,0
            16.5422,52.00793,0
            16.5423,52.00916,0
            16.54229,52.0108,0
            16.54246,52.01425,0
            16.54252,52.01477,0
            16.54257,52.01639,0
            16.5426,52.01674,0
            16.5426,52.01751,0
            16.54265,52.01852,0
            16.54269,52.01886,0
            16.54277,52.02161,0
            16.54285,52.02282,0
            16.54286,52.02286,0
            16.54294,52.0244,0
            16.54309,52.02523,0
            16.54333,52.02621,0
            16.54368,52.02724,0
            16.54399,52.02799,0
            16.54427,52.02856,0
            16.54495,52.0297,0
            16.54558,52.03059,0
            16.54627,52.03143,0
            16.54708,52.03231,0
            16.54712,52.03234,0
            16.54727,52.03251,0
            16.54915,52.03422,0
            16.54941,52.03443,0
            16.54947,52.0345,0
            16.55263,52.03731,0
            16.55292,52.0376,0
            16.55994,52.04384,0
            16.55999,52.04387,0
            16.56111,52.04489,0
            16.56324,52.04665,0
            16.5712,52.05284,0
            16.57124,52.05286,0
            16.58411,52.06289,0
            16.58518,52.06379,0
            16.58518,52.0638,0
            16.58556,52.06412,0
            16.5864,52.06491,0
            16.58736,52.06594,0
            16.58813,52.06692,0
            16.5889,52.06807,0
            16.59332,52.07548,0
            16.59349,52.07573,0
            16.59449,52.07744,0
            16.59449,52.07745,0
            16.59467,52.07779,0
            16.59647,52.08057,0
            16.59789,52.08255,0
            16.59974,52.08481,0
            16.60077,52.08597,0
            16.60078,52.08599,0
            16.60271,52.08799,0
            16.60424,52.08945,0
            16.60649,52.09143,0
            16.60667,52.09156,0
            16.6073,52.0921,0
            16.61046,52.09449,0
            16.61329,52.09644,0
            16.6174,52.09905,0
            16.6176,52.09916,0
            16.61909,52.10013,0
            16.6195,52.10037,0
            16.62019,52.10086,0
            16.62455,52.10354,0
            16.62509,52.10392,0
            16.62598,52.10447,0
            16.62599,52.10447,0
            16.62772,52.10556,0
            16.62903,52.10631,0
            16.63464,52.10992,0
            16.63469,52.10994,0
            16.63659,52.11111,0
            16.63971,52.11321,0
            16.6412,52.1143,0
            16.6423,52.11539,0
            16.64353,52.11674,0
            16.64416,52.11756,0
            16.64492,52.11877,0
            16.64552,52.11989,0
            16.64575,52.12043,0
            16.64705,52.12406,0
            16.6472,52.1244,0
            16.64728,52.12471,0
            16.64803,52.12675,0
            16.64886,52.1285,0
            16.64887,52.12851,0
            16.65019,52.1308,0
            16.65121,52.13221,0
            16.6522,52.13347,0
            16.65296,52.13434,0
            16.66241,52.14456,0
            16.66334,52.14567,0
            16.66416,52.14687,0
            16.66469,52.1478,0
            16.66506,52.14855,0
            16.66541,52.14942,0
            16.66586,52.15087,0
            16.66661,52.15407,0
            16.66717,52.15593,0
            16.66763,52.15698,0
            16.66799,52.15771,0
            16.66907,52.15935,0
            16.66996,52.16043,0
            16.67128,52.16178,0
            16.67221,52.16259,0
            16.67359,52.16364,0
            16.69397,52.17694,0
            16.6953,52.17787,0
            16.69662,52.17898,0
            16.69797,52.18037,0
            16.69858,52.18115,0
            16.69913,52.18201,0
            16.69967,52.18301,0
            16.70002,52.18384,0
            16.70018,52.18429,0
            16.70037,52.18507,0
            16.70038,52.18508,0
            16.70049,52.18562,0
            16.70061,52.1867,0
            16.70059,52.18769,0
            16.70049,52.18855,0
            16.70047,52.18864,0
            16.70046,52.18865,0
            16.70023,52.18957,0
            16.70004,52.19008,0
            16.69989,52.19057,0
            16.69952,52.19147,0
            16.69919,52.19214,0
            16.69906,52.19234,0
            16.69882,52.19294,0
            16.69864,52.19329,0
            16.69836,52.19397,0
            16.69836,52.19399,0
            16.69831,52.19412,0
            16.69808,52.19505,0
            16.698,52.19558,0
            16.69794,52.19642,0
            16.69793,52.19744,0
            16.69831,52.21102,0
            16.69827,52.21199,0
            16.69812,52.21297,0
            16.6964,52.21966,0
            16.69625,52.22008,0
            16.69589,52.22092,0
            16.6954,52.22184,0
            16.69521,52.22214,0
            16.69426,52.22346,0
            16.69294,52.22484,0
            16.69232,52.2254,0
            16.69115,52.22631,0
            16.69057,52.22671,0
            16.69055,52.22673,0
            16.68427,52.2308,0
            16.68303,52.23155,0
            16.68103,52.23285,0
            16.67836,52.23484,0
            16.677,52.23608,0
            16.67592,52.23715,0
            16.67522,52.2379,0
            16.67427,52.23904,0
            16.67281,52.24105,0
            16.672,52.24249,0
            16.67115,52.24427,0
            16.67094,52.24481,0
            16.67057,52.24594,0
            16.67024,52.24727,0
            16.66988,52.24961,0
            16.66863,52.2616,0
            16.6686,52.26175,0
            16.6681,52.2668,0
            16.66808,52.26687,0
            16.66786,52.26889,0
            16.6678,52.27017,0
            16.66785,52.27225,0
            16.66797,52.27344,0
            16.66814,52.27434,0
            16.66862,52.27621,0
            16.66904,52.27753,0
            16.66907,52.27757,0
            16.66943,52.2785,0
            16.67023,52.28018,0
            16.67088,52.28137,0
            16.6715,52.28236,0
            16.67237,52.2836,0
            16.67356,52.28513,0
            16.67498,52.28673,0
            16.67573,52.28751,0
            16.67724,52.28888,0
            16.68018,52.29115,0
            16.68249,52.29266,0
            16.68405,52.29361,0
            16.68406,52.29361,0
            16.68426,52.29374,0
            16.68427,52.29374,0
            16.68447,52.29386,0
            16.68448,52.29386,0
            16.68974,52.29693,0
            16.68998,52.2971,0
            16.68999,52.2971,0
            16.69074,52.29764,0
            16.69075,52.29764,0
            16.69237,52.29872,0
            16.69405,52.30003,0
            16.6958,52.30154,0
            16.69772,52.30341,0
            16.701,52.30723,0
            16.70101,52.30725,0
            16.70197,52.30834,0
            16.70198,52.30836,0
            16.70424,52.31082,0
            16.70567,52.31222,0
            16.72112,52.32546,0
            16.72211,52.32625,0
            16.72466,52.32846,0
            16.7261,52.32954,0
            16.72825,52.331,0
            16.73067,52.33242,0
            16.73309,52.33365,0
            16.73311,52.33365,0
            16.7484,52.34099,0
            16.75062,52.34222,0
            16.75094,52.34244,0
            16.75104,52.34247,0
            16.75127,52.3426,0
            16.75197,52.34306,0
            16.75343,52.34415,0
            16.75418,52.34457,0
            16.75472,52.3448,0
            16.75554,52.34505,0
            16.75584,52.34511,0
            16.75589,52.34513,0
            16.75698,52.34531,0
            16.75739,52.3454,0
            16.75802,52.34559,0
            16.75915,52.3461,0
            16.7593,52.3462,0
            16.76274,52.34783,0
            16.76285,52.34786,0
            16.76501,52.34887,0
            16.76529,52.34903,0
            16.76615,52.34942,0
            16.76674,52.34963,0
            16.76848,52.35011,0
            16.76895,52.35021,0
            16.76938,52.35027,0
            16.77064,52.35035,0
            16.78544,52.35035,0
            16.78566,52.35038,0
            16.83812,52.35026,0
            16.84431,52.35048,0
            16.84828,52.35074,0
            16.85609,52.3515,0
            16.87355,52.35384,0
            16.87639,52.35413,0
            16.88051,52.35443,0
            16.88477,52.35459,0
            16.88845,52.35461,0
            16.89377,52.35444,0
            16.91597,52.35269,0
            16.91599,52.35268,0
            17.0009,52.34579,0
            17.00672,52.3452,0
            17.01907,52.3436,0
            17.02473,52.34271,0
            17.03394,52.34104,0
            17.05101,52.33753,0
            17.05107,52.33751,0
            17.07663,52.33222,0
            17.07663,52.33221,0
            17.07665,52.33221,0
            17.08513,52.33035,0
            17.09057,52.32901,0
            17.0966,52.3274,0
            17.11001,52.3234,0
            17.11002,52.3234,0
            17.11222,52.32271,0
            17.11282,52.32249,0
            17.11721,52.32112,0
            17.11735,52.32104,0
            17.12212,52.31952,0
            17.12262,52.31932,0
            17.1231,52.31909,0
            17.12349,52.31887,0
            17.12389,52.31856,0
            17.12422,52.31819,0
            17.12489,52.31707,0
            17.12498,52.31696,0
            17.12521,52.31678,0
            17.12558,52.31659,0
            17.12585,52.3165,0
            17.12628,52.31643,0
            17.12665,52.31641,0
            17.12705,52.31646,0
            17.12712,52.31646,0
            17.12742,52.31653,0
            17.12791,52.31672,0
            17.13083,52.31817,0
            17.13148,52.31844,0
            17.13267,52.31885,0
            17.13438,52.31936,0
            17.13519,52.31966,0
            17.13606,52.32007,0
            17.13612,52.32011,0
            17.13619,52.32014,0
            17.13669,52.32044,0
            17.13752,52.32104,0
            17.15038,52.33194,0
            17.15237,52.33356,0
            17.15599,52.33615,0
            17.15916,52.33812,0
            17.1625,52.33995,0
            17.16448,52.34093,0
            17.16474,52.34104,0
            17.16748,52.34242,0
            17.17023,52.34396,0
            17.17185,52.34494,0
            17.1824,52.35186,0
            17.18458,52.35316,0
            17.18667,52.35426,0
            17.18718,52.35456,0
            17.19125,52.35643,0
            17.19329,52.35749,0
            17.19419,52.35805,0
            17.19606,52.35943,0
            17.19627,52.35964,0
            17.19656,52.35989,0
            17.19779,52.36119,0
            17.19871,52.36233,0
            17.19874,52.36238,0
            17.19984,52.36378,0
            17.20042,52.36446,0
            17.20078,52.36493,0
            17.20156,52.36579,0
            17.20265,52.3668,0
            17.20305,52.36713,0
            17.20444,52.36813,0
            17.20536,52.3687,0
            17.20693,52.36952,0
            17.20816,52.37007,0
            17.20947,52.37057,0
            17.211,52.37106,0
            17.21221,52.37138,0
            17.2219,52.37335,0
            17.22486,52.37408,0
            17.22729,52.37477,0
            17.23066,52.37588,0
            17.2342,52.37725,0
            17.23652,52.37829,0
            17.24062,52.38043,0
            17.24067,52.38047,0
            17.24259,52.38161,0
            17.24423,52.3827,0
            17.24618,52.38412,0
            17.2477,52.38533,0
            17.24936,52.3868,0
            17.25018,52.38761,0
            17.25206,52.38962,0
            17.25369,52.39173,0
            17.25621,52.39552,0
            17.25983,52.40072,0
            17.26049,52.4016,0
            17.26097,52.40216,0
            17.26182,52.40303,0
            17.26294,52.40401,0
            17.2635,52.40443,0
            17.26477,52.40527,0
            17.26559,52.40575,0
            17.26725,52.40659,0
            17.26865,52.40717,0
            17.26961,52.40751,0
            17.27114,52.40799,0
            17.27268,52.40838,0
            17.27649,52.40915,0
            17.27795,52.4095,0
            17.27984,52.41008,0
            17.28052,52.41033,0
            17.28234,52.41109,0
            17.2866,52.41329,0
            17.28664,52.41332,0
            17.28714,52.41357,0
            17.28718,52.4136,0
            17.30784,52.42429,0
            17.3097,52.42518,0
            17.31086,52.42567,0
            17.31087,52.42568,0
            17.31342,52.4267,0
            17.3169,52.42789,0
            17.32379,52.43003,0
            17.33042,52.43229,0
            17.33197,52.43289,0
            17.33353,52.43364,0
            17.33469,52.43429,0
            17.34063,52.43795,0
            17.34195,52.43868,0
            17.34384,52.43963,0
            17.34593,52.44057,0
            17.34798,52.44139,0
            17.38314,52.45438,0
            17.38474,52.45511,0
            17.38651,52.4561,0
            17.40162,52.46618,0
            17.40242,52.46676,0
            17.40432,52.4683,0
            17.40546,52.46934,0
            17.40611,52.46999,0
            17.41171,52.47517,0
            17.41874,52.4813,0
            17.41999,52.48232,0
            17.42085,52.48294,0
            17.42158,52.48341,0
            17.42289,52.48416,0
            17.42371,52.48457,0
            17.43553,52.48965,0
            17.43554,52.48965,0
            17.44138,52.49213,0
            17.45761,52.49814,0
            17.45962,52.49899,0
            17.46134,52.49987,0
            17.46248,52.50056,0
            17.46357,52.50134,0
            17.46485,52.5024,0
            17.46607,52.50354,0
            17.4662,52.5037,0
            17.46629,52.50388,0
            17.4679,52.50535,0
            17.46918,52.50637,0
            17.47004,52.50695,0
            17.47035,52.50719,0
            17.47127,52.50772,0
            17.47271,52.50843,0
            17.4741,52.50902,0
            17.47635,52.50978,0
            17.47857,52.5104,0
            17.49034,52.51334,0
            17.49037,52.51334,0
            17.49414,52.51431,0
            17.49436,52.5144,0
            17.49629,52.51498,0
            17.49748,52.51541,0
            17.49881,52.51596,0
            17.50006,52.51657,0
            17.50097,52.51707,0
            17.50227,52.5179,0
            17.5034,52.51875,0
            17.50435,52.51959,0
            17.50494,52.52016,0
            17.50494,52.52017,0
            17.50499,52.52021,0
            17.5088,52.52421,0
            17.50881,52.52421,0
            17.51053,52.52603,0
            17.51058,52.52606,0
            17.51355,52.52917,0
            17.51357,52.5292,0
            17.51503,52.53062,0
            17.51687,52.53229,0
            17.52505,52.53924,0
            17.54288,52.55581,0
            17.54448,52.55715,0
            17.5454,52.55785,0
            17.54776,52.55949,0
            17.55041,52.56106,0
            17.55187,52.56185,0
            17.55342,52.56262,0
            17.55626,52.56389,0
            17.55813,52.56463,0
            17.56139,52.56577,0
            17.56432,52.56663,0
            17.56753,52.56742,0
            17.58745,52.57149,0
            17.58936,52.57194,0
            17.59171,52.57261,0
            17.59203,52.57272,0
            17.59237,52.57281,0
            17.5945,52.57353,0
            17.59573,52.574,0
            17.59801,52.57496,0
            17.60032,52.57609,0
            17.60167,52.57683,0
            17.60386,52.57817,0
            17.60594,52.57967,0
            17.60596,52.5797,0
            17.6078,52.58123,0
            17.60852,52.58193,0
            17.61098,52.58457,0
            17.61104,52.5846,0
            17.61743,52.59149,0
            17.6186,52.59266,0
            17.62316,52.59692,0
            17.62437,52.59829,0
            17.6253,52.59947,0
            17.62608,52.60068,0
            17.62681,52.60203,0
            17.62733,52.60332,0
            17.62781,52.60489,0
            17.62788,52.60519,0
            17.62806,52.60629,0
            17.62813,52.60695,0
            17.62816,52.6086,0
            17.62809,52.60958,0
            17.628,52.61021,0
            17.62775,52.61145,0
            17.62726,52.61297,0
            17.6268,52.61411,0
            17.62636,52.61495,0
            17.6258,52.61592,0
            17.62499,52.61704,0
            17.62416,52.61809,0
            17.62345,52.61889,0
            17.62207,52.62027,0
            17.61739,52.62459,0
            17.61637,52.62563,0
            17.61541,52.62677,0
            17.61494,52.62743,0
            17.61453,52.62808,0
            17.61414,52.62878,0
            17.61361,52.62996,0
            17.61317,52.63144,0
            17.61298,52.63252,0
            17.61294,52.6338,0
            17.61302,52.63475,0
            17.6132,52.63575,0
            17.6132,52.63579,0
            17.61539,52.64497,0
            17.61594,52.64696,0
            17.61596,52.647,0
            17.61599,52.64714,0
            17.61601,52.64718,0
            17.61604,52.6473,0
            17.61628,52.64792,0
            17.6166,52.6485,0
            17.61679,52.64879,0
            17.61776,52.64997,0
            17.6183,52.65049,0
            17.61884,52.6509,0
            17.6196,52.65142,0
            17.6207,52.65206,0
            17.62149,52.65247,0
            17.62223,52.6528,0
            17.62373,52.65335,0
            17.62516,52.65374,0
            17.62704,52.65415,0
            17.62846,52.65441,0
            17.63041,52.65484,0
            17.63043,52.65485,0
            17.6309,52.65495,0
            17.63251,52.65548,0
            17.63326,52.65579,0
            17.63392,52.65612,0
            17.63393,52.65612,0
            17.63561,52.65707,0
            17.64311,52.66205,0
            17.64374,52.66255,0
            17.64476,52.66343,0
            17.64635,52.66509,0
            17.6471,52.66602,0
            17.64795,52.66733,0
            17.64837,52.6681,0
            17.6484,52.66814,0
            17.65044,52.67228,0
            17.65045,52.67229,0
            17.65645,52.68433,0
            17.65646,52.68434,0
            17.65721,52.68585,0
            17.65775,52.68729,0
            17.65813,52.68885,0
            17.65825,52.68982,0
            17.65852,52.69129,0
            17.65873,52.69209,0
            17.65902,52.69289,0
            17.65941,52.69374,0
            17.66022,52.6951,0
            17.66149,52.69682,0
            17.66211,52.69787,0
            17.66269,52.69898,0
            17.66289,52.69949,0
            17.66317,52.70034,0
            17.66352,52.70161,0
            17.66373,52.70331,0
            17.66369,52.70459,0
            17.66359,52.70531,0
            17.66349,52.70568,0
            17.6634,52.70635,0
            17.66304,52.70745,0
            17.66181,52.7104,0
            17.66181,52.71041,0
            17.6609,52.7126,0
            17.66061,52.71346,0
            17.66043,52.71409,0
            17.66028,52.71474,0
            17.6602,52.71552,0
            17.66019,52.71554,0
            17.66015,52.71744,0
            17.66025,52.71831,0
            17.66041,52.71917,0
            17.66072,52.72025,0
            17.66238,52.72437,0
            17.66238,52.72439,0
            17.66249,52.7247,0
            17.66282,52.72601,0
            17.66292,52.72673,0
            17.66297,52.72751,0
            17.66296,52.72882,0
            17.66279,52.73015,0
            17.66263,52.73096,0
            17.66263,52.731,0
            17.66236,52.73184,0
            17.66214,52.73236,0
            17.66084,52.73613,0
            17.66084,52.73614,0
            17.66011,52.73841,0
            17.65973,52.73945,0
            17.65973,52.73947,0
            17.65953,52.73997,0
            17.65953,52.74,0
            17.65933,52.7405,0
            17.65883,52.74197,0
            17.65859,52.74299,0
            17.65849,52.74366,0
            17.65848,52.74367,0
            17.65843,52.74402,0
            17.65843,52.74408,0
            17.65841,52.7442,0
            17.65841,52.74426,0
            17.6584,52.7443,0
            17.65838,52.74536,0
            17.65848,52.74653,0
            17.65875,52.7479,0
            17.65905,52.74897,0
            17.65987,52.7507,0
            17.66038,52.75155,0
            17.66038,52.75156,0
            17.66098,52.75239,0
            17.66098,52.7524,0
            17.66176,52.75339,0
            17.66557,52.75786,0
            17.66564,52.75799,0
            17.66648,52.75917,0
            17.66707,52.76022,0
            17.66763,52.76141,0
            17.66802,52.76251,0
            17.66828,52.76359,0
            17.66847,52.76473,0
            17.66889,52.76885,0
            17.66904,52.76982,0
            17.6693,52.77108,0
            17.66956,52.77207,0
            17.66994,52.77315,0
            17.67044,52.77438,0
            17.67157,52.77651,0
            17.67202,52.77752,0
            17.67256,52.7785,0
            17.67317,52.77974,0
            17.67395,52.78119,0
            17.67466,52.78263,0
            17.67533,52.78414,0
            17.67593,52.78593,0
            17.67615,52.78676,0
            17.67668,52.7894,0
            17.67817,52.79824,0
            17.67874,52.80096,0
            17.67926,52.80244,0
            17.67972,52.8034,0
            17.68059,52.80482,0
            17.68137,52.80584,0
            17.68261,52.8072,0
            17.68419,52.8086,0
            17.68565,52.80968,0
            17.68692,52.81051,0
            17.68871,52.81152,0
            17.68877,52.81154,0
            17.69046,52.81245,0
            17.69192,52.81331,0
            17.69328,52.81423,0
            17.6942,52.81495,0
            17.69473,52.81543,0
            17.69557,52.81626,0
            17.69604,52.81678,0
            17.69694,52.81805,0
            17.69725,52.81858,0
            17.69792,52.82006,0
            17.69824,52.82123,0
            17.69837,52.82241,0
            17.69838,52.82338,0
            17.6982,52.82464,0
            17.69816,52.82473,0
            17.69762,52.82643,0
            17.69495,52.83121,0
            17.6948,52.83143,0
            17.6935,52.83392,0
            17.69298,52.83519,0
            17.69255,52.8364,0
            17.69229,52.83769,0
            17.69228,52.8377,0
            17.69228,52.83775,0
            17.69212,52.83864,0
            17.69201,52.84012,0
            17.69204,52.84104,0
            17.69218,52.84282,0
            17.69219,52.84286,0
            17.69303,52.85199,0
            17.69342,52.85387,0
            17.6953,52.86012,0
            17.6953,52.86014,0
            17.69587,52.86169,0
            17.69628,52.86251,0
            17.69661,52.86307,0
            17.69662,52.86308,0
            17.69681,52.8634,0
            17.69757,52.86444,0
            17.69947,52.86671,0
            17.70023,52.86777,0
            17.70053,52.86831,0
            17.70054,52.86832,0
            17.70113,52.86947,0
            17.70176,52.87108,0
            17.70219,52.87295,0
            17.70222,52.87326,0
            17.70225,52.87489,0
            17.7022,52.8757,0
            17.70212,52.87642,0
            17.70203,52.87693,0
            17.70114,52.87993,0
            17.69912,52.88611,0
            17.6977,52.89096,0
            17.69759,52.89158,0
            17.6975,52.89235,0
            17.69746,52.89314,0
            17.69749,52.89405,0
            17.69765,52.89544,0
            17.69772,52.89581,0
            17.69798,52.89669,0
            17.69946,52.90091,0
            17.70054,52.90433,0
            17.7008,52.90529,0
            17.70095,52.90613,0
            17.70103,52.90698,0
            17.70104,52.90701,0
            17.70103,52.90788,0
            17.70102,52.90791,0
            17.70093,52.90883,0
            17.69954,52.9172,0
            17.69726,52.92955,0
            17.69706,52.93085,0
            17.697,52.93206,0
            17.69705,52.93302,0
            17.69718,52.93393,0
            17.69733,52.93471,0
            17.69759,52.93559,0
            17.69805,52.93683,0
            17.69883,52.93828,0
            17.69967,52.93953,0
            17.70049,52.94053,0
            17.70493,52.94531,0
            17.70494,52.94531,0
            17.71394,52.95502,0
            17.71449,52.95556,0
            17.71667,52.95794,0
            17.71703,52.95837,0
            17.71939,52.96085,0
            17.72088,52.96215,0
            17.72221,52.96314,0
            17.7233,52.96385,0
            17.73128,52.96846,0
            17.73393,52.97025,0
            17.73584,52.97184,0
            17.73699,52.97289,0
            17.73772,52.97364,0
            17.73775,52.97366,0
            17.73798,52.97391,0
            17.73959,52.97589,0
            17.73962,52.97591,0
            17.74135,52.97827,0
            17.74217,52.9799,0
            17.74218,52.97994,0
            17.74241,52.98046,0
            17.74292,52.98181,0
            17.74312,52.98257,0
            17.74312,52.98259,0
            17.74356,52.98418,0
            17.74366,52.98485,0
            17.74399,52.98815,0
            17.74421,52.98927,0
            17.74448,52.99022,0
            17.74484,52.9911,0
            17.74604,52.99335,0
            17.74619,52.99358,0
            17.74694,52.99456,0
            17.74789,52.99561,0
            17.7484,52.99612,0
            17.74925,52.99689,0
            17.75023,52.99768,0
            17.75133,52.99847,0
            17.76311,53.00585,0
            17.76386,53.00637,0
            17.76473,53.00707,0
            17.76534,53.00765,0
            17.76574,53.00809,0
            17.76575,53.00811,0
            17.76609,53.00852,0
            17.76635,53.00888,0
            17.76644,53.00903,0
            17.76651,53.00912,0
            17.76684,53.00968,0
            17.76713,53.0103,0
            17.7674,53.01108,0
            17.76811,53.01399,0
            17.76814,53.01417,0
            17.76973,53.02064,0
            17.76991,53.02127,0
            17.77019,53.022,0
            17.77019,53.02201,0
            17.7706,53.0228,0
            17.77103,53.0234,0
            17.77189,53.02437,0
            17.7728,53.02519,0
            17.78683,53.03561,0
            17.78905,53.03714,0
            17.80172,53.04521,0
            17.80299,53.04612,0
            17.80398,53.04691,0
            17.80478,53.04768,0
            17.80559,53.04859,0
            17.80631,53.04948,0
            17.80819,53.05229,0
            17.8095,53.05442,0
            17.80993,53.05524,0
            17.8102,53.05606,0
            17.81037,53.05669,0
            17.8105,53.0575,0
            17.81053,53.05819,0
            17.8105,53.0589,0
            17.81035,53.06037,0
            17.81033,53.06119,0
            17.81036,53.06164,0
            17.8104,53.06186,0
            17.81067,53.06288,0
            17.81081,53.06323,0
            17.81098,53.06358,0
            17.81147,53.06442,0
            17.812,53.0651,0
            17.81262,53.06574,0
            17.8131,53.06617,0
            17.81311,53.06617,0
            17.81383,53.06675,0
            17.81517,53.06756,0
            17.81589,53.06793,0
            17.81624,53.06808,0
            17.81624,53.06809,0
            17.8169,53.06838,0
            17.81884,53.069,0
            17.81886,53.069,0
            17.81939,53.06917,0
            17.8256,53.07086,0
            17.82934,53.07177,0
            17.84262,53.07524,0
            17.84402,53.07556,0
            17.84874,53.07679,0
            17.85021,53.07722,0
            17.86116,53.08007,0
            17.86232,53.08042,0
            17.866,53.08186,0
            17.8709,53.08397,0
            17.87225,53.0845,0
            17.87226,53.0845,0
            17.87529,53.08551,0
            17.88561,53.0884,0
            17.88655,53.08872,0
            17.8866,53.08873,0
            17.88783,53.08921,0
            17.88886,53.08968,0
            17.88908,53.0898,0
            17.88916,53.0898,0
            17.88953,53.08998,0
            17.89048,53.09031,0
            17.89109,53.09056,0
            17.89167,53.091,0
            17.89255,53.09182,0
            17.89322,53.09255,0
            17.89371,53.09294,0
            17.89436,53.0934,0
            17.89525,53.09394,0
            17.89594,53.09428,0
            17.89721,53.0948,0
            17.89789,53.09502,0
            17.89816,53.09508,0
            17.89841,53.09508,0
            17.89857,53.09506,0
            17.89876,53.095,0
            17.89888,53.09493,0
            17.89899,53.09484,0
            17.89906,53.09475,0
            17.89909,53.09465,0
            17.89909,53.09454,0
            17.89903,53.09442,0
            17.89894,53.09433,0
            17.89874,53.09421,0
            17.89862,53.09416,0
            17.8984,53.09412,0
            17.89817,53.09412,0
            17.89789,53.09417,0
            17.89765,53.09426,0
            17.89747,53.0944,0
            17.89727,53.09459,0
            17.89714,53.09468,0
            17.89519,53.09671,0
            17.89495,53.09701,0
            17.89415,53.09784,0
            17.8932,53.09871,0
            17.89312,53.09873,0
            17.89228,53.09964,0
            17.89223,53.09971,0
            17.88787,53.10437,0
            17.88696,53.10546,0
            17.88589,53.1069,0
            17.88522,53.10811,0
            17.8846,53.10953,0
            17.88425,53.11075,0
            17.88393,53.11226,0
            17.88379,53.11318,0
            17.88045,53.13024,0
            17.88031,53.13076,0
            17.88031,53.13079,0
            17.88028,53.13087,0
            17.87945,53.1352,0
            17.87937,53.13593,0
            17.87936,53.13594,0
            17.8793,53.1366,0
            17.87931,53.13739,0
            17.87936,53.13818,0
            17.8796,53.13949,0
            17.87981,53.14037,0
            17.88011,53.14111,0
            17.88028,53.1416,0
            17.8806,53.14228,0
            17.88516,53.15021,0
            17.88557,53.15103,0
            17.88601,53.15211,0
            17.88619,53.15276,0
            17.88633,53.15369,0
            17.88636,53.15465,0
            17.8863,53.1554,0
            17.88618,53.15608,0
            17.886,53.15674,0
            17.88575,53.15745,0
            17.88557,53.15785,0
            17.88521,53.15853,0
            17.88478,53.15924,0
            17.88004,53.16606,0
            17.88,53.16614,0
            17.87865,53.16811,0
            17.87773,53.16972,0
            17.87693,53.17164,0
            17.87648,53.17324,0
            17.87633,53.17394,0
            17.87631,53.17412,0
            17.8763,53.17414,0
            17.87624,53.17453,0
            17.87621,53.17553,0
            17.8762,53.17554,0
            17.87623,53.17735,0
            17.87646,53.1789,0
            17.87666,53.17969,0
            17.87692,53.18055,0
            17.87727,53.1815,0
            17.87774,53.18253,0
            17.87854,53.18401,0
            17.87934,53.18521,0
            17.87938,53.18525,0
            17.87938,53.18526,0
            17.87978,53.1858,0
            17.88038,53.18642,0
            17.88146,53.18764,0
            17.88191,53.18806,0
            17.88194,53.18808,0
            17.8829,53.18896,0
            17.88413,53.18999,0
            17.88611,53.19133,0
            17.88612,53.19133,0
            17.88687,53.19181,0
            17.88862,53.19282,0
            17.89057,53.19379,0
            17.89369,53.19512,0
            17.8937,53.19512,0
            17.9139,53.20333,0
            17.91558,53.20396,0
            17.92358,53.20639,0
            17.9255,53.20713,0
            17.92572,53.20719,0
            17.9263,53.20743,0
            17.92921,53.20889,0
            17.93136,53.21011,0
            17.93137,53.21012,0
            17.93895,53.21437,0
            17.94014,53.21494,0
            17.94218,53.21581,0
            17.9443,53.21654,0
            17.94768,53.21745,0
            17.95074,53.21801,0
            17.95233,53.21823,0
            17.95581,53.21851,0
            17.95922,53.21856,0
            17.96082,53.21849,0
            17.96302,53.21832,0
            17.96518,53.21806,0
            17.97355,53.21671,0
            17.97601,53.21643,0
            17.97821,53.21626,0
            17.98008,53.21619,0
            17.98014,53.21618,0
            17.98211,53.21614,0
            17.98515,53.21624,0
            17.98706,53.21637,0
            17.98952,53.21661,0
            17.99254,53.21708,0
            18.00072,53.21869,0
            18.00113,53.21874,0
            18.01194,53.22088,0
            18.01497,53.22138,0
            18.03927,53.2249,0
            18.04009,53.22505,0
            18.04207,53.22528,0
            18.04806,53.22614,0
            18.05276,53.22649,0
            18.05563,53.22656,0
            18.05894,53.22651,0
            18.06163,53.22635,0
            18.06386,53.22615,0
            18.06637,53.22584,0
            18.07041,53.22514,0
            18.07044,53.22514,0
            18.07177,53.22486,0
            18.10205,53.21713,0
            18.10206,53.21712,0
            18.10232,53.21706,0
            18.10233,53.21705,0
            18.1063,53.21612,0
            18.10788,53.2159,0
            18.1092,53.2158,0
            18.11138,53.21579,0
            18.11326,53.21595,0
            18.11528,53.21628,0
            18.11669,53.21663,0
            18.11835,53.21719,0
            18.11909,53.21749,0
            18.12028,53.21807,0
            18.12134,53.2187,0
            18.12425,53.22069,0
            18.12576,53.2216,0
            18.12727,53.2224,0
            18.12906,53.22321,0
            18.12927,53.22328,0
            18.12949,53.22338,0
            18.12969,53.22345,0
            18.12977,53.22349,0
            18.13203,53.2243,0
            18.13449,53.22501,0
            18.14208,53.22665,0
            18.14355,53.22706,0
            18.14444,53.22727,0
            18.14658,53.22791,0
            18.14815,53.22844,0
            18.15018,53.22924,0
            18.15276,53.23041,0
            18.15593,53.23212,0
            18.15766,53.23321,0
            18.15883,53.23403,0
            18.15993,53.23487,0
            18.1608,53.23559,0
            18.1731,53.24711,0
            18.17499,53.24895,0
            18.17721,53.25122,0
            18.17938,53.25358,0
            18.17969,53.25398,0
            18.18245,53.25682,0
            18.18245,53.25683,0
            18.18814,53.26261,0
            18.18929,53.26386,0
            18.19603,53.2721,0
            18.19689,53.27302,0
            18.19785,53.27393,0
            18.19856,53.27453,0
            18.19962,53.27535,0
            18.20044,53.27592,0
            18.20146,53.27657,0
            18.20146,53.27658,0
            18.20821,53.2807,0
            18.20937,53.28148,0
            18.21104,53.28278,0
            18.22043,53.2907,0
            18.2218,53.29163,0
            18.22376,53.29278,0
            18.22377,53.29279,0
            18.22447,53.29313,0
            18.22936,53.29529,0
            18.23084,53.296,0
            18.23085,53.29601,0
            18.23288,53.29699,0
            18.23772,53.29912,0
            18.23773,53.29913,0
            18.2406,53.30036,0
            18.24061,53.30036,0
            18.25175,53.30516,0
            18.25561,53.30693,0
            18.25603,53.30708,0
            18.264,53.31083,0
            18.26633,53.31209,0
            18.26785,53.31307,0
            18.27147,53.31578,0
            18.27147,53.31579,0
            18.28456,53.32573,0
            18.2852,53.32625,0
            18.28664,53.32756,0
            18.28753,53.32848,0
            18.28879,53.33012,0
            18.29018,53.33225,0
            18.2903,53.33247,0
            18.29267,53.33616,0
            18.29268,53.33616,0
            18.29801,53.34441,0
            18.29982,53.34681,0
            18.30336,53.35221,0
            18.3039,53.35289,0
            18.3039,53.3529,0
            18.30437,53.35344,0
            18.30544,53.35456,0
            18.30576,53.35486,0
            18.30911,53.35762,0
            18.30911,53.35763,0
            18.30998,53.35838,0
            18.31192,53.35985,0
            18.32111,53.36636,0
            18.32112,53.36636,0
            18.32182,53.36685,0
            18.32272,53.36741,0
            18.32486,53.3686,0
            18.32994,53.37086,0
            18.33017,53.37098,0
            18.34058,53.37537,0
            18.34246,53.37635,0
            18.3433,53.3769,0
            18.34436,53.37768,0
            18.34515,53.37836,0
            18.34564,53.37885,0
            18.34624,53.37953,0
            18.3467,53.38014,0
            18.34714,53.38084,0
            18.34751,53.38157,0
            18.34784,53.38246,0
            18.34795,53.38286,0
            18.34814,53.38375,0
            18.34833,53.38527,0
            18.34837,53.386,0
            18.34854,53.38769,0
            18.3485,53.38794,0
            18.34897,53.39299,0
            18.34912,53.39418,0
            18.34925,53.39487,0
            18.34971,53.39611,0
            18.35015,53.39696,0
            18.35037,53.39725,0
            18.35188,53.39895,0
            18.35283,53.39975,0
            18.35367,53.40034,0
            18.35451,53.40084,0
            18.35452,53.40085,0
            18.35519,53.40122,0
            18.3567,53.40192,0
            18.35738,53.40219,0
            18.3587,53.40264,0
            18.35947,53.40286,0
            18.35949,53.40286,0
            18.36011,53.40303,0
            18.36014,53.40303,0
            18.36127,53.40328,0
            18.36129,53.40329,0
            18.36259,53.40352,0
            18.36261,53.40353,0
            18.36959,53.40457,0
            18.37128,53.40475,0
            18.37642,53.40557,0
            18.37903,53.40623,0
            18.37985,53.40651,0
            18.3817,53.40727,0
            18.391,53.41206,0
            18.39234,53.4128,0
            18.39407,53.41362,0
            18.396,53.41442,0
            18.39601,53.41442,0
            18.39693,53.41478,0
            18.39822,53.41521,0
            18.4003,53.41577,0
            18.40254,53.41617,0
            18.40474,53.4165,0
            18.42298,53.41883,0
            18.42305,53.41883,0
            18.42477,53.41911,0
            18.42825,53.41956,0
            18.43331,53.42059,0
            18.43517,53.42081,0
            18.43792,53.42102,0
            18.43907,53.421,0
            18.44157,53.42075,0
            18.44749,53.41991,0
            18.45315,53.41931,0
            18.45599,53.41931,0
            18.45704,53.41937,0
            18.45911,53.41963,0
            18.4617,53.4201,0
            18.46289,53.42023,0
            18.46432,53.42032,0
            18.46621,53.42035,0
            18.46885,53.4202,0
            18.48132,53.41979,0
            18.4829,53.41982,0
            18.48443,53.41993,0
            18.48519,53.42002,0
            18.4871,53.42034,0
            18.48914,53.42084,0
            18.49974,53.42385,0
            18.50236,53.42446,0
            18.50278,53.42453,0
            18.5028,53.42454,0
            18.51528,53.42657,0
            18.51709,53.42691,0
            18.51765,53.42692,0
            18.51822,53.42704,0
            18.52305,53.42847,0
            18.52452,53.42904,0
            18.53376,53.4331,0
            18.53379,53.43312,0
            18.5376,53.43476,0
            18.53767,53.4348,0
            18.54042,53.43589,0
            18.54217,53.43651,0
            18.54436,53.43754,0
            18.55386,53.44172,0
            18.55387,53.44172,0
            18.5645,53.44639,0
            18.56857,53.44842,0
            18.56998,53.44904,0
            18.57001,53.44906,0
            18.57158,53.44968,0
            18.57336,53.45028,0
            18.57534,53.45083,0
            18.57671,53.45116,0
            18.57834,53.45149,0
            18.58727,53.45295,0
            18.58731,53.45295,0
            18.59572,53.45434,0
            18.59685,53.4546,0
            18.59725,53.45467,0
            18.60083,53.45563,0
            18.60348,53.45649,0
            18.6059,53.45746,0
            18.60851,53.45868,0
            18.60962,53.45928,0
            18.61346,53.46159,0
            18.61359,53.46162,0
            18.61394,53.46178,0
            18.61451,53.46195,0
            18.61476,53.46199,0
            18.61506,53.46201,0
            18.61617,53.462,0
            18.61646,53.46202,0
            18.61679,53.46207,0
            18.61682,53.46208,0
            18.61686,53.46208,0
            18.61691,53.4621,0
            18.61709,53.46214,0
            18.61743,53.46227,0
            18.61762,53.46238,0
            18.61793,53.46263,0
            18.61805,53.46278,0
            18.61813,53.46291,0
            18.61818,53.46306,0
            18.6182,53.4632,0
            18.6182,53.46334,0
            18.61815,53.4635,0
            18.61808,53.46365,0
            18.61799,53.4638,0
            18.61591,53.46657,0
            18.61556,53.46708,0
            18.61365,53.46956,0
            18.61319,53.47024,0
            18.61309,53.47044,0
            18.61307,53.47051,0
            18.61307,53.47057,0
            18.61306,53.47061,0
            18.61306,53.47065,0
            18.61309,53.47079,0
            18.61315,53.47095,0
            18.61325,53.47113,0
            18.61342,53.47132,0
            18.61351,53.47139,0
            18.61375,53.47154,0
            18.6147,53.47189,0
            18.61536,53.47207,0
            18.61537,53.47208,0
            18.6188,53.47301,0
            18.61917,53.47319,0
            18.61934,53.4733,0
            18.61937,53.47331,0
            18.6195,53.47341,0
            18.61961,53.47353,0
            18.61965,53.4736,0
            18.61968,53.47363,0
            18.61976,53.47379,0
            18.6198,53.4739,0
            18.61982,53.47412,0
            18.6198,53.47422,0
            18.61976,53.47434,0
            18.61964,53.47455,0
            18.61945,53.47475,0
            18.61932,53.47486,0
            18.6191,53.475,0
            18.6184,53.47535,0
            18.61822,53.47546,0
            18.61792,53.47568,0
            18.61768,53.47597,0
            18.61761,53.4761,0
            18.61753,53.47631,0
            18.61748,53.47654,0
            18.61714,53.47952,0
            18.61703,53.47991,0
            18.617,53.48011,0
            18.61698,53.48018,0
            18.61676,53.48232,0
            18.61675,53.48235,0
            18.61659,53.48364,0
            18.61658,53.48387,0
            18.61631,53.48624,0
            18.61629,53.48633,0
            18.61577,53.49099,0
            18.61528,53.49367,0
            18.61498,53.49483,0
            18.61494,53.49492,0
            18.61481,53.4954,0
            18.61403,53.4976,0
            18.61302,53.49988,0
            18.61263,53.50065,0
            18.61219,53.50139,0
            18.60907,53.50715,0
            18.60895,53.50742,0
            18.60887,53.50754,0
            18.60697,53.51107,0
            18.60697,53.51108,0
            18.6018,53.52055,0
            18.60161,53.52084,0
            18.60074,53.52253,0
            18.60029,53.52355,0
            18.60007,53.52417,0
            18.59984,53.52503,0
            18.59976,53.52545,0
            18.59968,53.52632,0
            18.59968,53.52701,0
            18.59971,53.52752,0
            18.59976,53.5279,0
            18.59983,53.5282,0
            18.59984,53.52847,0
            18.60014,53.52963,0
            18.60015,53.52964,0
            18.60021,53.5298,0
            18.60022,53.52981,0
            18.6006,53.53069,0
            18.60081,53.5311,0
            18.60155,53.5323,0
            18.60173,53.53254,0
            18.60183,53.5327,0
            18.60306,53.53434,0
            18.60306,53.53435,0
            18.60904,53.54215,0
            18.60912,53.5423,0
            18.611,53.54474,0
            18.61167,53.54567,0
            18.61217,53.54643,0
            18.61259,53.54718,0
            18.61296,53.54803,0
            18.6132,53.54872,0
            18.61343,53.54973,0
            18.61351,53.55037,0
            18.61356,53.55127,0
            18.61353,53.55191,0
            18.61336,53.55283,0
            18.61319,53.55348,0
            18.61298,53.55414,0
            18.612,53.55675,0
            18.60987,53.56191,0
            18.60977,53.56211,0
            18.60942,53.56295,0
            18.60942,53.56296,0
            18.60929,53.56324,0
            18.60922,53.56348,0
            18.60921,53.56348,0
            18.60613,53.57098,0
            18.60578,53.572,0
            18.60565,53.57256,0
            18.60547,53.57356,0
            18.60543,53.57466,0
            18.60546,53.57489,0
            18.60546,53.57534,0
            18.60558,53.57616,0
            18.60571,53.57676,0
            18.60608,53.57787,0
            18.60644,53.57874,0
            18.60644,53.57875,0
            18.60801,53.58167,0
            18.61787,53.59885,0
            18.61897,53.60051,0
            18.62018,53.60211,0
            18.62175,53.60402,0
            18.62993,53.61239,0
            18.63129,53.61394,0
            18.63279,53.61584,0
            18.63369,53.61712,0
            18.63469,53.61872,0
            18.63536,53.61995,0
            18.6363,53.62184,0
            18.63802,53.62563,0
            18.63853,53.62688,0
            18.63947,53.62897,0
            18.64013,53.6306,0
            18.64014,53.63065,0
            18.64119,53.63311,0
            18.6415,53.63396,0
            18.64198,53.63559,0
            18.64235,53.63741,0
            18.6425,53.63882,0
            18.64254,53.64025,0
            18.64253,53.64071,0
            18.64235,53.64274,0
            18.64223,53.64352,0
            18.64195,53.64484,0
            18.64097,53.64803,0
            18.64093,53.64812,0
            18.63897,53.6542,0
            18.6387,53.65537,0
            18.63857,53.65609,0
            18.63847,53.65694,0
            18.63842,53.65783,0
            18.63842,53.65859,0
            18.63846,53.65926,0
            18.63856,53.66018,0
            18.63907,53.66371,0
            18.63908,53.66373,0
            18.63928,53.66516,0
            18.63939,53.66633,0
            18.63943,53.66732,0
            18.63938,53.66858,0
            18.63934,53.66894,0
            18.63902,53.67054,0
            18.63866,53.6718,0
            18.63841,53.67249,0
            18.6379,53.67372,0
            18.63754,53.67449,0
            18.63246,53.68408,0
            18.63245,53.68409,0
            18.63244,53.68412,0
            18.63173,53.68546,0
            18.63158,53.68579,0
            18.63098,53.68691,0
            18.63028,53.68837,0
            18.63025,53.68847,0
            18.62936,53.69038,0
            18.62894,53.69145,0
            18.62824,53.69387,0
            18.62807,53.69462,0
            18.62806,53.69463,0
            18.62777,53.69631,0
            18.6276,53.69829,0
            18.62759,53.69972,0
            18.62773,53.70156,0
            18.62797,53.70302,0
            18.62797,53.70307,0
            18.62814,53.70395,0
            18.62919,53.7082,0
            18.62953,53.70983,0
            18.62979,53.71142,0
            18.62985,53.71195,0
            18.62998,53.71411,0
            18.62995,53.71522,0
            18.62987,53.71628,0
            18.62986,53.71671,0
            18.62978,53.71741,0
            18.62914,53.72149,0
            18.62913,53.72149,0
            18.62861,53.72478,0
            18.62833,53.72736,0
            18.62828,53.72832,0
            18.6283,53.72943,0
            18.62847,53.73135,0
            18.62864,53.73238,0
            18.62926,53.73503,0
            18.62962,53.73615,0
            18.62979,53.73655,0
            18.63401,53.75029,0
            18.63402,53.75029,0
            18.63472,53.75267,0
            18.63528,53.75497,0
            18.63544,53.75599,0
            18.63557,53.7573,0
            18.63563,53.75939,0
            18.63557,53.76064,0
            18.63541,53.76206,0
            18.63519,53.76334,0
            18.63492,53.76449,0
            18.63434,53.7666,0
            18.62618,53.79376,0
            18.62566,53.7957,0
            18.62528,53.79748,0
            18.62512,53.79844,0
            18.62491,53.80045,0
            18.62485,53.80241,0
            18.62503,53.80503,0
            18.62536,53.80719,0
            18.62595,53.80953,0
            18.62638,53.81087,0
            18.62786,53.8145,0
            18.62786,53.81452,0
            18.62867,53.81643,0
            18.62902,53.81735,0
            18.62902,53.81736,0
            18.62911,53.81758,0
            18.62942,53.81855,0
            18.62978,53.82003,0
            18.63002,53.82155,0
            18.63009,53.8235,0
            18.63004,53.82451,0
            18.62996,53.82533,0
            18.62661,53.8446,0
            18.62646,53.84603,0
            18.62644,53.84647,0
            18.62649,53.84798,0
            18.62666,53.84927,0
            18.6267,53.84945,0
            18.62671,53.84947,0
            18.62688,53.85026,0
            18.62716,53.85119,0
            18.62736,53.85174,0
            18.62794,53.85311,0
            18.62887,53.85512,0
            18.62889,53.85515,0
            18.62985,53.85723,0
            18.63018,53.85806,0
            18.63059,53.85944,0
            18.63074,53.86021,0
            18.63084,53.8613,0
            18.63085,53.86235,0
            18.63077,53.86317,0
            18.63066,53.86385,0
            18.63027,53.86552,0
            18.6274,53.87524,0
            18.62713,53.87658,0
            18.62712,53.87659,0
            18.62704,53.87725,0
            18.62699,53.87811,0
            18.62699,53.87873,0
            18.6271,53.87997,0
            18.62729,53.88109,0
            18.6277,53.88251,0
            18.6281,53.88352,0
            18.62811,53.88353,0
            18.62911,53.88554,0
            18.62935,53.88595,0
            18.63009,53.88707,0
            18.63441,53.89287,0
            18.63454,53.89309,0
            18.63705,53.89629,0
            18.63774,53.89728,0
            18.639,53.89893,0
            18.64025,53.90041,0
            18.64061,53.90091,0
            18.6409,53.9014,0
            18.6413,53.90199,0
            18.64235,53.90336,0
            18.64364,53.90528,0
            18.64399,53.90587,0
            18.64471,53.90743,0
            18.6452,53.90899,0
            18.64553,53.91101,0
            18.64554,53.91289,0
            18.64542,53.91381,0
            18.64509,53.91521,0
            18.64492,53.91576,0
            18.64458,53.91663,0
            18.64438,53.91707,0
            18.64435,53.91717,0
            18.64287,53.92058,0
            18.6425,53.92171,0
            18.64216,53.92261,0
            18.64188,53.92346,0
            18.64111,53.92628,0
            18.64101,53.92679,0
            18.64093,53.92781,0
            18.64084,53.92853,0
            18.64079,53.92933,0
            18.6408,53.93057,0
            18.6409,53.93199,0
            18.64109,53.93345,0
            18.64135,53.93476,0
            18.64186,53.93785,0
            18.64288,53.94299,0
            18.64314,53.94401,0
            18.64363,53.94559,0
            18.64438,53.94746,0
            18.64514,53.94901,0
            18.6459,53.95035,0
            18.64702,53.95207,0
            18.64767,53.95296,0
            18.64883,53.95442,0
            18.65352,53.95954,0
            18.65354,53.95957,0
            18.65471,53.96083,0
            18.65584,53.96214,0
            18.65657,53.96307,0
            18.65716,53.96391,0
            18.65771,53.96479,0
            18.65854,53.9664,0
            18.65883,53.96709,0
            18.6589,53.96718,0
            18.65925,53.96818,0
            18.65948,53.96904,0
            18.65965,53.9699,0
            18.65982,53.9713,0
            18.65984,53.97197,0
            18.65982,53.97283,0
            18.65974,53.97398,0
            18.65944,53.97602,0
            18.65801,53.98324,0
            18.6579,53.98417,0
            18.65755,53.98641,0
            18.65698,53.98924,0
            18.65667,53.99114,0
            18.65664,53.99121,0
            18.6566,53.99137,0
            18.65647,53.99218,0
            18.65632,53.99419,0
            18.65632,53.99474,0
            18.65633,53.99484,0
            18.65631,53.99541,0
            18.65636,53.99659,0
            18.6566,53.9988,0
            18.65687,54.00024,0
            18.65723,54.00172,0
            18.65742,54.00236,0
            18.65742,54.00239,0
            18.65802,54.00417,0
            18.65845,54.00525,0
            18.65939,54.0073,0
            18.6679,54.02336,0
            18.66932,54.0263,0
            18.66975,54.02735,0
            18.67025,54.02876,0
            18.6706,54.02995,0
            18.67083,54.0309,0
            18.67109,54.03219,0
            18.67134,54.03383,0
            18.67152,54.0365,0
            18.6715,54.03698,0
            18.67162,54.06133,0
            18.67166,54.06213,0
            18.67186,54.06378,0
            18.67195,54.0642,0
            18.6722,54.06505,0
            18.67254,54.06587,0
            18.67288,54.06655,0
            18.67342,54.0674,0
            18.67398,54.06814,0
            18.6744,54.06864,0
            18.67482,54.06908,0
            18.67577,54.06997,0
            18.67634,54.07042,0
            18.67736,54.07115,0
            18.67853,54.07187,0
            18.6801,54.07274,0
            18.68363,54.07453,0
            18.68517,54.0754,0
            18.68649,54.0763,0
            18.68745,54.07707,0
            18.68814,54.07768,0
            18.68877,54.07833,0
            18.68922,54.07886,0
            18.68982,54.07965,0
            18.69031,54.08046,0
            18.69081,54.08149,0
            18.69105,54.08218,0
            18.69125,54.08291,0
            18.69138,54.08367,0
            18.69145,54.08434,0
            18.6925,54.10572,0
            18.69242,54.10745,0
            18.69229,54.10837,0
            18.69203,54.10956,0
            18.69167,54.11072,0
            18.6913,54.11166,0
            18.69097,54.11238,0
            18.69017,54.11384,0
            18.68973,54.11453,0
            18.68795,54.11701,0
            18.68217,54.12422,0
            18.68133,54.12542,0
            18.6799,54.12777,0
            18.67888,54.12974,0
            18.675,54.13802,0
            18.67459,54.13882,0
            18.67386,54.14011,0
            18.67307,54.14132,0
            18.67246,54.14214,0
            18.67163,54.14317,0
            18.67006,54.14487,0
            18.66318,54.15142,0
            18.66166,54.15295,0
            18.66075,54.15397,0
            18.66006,54.15489,0
            18.65935,54.15603,0
            18.65888,54.15692,0
            18.65842,54.15791,0
            18.65332,54.17063,0
            18.6524,54.17276,0
            18.65194,54.17368,0
            18.65148,54.17448,0
            18.65085,54.17541,0
            18.65017,54.17628,0
            18.64915,54.17741,0
            18.64756,54.17884,0
            18.64653,54.17962,0
            18.64408,54.18129,0
            18.63961,54.18415,0
            18.63832,54.18506,0
            18.63695,54.18614,0
            18.63612,54.18685,0
            18.63601,54.18696,0
            18.63547,54.18741,0
            18.63424,54.1887,0
            18.63341,54.18965,0
            18.63042,54.19359,0
            18.62897,54.19523,0
            18.62768,54.19654,0
            18.62419,54.19985,0
            18.62419,54.19986,0
            18.62125,54.20258,0
            18.62124,54.20258,0
            18.61947,54.20425,0
            18.61945,54.20426,0
            18.61775,54.20596,0
            18.61666,54.20725,0
            18.61621,54.20785,0
            18.61618,54.20791,0
            18.61568,54.20867,0
            18.61499,54.20996,0
            18.61454,54.2111,0
            18.61422,54.21218,0
            18.61402,54.21314,0
            18.61375,54.21516,0
            18.61289,54.22334,0
            18.61275,54.22625,0
            18.61272,54.22649,0
            18.6126,54.22698,0
            18.61238,54.22748,0
            18.6112,54.22975,0
            18.6112,54.22976,0
            18.6101,54.23193,0
            18.6095,54.23332,0
            18.60896,54.2349,0
            18.60872,54.23591,0
            18.60859,54.2367,0
            18.60853,54.23725,0
            18.60847,54.23844,0
            18.60852,54.23936,0
            18.60866,54.24084,0
            18.61015,54.25304,0
            18.61075,54.25737,0
            18.61085,54.25833,0
            18.61087,54.25899,0
            18.61083,54.25944,0
            18.6107,54.2601,0
            18.61064,54.2603,0
            18.61064,54.26032,0
            18.61031,54.2612,0
            18.60992,54.26192,0
            18.60946,54.26268,0
            18.60914,54.26309,0
            18.60855,54.26374,0
            18.60816,54.26412,0
            18.60749,54.26467,0
            18.60644,54.26542,0
            18.60548,54.26599,0
            18.60399,54.26674,0
            18.59821,54.26935,0
            18.59739,54.26981,0
            18.5968,54.27022,0
            18.59628,54.27063,0
            18.59589,54.27099,0
            18.59527,54.27167,0
            18.59486,54.27225,0
            18.59444,54.27303,0
            18.59256,54.27838,0
            18.59259,54.27849,0
            18.59242,54.27913,0
            18.5923,54.27974,0
            18.59212,54.28038,0
            18.59153,54.2821,0
            18.59146,54.28218,0
            18.59106,54.28313,0
            18.59107,54.28319,0
            18.5902,54.28501,0
            18.59013,54.28513,0
            18.58998,54.28547,0
            18.58953,54.2863,0
            18.58949,54.28701,0
            18.58947,54.28713,0
            18.58948,54.28736,0
            18.58955,54.28771,0
            18.5897,54.28801,0
            18.59055,54.28891,0
            18.59078,54.28911,0
            18.59106,54.28929,0
            18.59184,54.28964,0
            18.5927,54.28979,0
            18.59346,54.28988,0
            18.59561,54.28991,0
            18.59842,54.28985,0
            18.60226,54.28991,0
            18.6023,54.28992,0
            18.60272,54.28993,0
            18.60679,54.29024,0
            18.61084,54.29079,0
            18.61404,54.29139,0
            18.61618,54.29189,0
            18.62128,54.29331,0
            18.62534,54.29459,0
            18.62766,54.29539,0
            18.62926,54.29602,0
            18.63234,54.2974,0
            18.63379,54.29816,0
            18.63393,54.29816,0
            18.63452,54.29846,0
            18.63474,54.29853,0
            18.63486,54.29855,0
            18.63503,54.29855,0
            18.63522,54.29853,0
            18.63546,54.29845,0
            18.63569,54.2983,0
            18.63576,54.29819,0
            18.63578,54.29814,0
            18.63579,54.29809,0
            18.63579,54.29805,0
            18.63576,54.29793,0
            18.63567,54.29779,0
            18.63558,54.29771,0
            18.63554,54.29769,0
            18.63499,54.29753,0
            18.63362,54.2973,0
            18.6335,54.2973,0
            18.63347,54.29731,0
            18.63343,54.29731,0
            18.6333,54.29736,0
            18.63321,54.29744,0
            18.63198,54.29976,0
            18.6316,54.30058,0
            18.63139,54.30122,0
            18.6306,54.30438,0
            18.63044,54.3049,0
            18.6304,54.30509,0
            18.6304,54.30512,0
            18.63035,54.30533,0
            18.63036,54.30537,0
            18.62997,54.30742,0
            18.62995,54.30823,0
            18.62997,54.30845,0
            18.62999,54.30852,0
            18.63007,54.30945,0
            18.63007,54.3098,0
            18.62993,54.31077,0
            18.62946,54.3127,0
            18.62938,54.31312,0
            18.6293,54.31387,0
            18.62927,54.31511,0
            18.62933,54.31612,0
            18.62927,54.31621,0
            18.62929,54.3165,0
            18.62935,54.31691,0
            18.62944,54.31722,0
            18.63007,54.31893,0
            18.63007,54.31894,0
            18.63017,54.31921,0
            18.63024,54.31947,0
            18.6303,54.31961,0
            18.63038,54.31989,0
            18.63052,54.32075,0
            18.63058,54.32098,0
            18.63066,54.32108,0
            18.63101,54.32232,0
            18.63108,54.32246,0
            18.63151,54.32313,0
            18.63163,54.32328,0
            18.63193,54.32374,0
            18.6326,54.32526,0
            18.63277,54.32559,0
            18.63338,54.327,0
            18.63341,54.32704,0
            18.63402,54.32851,0
            18.63422,54.3291,0
            18.63431,54.32963,0
            18.63427,54.33093,0
            18.6343,54.33127,0
            18.63448,54.33191,0
            18.63459,54.3322,0
            18.63486,54.33266,0
            18.63516,54.3331,0
            18.63528,54.33339,0
            18.63532,54.33356,0
            18.63573,54.33468,0
            18.63588,54.335,0
            18.63601,54.3352,0
            18.63793,54.33771,0
            18.63818,54.33798,0
            18.63849,54.33825,0
            18.63851,54.33826,0
            18.64002,54.33957,0
            18.64027,54.33976,0
            18.64084,54.34027,0
            18.64108,54.34044,0
            18.64244,54.34156,0
            18.64296,54.34204,0
            18.64296,54.34205,0
            18.64318,54.34224,0
            18.64319,54.34224,0
            18.64382,54.3428,0
            18.64438,54.34323,0
            18.6447,54.34352,0
            18.64471,54.34352,0
            18.64496,54.34374,0
            18.64508,54.3439,0
            18.64527,54.34429,0
            18.64531,54.34443,0
            18.64532,54.34444,0
            18.64535,54.34461,0
            18.64547,54.34501,0
            18.6455,54.34528,0
            18.64552,54.34606,0
            18.64549,54.34638,0
            18.64542,54.3466,0
            18.64537,54.34699,0
            18.64539,54.34736,0
            18.64542,54.34754,0
            18.64595,54.34956,0
            18.64609,54.34997,0
            18.64612,54.35003,0
            18.6462,54.35033,0
            18.64644,54.35089,0
            18.64669,54.35162,0
            18.64669,54.35166,0
            18.6467,54.35171,0
            18.6467,54.35177,0
            18.64668,54.35191,0
            18.64665,54.352,0
            18.64663,54.35202,0
          </coordinates>
        </LineString>
      </Placemark>
      <Placemark>
        <name>Camping Il Boschetto di Piemma, Località S. Lucia, San Gimignano, Province of Siena, Italy</name>
        <styleUrl>#icon-1899-DB4436-nodesc</styleUrl>
        <Point>
          <coordinates>
            11.0538251,43.453449,0
          </coordinates>
        </Point>
      </Placemark>
      <Placemark>
        <name>Parma, Province of Parma, Italy</name>
        <styleUrl>#icon-1899-DB4436-nodesc</styleUrl>
        <Point>
          <coordinates>
            10.327992,44.8014762,0
          </coordinates>
        </Point>
      </Placemark>
      <Placemark>
        <name>Wrocław</name>
        <styleUrl>#icon-1899-DB4436-nodesc</styleUrl>
        <Point>
          <coordinates>
            17.0386059,51.1092943,0
          </coordinates>
        </Point>
      </Placemark>
      <Placemark>
        <name>Gdańsk</name>
        <styleUrl>#icon-1899-DB4436-nodesc</styleUrl>
        <Point>
          <coordinates>
            18.6466334,54.3520243,0
          </coordinates>
        </Point>
      </Placemark>
    </Folder>
  </Document>
</kml>
